-- phpMyAdmin SQL Dump
-- version 5.2.1
-- https://www.phpmyadmin.net/
--
-- Host: localhost:3306
-- Generation Time: Feb 13, 2025 at 12:59 AM
-- Server version: 5.7.23-23
-- PHP Version: 8.1.31

SET SQL_MODE = "NO_AUTO_VALUE_ON_ZERO";
START TRANSACTION;
SET time_zone = "+00:00";


/*!40101 SET @OLD_CHARACTER_SET_CLIENT=@@CHARACTER_SET_CLIENT */;
/*!40101 SET @OLD_CHARACTER_SET_RESULTS=@@CHARACTER_SET_RESULTS */;
/*!40101 SET @OLD_COLLATION_CONNECTION=@@COLLATION_CONNECTION */;
/*!40101 SET NAMES utf8mb4 */;

--
-- Database: `zecciunm_simplysample`
--

-- --------------------------------------------------------

--
-- Table structure for table `admin`
--

CREATE TABLE `admin` (
  `admin_id` int(11) NOT NULL,
  `login_name` varchar(20) NOT NULL DEFAULT '',
  `login_id` varchar(20) NOT NULL DEFAULT '',
  `login_password` varchar(60) NOT NULL DEFAULT '',
  `login_role` varchar(20) DEFAULT NULL,
  `login_photo` varchar(200) DEFAULT NULL,
  `status` varchar(100) DEFAULT NULL
) ENGINE=InnoDB DEFAULT CHARSET=latin1;

--
-- Dumping data for table `admin`
--

INSERT INTO `admin` (`admin_id`, `login_name`, `login_id`, `login_password`, `login_role`, `login_photo`, `status`) VALUES
(1, 'Administrator', 'admin', '$2y$10$oQShp7NuNHSZ9FV2f.QZXe9TqVAY2HBFAxaCNlSUoXCNZKy7wtyMe', 'ADMIN', 'default.png', 'Active'),
(2, 'Administrator', 'superadmin', '$2y$10$VZxSraF5hTG7Pok41sQane9qEWYcp5UrmITNVF8XhvMkM8cohxxcK', 'ADMIN', 'default.png', 'Active');

-- --------------------------------------------------------

--
-- Table structure for table `audit_trail`
--

CREATE TABLE `audit_trail` (
  `id` int(11) NOT NULL,
  `timestamp` timestamp NOT NULL DEFAULT CURRENT_TIMESTAMP ON UPDATE CURRENT_TIMESTAMP,
  `entity` varchar(255) COLLATE utf8mb4_unicode_ci NOT NULL,
  `entity_key_id` int(11) NOT NULL,
  `action` varchar(255) COLLATE utf8mb4_unicode_ci NOT NULL,
  `description` text COLLATE utf8mb4_unicode_ci NOT NULL
) ENGINE=InnoDB DEFAULT CHARSET=utf8mb4 COLLATE=utf8mb4_unicode_ci;

--
-- Dumping data for table `audit_trail`
--

INSERT INTO `audit_trail` (`id`, `timestamp`, `entity`, `entity_key_id`, `action`, `description`) VALUES
(1, '2024-12-09 15:39:56', 'Category', 1, 'INSERT', 'category_id: 1, category_name: Testing Category1, is_active: 1, added_on: 2024-12-09 20:45:10');

-- --------------------------------------------------------

--
-- Table structure for table `brands`
--

CREATE TABLE `brands` (
  `brand_id` int(11) NOT NULL,
  `brand_name` varchar(1000) COLLATE utf8mb4_unicode_ci NOT NULL,
  `is_active` enum('0','1') COLLATE utf8mb4_unicode_ci NOT NULL,
  `added_on` datetime NOT NULL DEFAULT CURRENT_TIMESTAMP,
  `edited_on` datetime NOT NULL,
  `status` text COLLATE utf8mb4_unicode_ci NOT NULL
) ENGINE=InnoDB DEFAULT CHARSET=utf8mb4 COLLATE=utf8mb4_unicode_ci;

--
-- Dumping data for table `brands`
--

INSERT INTO `brands` (`brand_id`, `brand_name`, `is_active`, `added_on`, `edited_on`, `status`) VALUES
(1, 'HP', '1', '2025-01-02 12:49:38', '2025-01-16 01:00:00', 'Pending'),
(2, 'DELL', '1', '2025-01-09 13:12:32', '0000-00-00 00:00:00', 'Approved'),
(3, 'ZEBRONICS', '1', '2025-01-09 13:12:32', '0000-00-00 00:00:00', 'OnBoarded'),
(4, 'Logitech', '1', '2025-01-09 13:12:32', '0000-00-00 00:00:00', 'Rejected'),
(5, 'FRONTECH', '1', '2025-01-17 00:36:58', '2025-01-30 12:26:32', 'Rejected'),
(6, 'Galax', '1', '2025-01-17 00:36:58', '0000-00-00 00:00:00', 'pending'),
(7, 'Lenovo', '1', '2025-01-17 00:36:58', '2025-01-29 15:50:22', 'Approved'),
(8, 'Apple', '1', '2025-01-17 00:36:58', '2025-01-30 12:25:53', 'Approved'),
(9, 'SanDisk', '1', '2025-01-17 00:36:58', '2025-01-29 16:03:49', 'Approved'),
(10, 'SAMSUNG', '1', '2025-01-17 00:36:58', '2025-01-29 16:04:05', 'Approved'),
(11, 'ASUS', '1', '2025-01-17 00:36:58', '2025-01-29 16:03:31', 'Rejected'),
(12, 'LG', '1', '2025-01-17 00:36:58', '2025-02-05 16:08:21', 'Rejected'),
(13, 'D-Link', '1', '2025-01-17 00:36:58', '0000-00-00 00:00:00', 'pending'),
(14, 'Canon', '1', '2025-01-17 00:36:58', '0000-00-00 00:00:00', 'pending'),
(15, 'Epson', '1', '2025-01-17 00:36:58', '2025-01-30 12:26:06', 'Rejected'),
(16, 'Xiaomi', '1', '2025-01-17 00:36:58', '2025-01-31 09:27:58', 'Rejected'),
(17, 'OnePlus', '1', '2025-01-17 00:36:58', '2025-01-30 12:35:00', 'Approved'),
(19, 'QwikFoods', '0', '2025-01-22 13:31:22', '0000-00-00 00:00:00', 'Pending'),
(20, 'Nakul', '1', '2025-02-06 22:06:36', '2025-02-06 22:06:21', 'Approved');

-- --------------------------------------------------------

--
-- Table structure for table `brand_address`
--

CREATE TABLE `brand_address` (
  `brand_address_id` int(11) NOT NULL,
  `brand_id` int(11) NOT NULL,
  `address_line_1` varchar(1000) COLLATE utf8mb4_unicode_ci NOT NULL,
  `address_line_2` text COLLATE utf8mb4_unicode_ci NOT NULL,
  `taluka` varchar(255) COLLATE utf8mb4_unicode_ci NOT NULL,
  `city` varchar(255) COLLATE utf8mb4_unicode_ci NOT NULL,
  `state` varchar(255) COLLATE utf8mb4_unicode_ci NOT NULL,
  `pincode` int(6) NOT NULL,
  `is_active` enum('0','1') COLLATE utf8mb4_unicode_ci NOT NULL,
  `added_on` timestamp NOT NULL DEFAULT CURRENT_TIMESTAMP,
  `address_type` enum('registered','delivery') COLLATE utf8mb4_unicode_ci NOT NULL
) ENGINE=InnoDB DEFAULT CHARSET=utf8mb4 COLLATE=utf8mb4_unicode_ci;

--
-- Dumping data for table `brand_address`
--

INSERT INTO `brand_address` (`brand_address_id`, `brand_id`, `address_line_1`, `address_line_2`, `taluka`, `city`, `state`, `pincode`, `is_active`, `added_on`, `address_type`) VALUES
(1, 1, '', 'Palo Alto, California', 'USA', 'USA', 'USA', 94304, '1', '2025-01-16 20:06:23', 'registered'),
(2, 2, '', 'Round Rock, Texas, U.S.', 'Texas', 'Texas', 'Texas', 91202, '1', '2025-01-16 20:09:44', 'registered'),
(3, 3, '', '36 Flowers Road', 'Chennai', 'Chennai', 'Tamil Nadu', 600084, '1', '2025-01-16 20:15:20', 'registered'),
(4, 4, '', 'S-2 Level, Block-E', 'New Delhi', 'New Delhi', 'New Delhi', 110019, '1', '2025-01-16 20:17:33', 'registered'),
(5, 5, '', 'Frontech Pvt Ltd,ECOCENTRE, Unit-801,EM-4, Sector-V,', 'Kolkata ', 'Kolkata ', 'West Bengal', 700091, '1', '2025-01-17 07:31:24', 'registered'),
(6, 6, '', 'Opp. to Metro pillar no : 1727, Beside Bata Showroom, Megha Hills, Madhapur,', 'Hyderabad', 'Hyderabad', 'Telangana', 500081, '1', '2025-01-17 07:38:31', 'registered'),
(7, 7, '', 'Ferns Icon, Level, 2, Outer Ring Rd, Doddanekundi, Mahadevapura', 'Bengaluru', 'Bengaluru', 'Karnataka', 560037, '1', '2025-01-17 07:42:31', 'registered'),
(8, 8, '', '13th Floor, Prestige Minsk Square,', 'Bengaluru', 'Bengaluru', 'Karnataka ', 560001, '1', '2025-01-17 07:45:38', 'registered'),
(10, 9, '', 'No. 143/1, Amani Bellandur Village, Prestige Tech Park, Marathalli-Sarjapur Outer Ring Road', 'Kadubeesnahalli', 'Bengaluru ', 'Karnataka ', 560103, '1', '2025-01-17 07:48:31', 'registered'),
(11, 10, '', '0th to 24th Floor, Two Horizon Centre, Golf Course Road, Sector-43', 'Delhi', 'Gurgaon', 'Haryana', 122202, '1', '2025-01-17 07:51:58', 'registered'),
(12, 11, '', '402,Supreme Chambers,17/18,Shah Industrial Estate, Veera Desai Road', 'Andheri(West)', 'Mumbai', 'Maharashtra', 400053, '1', '2025-01-17 07:53:54', 'registered'),
(13, 12, '', 'C001,KP tower, Sector 16B', 'Noida', 'Noida', 'Uttar Pradesh', 201301, '1', '2025-01-17 07:56:14', 'registered'),
(14, 13, '', '2nd Floor, Unit No. 24, Kalpataru Square, Kondivita Lane, Andheri Kurla Road', 'Andheri', 'Mumbai', 'Maharashtra', 400059, '1', '2025-01-17 07:58:46', 'registered'),
(15, 14, '', 'Canon India Pvt. Ltd., 6th floor, Embassy One Pinnacle', 'Ganganagar', 'Bengaluru ', 'Karnataka ', 560032, '1', '2025-01-17 08:01:40', 'registered'),
(16, 15, '', '2nd floor, No 112, Vairam complex, Sir Thyagaraya Rd, T. Nagar', 'Chennai', 'Chennai', 'Tamil Nadu', 600017, '1', '2025-01-17 08:04:10', 'registered'),
(17, 16, '', 'Block E, Embassy Tech Village Marathahalli Outer Ring Road', 'Devarabisanahalli', 'Bengaluru ', 'Karnataka ', 560103, '1', '2025-01-17 08:06:07', 'registered'),
(19, 17, '', 'UB City, 24, Vittal Mallya Road, D\'Souza Layout, Ashok Nagar', 'Bengaluru', 'Bengaluru', 'Karnataka', 560001, '1', '2025-01-17 08:08:03', 'registered');

-- --------------------------------------------------------

--
-- Table structure for table `brand_documents`
--

CREATE TABLE `brand_documents` (
  `brand_doc_id` int(11) NOT NULL,
  `brand_id` int(11) NOT NULL,
  `document_title` varchar(1000) COLLATE utf8mb4_unicode_ci NOT NULL,
  `file_title` text COLLATE utf8mb4_unicode_ci NOT NULL,
  `added_on` timestamp NOT NULL DEFAULT CURRENT_TIMESTAMP,
  `is_active` enum('0','1') COLLATE utf8mb4_unicode_ci NOT NULL DEFAULT '1'
) ENGINE=InnoDB DEFAULT CHARSET=utf8mb4 COLLATE=utf8mb4_unicode_ci;

--
-- Dumping data for table `brand_documents`
--

INSERT INTO `brand_documents` (`brand_doc_id`, `brand_id`, `document_title`, `file_title`, `added_on`, `is_active`) VALUES
(1, 1, 'Registration Certificate', 'test_file_1.pdf', '2025-01-17 08:10:50', '1'),
(2, 2, 'Registration Certificate', 'test_file_2.pdf', '2025-01-17 08:10:50', '1'),
(3, 3, 'Registration Certificate', 'test_file_3.pdf', '2025-01-17 08:10:50', '1'),
(4, 4, 'Registration Certificate', 'test_file_4.pdf', '2025-01-17 08:10:50', '1'),
(5, 5, 'Registration Certificate', 'test_file_5.pdf', '2025-01-17 08:10:50', '1'),
(6, 6, 'Registration Certificate', 'test_file_6.pdf', '2025-01-17 08:10:50', '1'),
(7, 7, 'Registration Certificate', 'test_file_7.pdf', '2025-01-17 08:10:50', '1'),
(8, 8, 'Registration Certificate', 'test_file_8.pdf', '2025-01-17 08:10:50', '1'),
(9, 9, 'Registration Certificate', 'test_file_9.pdf', '2025-01-17 08:10:50', '1'),
(10, 10, 'Registration Certificate', 'test_file_10.pdf', '2025-01-17 08:10:50', '1'),
(11, 11, 'Registration Certificate', 'test_file_11.pdf', '2025-01-17 08:10:50', '1'),
(12, 12, 'Registration Certificate', 'test_file_12.pdf', '2025-01-17 08:10:50', '1'),
(13, 13, 'Registration Certificate', 'test_file_13.pdf', '2025-01-17 08:10:50', '1'),
(14, 14, 'Registration Certificate', 'test_file_14.pdf', '2025-01-17 08:10:50', '1'),
(15, 15, 'Registration Certificate', 'test_file_15.pdf', '2025-01-17 08:10:50', '1'),
(16, 16, 'Registration Certificate', 'test_file_16.pdf', '2025-01-17 08:10:50', '1'),
(17, 17, 'Registration Certificate', 'test_file_17.pdf', '2025-01-17 08:10:50', '1');

-- --------------------------------------------------------

--
-- Table structure for table `brand_info`
--

CREATE TABLE `brand_info` (
  `brand_info_id` int(11) NOT NULL,
  `brand_id` int(11) NOT NULL,
  `first_name` varchar(255) COLLATE utf8mb4_unicode_ci NOT NULL,
  `last_name` varchar(255) COLLATE utf8mb4_unicode_ci NOT NULL,
  `contact_number` bigint(20) NOT NULL,
  `email` varchar(255) COLLATE utf8mb4_unicode_ci NOT NULL,
  `registration_year` year(4) NOT NULL,
  `gst_number` varchar(15) COLLATE utf8mb4_unicode_ci NOT NULL,
  `brand_logo` text COLLATE utf8mb4_unicode_ci NOT NULL,
  `food_licence_number` varchar(255) COLLATE utf8mb4_unicode_ci NOT NULL,
  `sample_size` varchar(45) COLLATE utf8mb4_unicode_ci DEFAULT NULL,
  `additional_comments` text COLLATE utf8mb4_unicode_ci,
  `requested_categories` text COLLATE utf8mb4_unicode_ci NOT NULL,
  `is_active` enum('1','0') COLLATE utf8mb4_unicode_ci DEFAULT NULL
) ENGINE=InnoDB DEFAULT CHARSET=utf8mb4 COLLATE=utf8mb4_unicode_ci;

--
-- Dumping data for table `brand_info`
--

INSERT INTO `brand_info` (`brand_info_id`, `brand_id`, `first_name`, `last_name`, `contact_number`, `email`, `registration_year`, `gst_number`, `brand_logo`, `food_licence_number`, `sample_size`, `additional_comments`, `requested_categories`, `is_active`) VALUES
(1, 1, 'Hewlett', 'Packard', 1800120100, 'admin@hp.com', '1978', '', 'hp.png', '', NULL, NULL, '', '1'),
(2, 2, 'Michael', 'Dell', 1800120200, 'admin@dell.com', '1920', '', 'dell.png', '', NULL, NULL, '', '1'),
(3, 3, 'Rajesh', 'Doshi', 1800120300, 'admin@zebronics.com', '2000', '', 'zebronics.png', '', NULL, NULL, '', '1'),
(4, 4, 'Logitech', 'Electronics', 911147306622, 'admin@logitech.com', '1982', '', 'logitech.png', '', NULL, NULL, '', '1'),
(5, 5, 'Love', 'Jain', 1800345500, 'admin@frontech.com', '1997', '', 'frontech.png', '', NULL, NULL, '', '1'),
(6, 7, 'Yang', 'Yuanqing', 18004199733, 'admin@lenovo.com', '1984', '', 'lenovo.avif', '', NULL, NULL, '', '1'),
(7, 8, 'Tim', 'Cook', 18002120129, 'admin@apple.com', '1976', '', 'apple.png', '', NULL, NULL, '', '1'),
(8, 9, 'Sanjay', 'Mehrotra', 465487984621, 'admin@sandisk.com', '1988', '', 'sandisk.png', '', NULL, NULL, '', '1'),
(9, 10, 'Lee ', 'Kun-hee', 18005698932, 'admin@samsung.com', '1938', '', 'samsung.png', '', NULL, NULL, '', '1'),
(10, 11, 'Ted', 'Hsu', 18023563541, 'admin@asus.com', '1989', '', 'asus.png', '', NULL, NULL, '', '1'),
(11, 12, 'Koo Bon', 'Moo', 1800235678, 'admin@lg.com', '1947', '', 'lg.png', '', NULL, NULL, '', '1'),
(12, 13, 'Kamlaksha', 'Rama Naik', 1800213546, 'admin@dlink.com', '1986', '', 'dlink.png', '', NULL, NULL, '', '1'),
(13, 14, 'Fujio', 'Mitarai', 1822021356, 'admin@canon.com', '1937', '', 'canon.png', '', NULL, NULL, '', '1'),
(14, 15, 'Seiko', 'Family', 18001256752, 'admin@epson.com', '1942', '', 'epson.png', '', NULL, NULL, '', '1'),
(15, 16, 'Lei', 'Jun', 18001465486, 'admin@xiaomi.com', '2010', '', 'xiaomi.png', '', NULL, NULL, '', '1'),
(16, 17, 'Pete', 'Lau', 18001235465, 'admin@oneplus.com', '2013', '', 'oneplus.png', '', NULL, NULL, '', '1'),
(17, 19, 'Niranjan', 'Chaudhari', 7387414778, 'niranjan@sequentia.co.in', '0000', '', '', '', '100gm', '', '2,5,7,8', '1'),
(18, 20, 'sonya', 'patil', 8669082115, 'sonya@gmail.com', '0000', '', 'https://www.google.com/imgres?q=haldiram&imgurl=https%3A%2F%2Fupload.wikimedia.org%2Fwikipedia%2Fen%2Fthumb%2F9%2F91%2FHaldiram%2527s_2024_Logo.svg%2F800px-Haldiram%2527s_2024_Logo.svg.png&imgrefurl=https%3A%2F%2Fen.wikipedia.org%2Fwiki%2FHaldiram%2527s&docid=L-FxK51bo-theM&tbnid=maKs-RQr88HTsM&vet=12ahUKEwjhgaXGvq-LAxUTyzgGHUBPLGkQM3oECGQQAA..i&w=800&h=457&hcb=2&ved=2ahUKEwjhgaXGvq-LAxUTyzgGHUBPLGkQM3oECGQQAA', '', NULL, NULL, '', NULL),
(19, 20, 'sonya', 'patil', 8669082115, 'sonya@gmail.com', '0000', '', 'https://www.google.com/imgres?q=haldiram&imgurl=https%3A%2F%2Fupload.wikimedia.org%2Fwikipedia%2Fen%2Fthumb%2F9%2F91%2FHaldiram%2527s_2024_Logo.svg%2F800px-Haldiram%2527s_2024_Logo.svg.png&imgrefurl=https%3A%2F%2Fen.wikipedia.org%2Fwiki%2FHaldiram%2527s&docid=L-FxK51bo-theM&tbnid=maKs-RQr88HTsM&vet=12ahUKEwjhgaXGvq-LAxUTyzgGHUBPLGkQM3oECGQQAA..i&w=800&h=457&hcb=2&ved=2ahUKEwjhgaXGvq-LAxUTyzgGHUBPLGkQM3oECGQQAA', '', NULL, NULL, '', NULL);

-- --------------------------------------------------------

--
-- Table structure for table `brand_vs_category`
--

CREATE TABLE `brand_vs_category` (
  `brand_category_id` int(11) NOT NULL,
  `brand_id` int(11) NOT NULL,
  `category_id` int(11) NOT NULL,
  `added_on` timestamp NOT NULL DEFAULT CURRENT_TIMESTAMP,
  `is_active` enum('0','1') COLLATE utf8mb4_unicode_ci NOT NULL DEFAULT '1'
) ENGINE=InnoDB DEFAULT CHARSET=utf8mb4 COLLATE=utf8mb4_unicode_ci;

--
-- Dumping data for table `brand_vs_category`
--

INSERT INTO `brand_vs_category` (`brand_category_id`, `brand_id`, `category_id`, `added_on`, `is_active`) VALUES
(1, 1, 2, '2025-01-16 19:48:25', '0'),
(2, 2, 2, '2025-01-16 19:48:25', '1'),
(3, 3, 2, '2025-01-16 19:48:25', '1'),
(4, 4, 2, '2025-01-16 19:48:25', '1'),
(5, 5, 2, '2025-01-16 19:48:25', '1'),
(6, 6, 2, '2025-01-16 19:48:26', '1'),
(7, 7, 2, '2025-01-16 19:48:26', '1'),
(8, 8, 2, '2025-01-16 19:48:26', '1'),
(9, 9, 2, '2025-01-16 19:48:26', '1'),
(10, 10, 2, '2025-01-16 19:48:26', '1'),
(11, 11, 2, '2025-01-16 19:48:26', '1'),
(12, 12, 2, '2025-01-16 19:48:26', '1'),
(13, 13, 2, '2025-01-16 19:48:26', '1'),
(14, 14, 2, '2025-01-16 19:48:26', '1'),
(15, 15, 2, '2025-01-16 19:48:26', '1'),
(16, 16, 2, '2025-01-16 19:48:26', '1'),
(17, 17, 2, '2025-01-16 19:48:26', '1'),
(18, 8, 1, '2025-01-16 19:48:26', '1'),
(19, 8, 4, '2025-01-16 19:48:26', '1'),
(20, 8, 8, '2025-01-16 19:48:26', '1'),
(21, 11, 4, '2025-01-16 19:48:26', '1'),
(22, 14, 6, '2025-01-16 19:48:26', '1'),
(23, 2, 4, '2025-01-16 19:48:26', '1'),
(24, 2, 7, '2025-01-16 19:48:26', '1'),
(25, 13, 8, '2025-01-16 19:48:26', '1'),
(26, 1, 4, '2025-01-16 19:48:26', '0'),
(27, 1, 7, '2025-01-16 19:48:26', '0'),
(28, 7, 4, '2025-01-16 19:48:26', '1'),
(29, 7, 7, '2025-01-16 19:48:26', '1'),
(30, 7, 8, '2025-01-16 19:48:26', '1'),
(31, 12, 3, '2025-01-16 19:48:26', '1'),
(32, 12, 7, '2025-01-16 19:48:26', '1'),
(33, 4, 7, '2025-01-16 19:48:26', '1'),
(34, 17, 1, '2025-01-16 19:48:26', '1'),
(35, 10, 1, '2025-01-16 19:48:26', '1'),
(36, 10, 3, '2025-01-16 19:48:26', '1'),
(37, 10, 4, '2025-01-16 19:48:26', '1'),
(38, 10, 8, '2025-01-16 19:48:26', '1'),
(39, 16, 1, '2025-01-16 19:48:26', '1'),
(40, 16, 3, '2025-01-16 19:48:26', '1'),
(41, 3, 5, '2025-01-16 19:48:26', '1'),
(42, 3, 7, '2025-01-16 19:48:26', '1'),
(43, 3, 8, '2025-01-16 19:48:26', '1');

-- --------------------------------------------------------

--
-- Table structure for table `business`
--

CREATE TABLE `business` (
  `business_id` int(11) NOT NULL,
  `business_name` varchar(1000) COLLATE utf8mb4_unicode_ci NOT NULL,
  `is_active` enum('0','1') COLLATE utf8mb4_unicode_ci NOT NULL,
  `added_on` timestamp NOT NULL DEFAULT CURRENT_TIMESTAMP
) ENGINE=InnoDB DEFAULT CHARSET=utf8mb4 COLLATE=utf8mb4_unicode_ci;

--
-- Dumping data for table `business`
--

INSERT INTO `business` (`business_id`, `business_name`, `is_active`, `added_on`) VALUES
(1, 'Hewlett Packard Enterprise (HPE)', '1', '2025-01-24 18:24:41'),
(2, 'Dell Technologies Inc.', '1', '2025-01-24 18:24:41'),
(3, 'Zebronics India Private Limited', '1', '2025-01-24 18:24:41'),
(4, 'Logitech International S.A', '1', '2025-01-24 18:24:41'),
(5, 'Frontech Computers India Private Limited', '1', '2025-01-24 18:24:41'),
(6, 'Lenovo Group Limited', '1', '2025-01-24 18:24:41'),
(7, 'Apple Inc', '1', '2025-01-24 18:24:41'),
(8, 'Western Digital Corporation', '1', '2025-01-24 18:24:41'),
(9, 'Samsung Electronics Co., Ltd. (SEC', '1', '2025-01-24 18:24:41'),
(10, 'ASUSTeK Computer Inc', '1', '2025-01-24 18:24:41'),
(11, 'LG Electronics', '1', '2025-01-24 18:24:41'),
(12, 'D-Link Corporation', '1', '2025-01-24 18:24:41'),
(13, 'Canon Inc', '1', '2025-01-24 18:24:41'),
(14, 'Seiko Epson Corporation', '1', '2025-01-24 18:24:41'),
(15, 'Xiaomi Technology India Private Limited', '1', '2025-01-24 18:24:41'),
(16, 'OnePlus Technology (Shenzhen) Co., Ltd', '1', '2025-01-24 18:24:41'),
(17, '', '1', '2025-01-24 18:24:41');

-- --------------------------------------------------------

--
-- Table structure for table `business_vs_brand`
--

CREATE TABLE `business_vs_brand` (
  `business_brand_id` int(11) NOT NULL,
  `business_id` int(11) NOT NULL,
  `brand_id` int(11) NOT NULL,
  `added_on` timestamp NOT NULL DEFAULT CURRENT_TIMESTAMP,
  `is_active` int(11) NOT NULL DEFAULT '1'
) ENGINE=InnoDB DEFAULT CHARSET=utf8mb4 COLLATE=utf8mb4_unicode_ci;

--
-- Dumping data for table `business_vs_brand`
--

INSERT INTO `business_vs_brand` (`business_brand_id`, `business_id`, `brand_id`, `added_on`, `is_active`) VALUES
(1, 1, 1, '2025-01-24 18:26:06', 1),
(2, 2, 2, '2025-01-24 18:26:06', 1),
(3, 3, 3, '2025-01-24 18:26:06', 1),
(4, 4, 4, '2025-01-24 18:26:06', 1),
(5, 5, 5, '2025-01-24 18:26:06', 1),
(6, 6, 6, '2025-01-24 18:26:06', 1),
(7, 7, 7, '2025-01-24 18:26:06', 1),
(8, 8, 8, '2025-01-24 18:26:06', 1),
(9, 9, 9, '2025-01-24 18:26:06', 1),
(10, 10, 10, '2025-01-24 18:26:06', 1),
(11, 11, 11, '2025-01-24 18:26:06', 1),
(12, 12, 12, '2025-01-24 18:26:06', 1),
(13, 13, 13, '2025-01-24 18:26:06', 1),
(14, 14, 14, '2025-01-24 18:26:06', 1),
(15, 15, 15, '2025-01-24 18:26:06', 1),
(16, 16, 16, '2025-01-24 18:26:06', 1),
(17, 17, 17, '2025-01-24 18:26:06', 1);

-- --------------------------------------------------------

--
-- Table structure for table `category`
--

CREATE TABLE `category` (
  `category_id` int(11) NOT NULL,
  `category_name` varchar(255) COLLATE utf8mb4_unicode_ci NOT NULL,
  `category_image` blob NOT NULL,
  `is_active` enum('0','1') COLLATE utf8mb4_unicode_ci NOT NULL,
  `added_on` datetime NOT NULL DEFAULT CURRENT_TIMESTAMP
) ENGINE=InnoDB DEFAULT CHARSET=utf8mb4 COLLATE=utf8mb4_unicode_ci;

--
-- Dumping data for table `category`
--

INSERT INTO `category` (`category_id`, `category_name`, `category_image`, `is_active`, `added_on`) VALUES
(1, 'Mobiles & Accessories', '', '1', '2025-01-16 13:44:05'),
(2, 'Computer Accessories', 0x646174613a696d6167652f706e673b6261736536342c6956424f5277304b47676f414141414e5355684555674141425555414141482f434149414141442f6e6975624141414141584e535230494172733463365141414141526e51553142414143786a777638595155414141414a6345685a63774141456e514141424a304164356d4833674141417759535552425648686537646442435141774441437843656d7a2f703356773351634247496937325942414143414670384841414341487038484141434148703848414143414870384841414341487038484141434148703848414143414870384841414341487038484141434148703848414143414870384841414341487038484141434148703848414143414870384841414341487038484141434148703848414143414870384841414341487038484141434148703848414143414870384841414341487038484141434148703848414143414870384841414341487038484141434148703848414143414870384841414341487038484141434148703848414143414870384841414341487038484141434148703848414143414870384841414341487038484141434148703848414143414870384841414341487038484141434148703848414143414870384841414341487038484141434148703848414143414870384841414341487038484141434148703848414143414870384841414341487038484141434148703848414143414870384841414341487038484141434148703848414143414870384841414341487038484141434148703848414143414870384841414341487038484141434148703848414143414870384841414341487038484141434148703848414143414870384841414341487038484141434148703848414143414870384841414341487038484141434148703848414143414870384841414341487038484141434148703848414143414870384841414341487038484141434148703848414143414870384841414341487038484141434148703848414143414870384841414341487038484141434148703848414143414870384841414341487038484141434148703848414143414870384841414341487038484141434148703848414143414870384841414341487038484141434148703848414143414870384841414341487038484141434148703848414143414870384841414341487038484141434148703848414143414870384841414341487038484141434148703848414143414870384841414341487038484141434148703848414143414870384841414341487038484141434148703848414143414870384841414341487038484141434148703848414143414870384841414341487038484141434148703848414143414870384841414341487038484141434148703848414143414870384841414341487038484141434148703848414143414870384841414341487038484141434148703848414143414870384841414341487038484141434148703848414143414870384841414341487038484141434148703848414143414870384841414341487038484141434148703848414143414870384841414341487038484141434148703848414143414870384841414341487038484141434148703848414143414870384841414341487038484141434148703848414143414870384841414341487038484141434148703848414143414870384841414341487038484141434148703848414143414870384841414341487038484141434148703848414143414870384841414341487038484141434148703848414143414870384841414341487038484141434148703848414143414870384841414341487038484141434148703848414143414870384841414341487038484141434148703848414143414870384841414341487038484141434148703848414143414870384841414341487038484141434148703848414143414870384841414341487038484141434148703848414143414870384841414341487038484141434148703848414143414870384841414341487038484141434148703848414143414870384841414341487038484141434148703848414143414870384841414341487038484141434148703848414143414870384841414341487038484141434148703848414143414870384841414341487038484141434148703848414143414870384841414341487038484141434148703848414143414870384841414341487038484141434148703848414143414870384841414341487038484141434148703848414143414870384841414341487038484141434148703848414143414870384841414341487038484141434148703848414143414870384841414341487038484141434148703848414143414870384841414341487038484141434148703848414143414870384841414341487038484141434148703848414143414870384841414341487038484141434148703848414143414870384841414341487038484141434148703848414143414870384841414341487038484141434148703848414143414870384841414341487038484141434148703848414143414870384841414341487038484141434148703848414143414870384841414341487038484141434148703848414143414870384841414341487038484141434148703848414143414870384841414341487038484141434148703848414143414870384841414341487038484141434148703848414143414870384841414341487038484141434148703848414143414870384841414341487038484141434148703848414143414870384841414341487038484141434148703848414143414870384841414341487038484141434148703848414143414870384841414341487038484141434148703848414143414870384841414341487038484141434148703848414143414870384841414341487038484141434148703848414143414870384841414341487038484141434148703848414143414870384841414341487038484141434148703848414143414870384841414341487038484141434148703848414143414870384841414341487038484141434148703848414143414870384841414341487038484141434148703848414143414870384841414341487038484141434148703848414143414870384841414341487038484141434148703848414143414870384841414341487038484141434148703848414143414870384841414341487038484141434148703848414143414870384841414341487038484141434148703848414143414870384841414341487038484141434148703848414143414870384841414341487038484141434148703848414143414870384841414341487038484141434148703848414143414870384841414341487038484141434148703848414143414870384841414341487038484141434148703848414143414870384841414341487038484141434148703848414143414870384841414341487038484141434148703848414143414870384841414341487038484141434148703848414143414870384841414341487038484141434148703848414143414870384841414341487038484141434148703848414143414870384841414341487038484141434148703848414143414870384841414341487038484141434148703848414143414870384841414341487038484141434148703848414143414870384841414341487038484141434148703848414143414870384841414341487038484141434148703848414143414870384841414341487038484141434148703848414143414870384841414341487038484141434148703848414143414870384841414341487038484141434148703848414143414870384841414341487038484141434148703848414143414870384841414341487038484141434148703848414143414870384841414341487038484141434148703848414143414870384841414341487038484141434148703848414143414870384841414341487038484141434148703848414143414870384841414341487038484141434148703848414143414870384841414341487038484141434148703848414143414870384841414341487038484141434148703848414143414870384841414341487038484141434148703848414143414870384841414341487038484141434148703848414143414870384841414341487038484141434148703848414143414870384841414341487038484141434148703848414143414870384841414341487038484141434148703848414143414870384841414341487038484141434148703848414143414870384841414341487038484141434148703848414143414870384841414341487038484141434148703848414143414870384841414341487038484141434148703848414143414870384841414341487038484141434148703848414143414870384841414341487038484141434148703848414143414870384841414341487038484141434148703848414143414870384841414341487038484141434148703848414143414870384841414341487038484141434148703848414143414870384841414341487038484141434148703848414143414870384841414341487038484141434148703848414143414870384841414341487038484141434148703848414143414870384841414341487038484141434148703848414143414870384841414341487038484141434148703848414143414870384841414341487038484141434148703848414143414870384841414341487038484141434148703848414143414870384841414341487038484141434148703848414143414870384841414341487038484141434148703848414143414870384841414341487038484141434148703848414143414870384841414341487038484141434148703848414143414870384841414341487038484141434148703848414143414870384841414341487038484141434148703848414143414870384841414341487038484141434148703848414143414870384841414341487038484141434148703848414143414870384841414341487038484141434148703848414143414870384841414341487038484141434148703848414143414870384841414341487038484141434148703848414143414870384841414341487038484141434148703848414143414870384841414341487038484141434148703848414143414870384841414341487038484141434148703848414143414870384841414341487038484141434148703848414143414870384841414341487038484141434148703848414143414870384841414341487038484141434148703848414143414870384841414341487038484141434148703848414143414870384841414341487038484141434148703848414143414870384841414341487038484141434148703848414143414870384841414341487038484141434148703848414143414870384841414341487038484141434148703848414143414870384841414341487038484141434148703848414143414870384841414341487038484141434148703848414143414870384841414341487038484141434148703848414143414870384841414341487038484141434148703848414143414870384841414341487038484141434148703848414143414870384841414341487038484141434148703848414143414870384841414341487038484141434148703848414143416d746b504d416e4a596e2f326a663041414141415355564f524b35435949493d, '1', '2025-01-16 13:44:05'),
(3, 'TV & Home Entertainment', 0x646174613a696d6167652f6a7065673b6261736536342c2f396a2f34414151536b5a4a5267414241514141415141424141442f3277434541416b474277674842676b494277674b43676b4c445259504451774d445273554652415749423069496941644878386b4b4451734a4359784a7838664c5430744d5455334f6a6f364979732f52443834517a51354f6a634243676f4b4451774e47673850476a636c487955334e7a63334e7a63334e7a63334e7a63334e7a63334e7a63334e7a63334e7a63334e7a63334e7a63334e7a63334e7a63334e7a63334e7a63334e7a63334e7a63334e2f2f4141424549414a514131414d4249674143455145444551482f784141624141414341774542415141414141414141414141414141454251494442674142422f2f4541446b5141414942417749454177594542515542415145414141454341774145455249684254464255524d6959525179635947526f554a5373664147493848523452557a596e4c78676b4d6b2f38514147674541417745424151454141414141414141414141414141674d454151414642762f454143635241414d4141514d464141494341774541414141414141414241674d524954454545684e4255525179496b4a53635945462f396f4144414d424141495241784541507742644a63724b516f55426551436a6646634c434e395443637232794d31594c474258415878474237484e456d3277464354754d48385135556876742f557330372f33334673316a4c4770596c574864642f2f41436f523458796c5678324e4e6f374e64524c58455a5054493936695553484f6962515163344a3655583547693333422f47577571324d2f34544d434651353743765542417756794b665077367955722f5063736565673756347642564d4f754b667a6173414e79507a7248316336626d72704733716e754a66435676647974574c4751763877622b744d5a7241774b44496b6b6368504d726c635679574e7977556c64616b5a425466616a585553317271412b6e705067566942337946306b64717061316b446537576a68696874314a6b67526d48357134797750456e2f3832442f784e4c72714d69664777794f6d78666478525a32596c516a79715166785665746a685342766a63555959692f6d57503548705639713752652f475748596a6c515049363347396b79744e424a63324d6948476e4761476b6a306b4c6a6574544d6b467976387773706f64725245494a514d4f6872504e53325a71785339307a4e2b79367438477065796b485947744f747641514f5150577259374b427339614239533136484c424c526b2f5a5749794b3732566b334e61763242464270664c616562424731617570544d2f48304d354c4867314144545432343462675a306e46415061454537552f486e544a386e54734347443071776e795943565a3442553871346a46557a6b52486b77746367307937436848556b3446484f4e52394b72613259376974376746414d494d44633154497544696d48677346716953444f35724e5175317041474b3669665a68337271335548744e584845334d734e755647784e703035566339774b456a4c676a65696f356d794d67456a30706434324c7839516b4852724734414d616b376e5963366b4c42447559774231774b726875436f32554434436a494c786c36443535715373562b6a3049366d48797972324e57324849663841484e526668374c6777534b4736676b6a4e4d6b753162486972384d555847384a59485050626e7971656c6b586f706d3862577a454d695861444568476e36304f786b522f64556a70304972554f747249417367494652617944442b524a7258386a626a3655727571567649784f61345a6c6e494c487849574f32322b63316350446446437871704732514f5650785a6f70784c62655964564f416148657774383458557663346f31314b346142385074414d586942666556766c5548556c764d4e766a7970674f4742426b5a4936456461684a624f6d43724c6a73614b63734e6d4f62533046726c4d6c513332714c376242686755774d6359627a5235505959716962682f694d576a6b417a305a534b6373732b785478763041714157333348624e467779684732556b59355630584470516469707a3263555844772b51594a4b2f3841796436433768687971524878315a637168414855304c4b385a79324e2b314d4774334459783565757171704c534e2b54444e543930706c45743641456252453462596d764a4c425475755070557062526b624f4b674a4a4662424272477663734e56394b4873505437554a63384f4f4d686162423231643673777a6f5356706b585342755a614d3462494b636b416756594945303478696d6a514b6574447645464e57786d31494c7737366939345678514e796b61354f72355970704f6f4334337058634a7a337073304a754e4149383638715a5865756f39514e44554c486d726b6a7163615a6f6859765375387042345756704856364b525530697135455061736552477245306552305448555654754b765242384b57326d4f6e75524e457a7656385373446b4569716c536949785371487932584a49344744687653704d6b456f416b6a4b2b6f327278616b4e366d76484c4b6f795552466b712b35754f2b633143537a3164426e364769554f6b31654347473471573850786a316d596a7562526c5559556a3556536b4c6c5270592f38415870576a596474366a346148636f416534465a4e58415474554b5674664b4e397a7a32727837523141436e4a70754938666932726945354130586b6673482f51734544594774666d44555a4c4973437733464e684572446c6d765669564f53317a797a374231666f514e5a4537597a564d6e4438383172536b44387455534148384970627977754269756a4f437747643968567a634f51525a4455325a422b51564571656969755856536a577159696d73504a7a705a635738696e415774564a4337644152517a326a452b35585431694337477a4a79573773704462554450772f4735424e624757786c4f796a416f4f626863702f446d6d4c7256716338435a6a2f592f516657757252747769544a38702b6c655533387866526634794b6f74483457496f754a744a39374e4b34377545485a717657396a7a7a71796b784369527373774834616b4c6b666b593074572b6a50357672566e746963736e48624e4c656f5378794e6f354e66544658675a36306e6976457a742b744670654c38506a514f715158686b5a496e7256794164545145643070354548353054484e47662f6155386c4937776f4c556f7457695652796f564a5963376b664b714a654d3850674a557358596445332b394b724a51666953475a6c5034567a5842704735436b556e38534b54693369432b726231577647574c616d6c3336484e4b71714355476b7a4e332b6c6567535a3331476837506a6b556944784579667a4b64715952333173777957432f476c3670677675586f676b5a626d4361496a7477656c535737746a796c543630524850456477516667614b596e32784e56587739697438644b6e374c3643725970314e5861783656666a773462584a4e56306d4150612b6c556d30394b5979536f7535594367354f49514a6e4c67343756506c77345a66496358666f6f396a394b39396958734b72504737514f51575965754b497437793375564a686c52386338476c7248686644474f73694b2f596b3743754e6c4832464546785553346f2f486a5269757759326b59717472614c734452544d4b72596a4643346e304d5655434732687a37707271764a4665305059672b356e77414d41636b2f57724263494e7330754c45387961387a58306659656235527574326f366e3631594c314f784e4a7645785865506967654d4e5a683337652f4a46412b4e636232583855724435306c3970666b4e6833726778503469633074343047736c44744f494f6d367a4e387a562f77447230366243516d6b4171516445393430756f6e3247726f6476786d376e476c7058306e31327143584d6e357154693641506b47617653347a2b45696b4f5a484b6d4f456e5938334a2b64465253696b717a6e6f507256715474316646497449644e4769696e6466644a4877326f714f36516273353166577335444954314e475250696f375347716a5252332f514b506a525546342b643349394d316e6f706355556c7a673150554270706d7068767971354c476945346f366a6151316c3175526a332f6c556a65486f615632503059346c2b682f4e78466a7a4f61436d766458765a705a375378356b66536f744e74754238713554394e325841544a644964736b56535a6943476a6b4f6f636944676968535a4a442f744d4233794b6e48627572617452783278544f364a354f653462447837694675522f4e3856522b46365a7766785a41774874437645337731442b395a75575052494d7a632f774b6f4a2f7656452f676f78506c7744754d366a6e346230617a54364138615a7559654f32633279546f5438663647724478617a4a4b2b315136687a426343766c5045727942523462744a6a4f346a58422b744c506262615674436c314766644132507871695a756c714131435072736e3853634c5279725873575232796138723476633331715a6d794c6b34322f774277663272715a344c4237344a6d32684f573862375679574a6c556548496f4f636562345651494c2b464934674e59507659506c4a39506f5455593462683446382b6b367570787433717464526d58397a7a6634506d536263506e566970415967343271507373692b3947772b5647573931374d374d5a4e5a513479647965582b66745277346a4f43475646324851626b4539766c585072733038725531526a6673517579526e7a357a327153334362676f3378725333576870774c697a563432393177752f4c7255473446615849456b45367147413868473943763841305a66377251597350777a526c6c6474695142586a354a797a5a4e614f542b465a31414d557352774f7564366f6d2f686d386a476f474e7652547a726c3132437637472b4b6b4a55557363436955495441393575314d6f663465766e58506868426a4f574e457766777a65484a50683673485974797064395668393047707357525a4a7a697230786e66663070702f6f5530626150456a443666643350543462564c2f51727649486867626339573261532b70786652696d674b4e73555845575964714c7475425843736459584248505674544f4468576e4b767048784e545a4f70782b6d4d6d583746533542414a337135556c626b6d46376b553050446e4277486755343534337151346569377450492f706e6c5537366d52793246796f36376c47502f77416d7241584735556744664c44616d635674434a436f676b596a486d4a42465461434d445849716b394e545a492b517054366c47366f587842704d4e714f4430786a39614c69746a7a49596a73462f716156337647765a6e384d524b755430774748716146672f6943525764692f694b7778674769635a625771423735527042466f7957415834484e44584677735a302b464978787468615879386649476b5238746a6e745534654d493431615569352b63383655734f52623067664e5030467662753953552b4262425979766d386e336f4b65383470503546686441324d5070327a544563596a6b79785a6342734b574f37663472782b4d735a53375352704146776f555a7a2b2f3656545063763641764a503051796344346a63414e4963794d66784837563476384e754642646c4c367345356f6e695846704755704449344c374b7138386630705650784a6f37646b52384256386f424a79547a7a745675507a3075644254634a2f513438426a694f6d4e3078314a6575724d546352757a4964546b456262416d75702f687a2f354165615068352f7163776b2f6d3667716b67345948536531576961575654683162526e47474f2f706a2f4e4c317979365a4a634d4e74555a387839614a69733574434e41757458547a416a336a716250716557617263516a7a64575345727a52364542445a4f514239766e5433674e6c6333546f6f56454941627671555a47666943667653323034644d736c74634a626a53546c6d4f7755376a3939363156764e4a7149676945536a417a6e4150546e387a2b2b557655576c4f6b685936536f5977634f634959355731594f793436665035565250775573776b45783859655a6344314f50674b38696a755a727549724d4d61517a5a42775748543950765470686365456443786c6941457a33503746654c643344573566466479464d484658696b53425147417a6c6a356a74544f3176497047574f5a5153334c54794732615833646e47384a6a57547a734268386e485872322f7456567059614a4745637a7178417764734137594f6577322b395a55593658786d7a5649664e5a7779376776386a7a46557877527575336951366439544e7352516b4d386c737a44575741417a676538435476552f6159376b6c4a31494b746874384462705346464c33734737396879326934314c636877634145386836314b5468383241566c386f4753527474516b3175463153514d5343504b686243387633306f53596355596c42634b6a4879375a494861756d473931526e6b44764375466a59743078675a334e446932754a57317a335371447955485944303730744e343861732f6953454b536a4e6e47546b657670393658724864586b707543574f6b4e356a7941776476765655594879326a504c70774e6847734958784c71584962446b7473542b7a544f572f7372654946354e5849726a38565a71366b6d697447456f5a46777841493548416f433576386a2b576f414b6749434d347a6d6d66692b546c6e50506f613237343244624d36534b684f343637556f7550346764424945597675504e5763596b686c636775322b44304862365656636c5471385351345847463556526a364f4a325974356d4f447843466d643542686a37782f70565358454f32676f712f6c363836546f644c365474747638414f6837713544534e673559486331564f42634955386a62483179366d4e6e6a6d4a774e6c41334e4c68647447684d6a4d644a77506a51556430324247423554313961744b68394f77327a672b744d6e4832374d46336f536e754e62416c676f2f456331644a4970547953456a6c7a7a52334137663265386975784b366864586c51685475434e6a67344e53626738437975794f4934542f2b594a7943446a6c324f394456776e6f457461516b65526c44356b4f47504d484a785654616c55666a4f4270584f33332f414672526979736f704a454d654a43414d446d42736636416657726f4f455730387a537332704347476e6c7352734258666b784a3359326a4c52764d774a384458766a4b5070483078585675557362654f4e46574a56776f486c5433765775706236325067586859686d345a6d344d4465474654794f53536452413666504e584c6451324b4b73455143494475655942353550373656472b637874766e7a59432b587070352f616c4e7834747a5a53764352714c78746a503569526e345a3270307032747a7a6d3662304e48444e474c58783377527241544232302f30776331475069456b312b4977793555374d70774d6e6b506c734d6d6b4e7464616f7252664549526f76456254766b366d322b6771797775356c7474656d5250615a79466a30347a68546b48307953666c536e302f4c5963386d6874754c6d4f457649326d516b655841497954742b6c4f6244694f57525a77555967655278676e7467644f74596f33306e447264704862564536614e59324c4e6e4a306e702f6d7237572f5338455267456372653847622f637a794b2f455942487835564e6c364e557453694d6a52726d396c61552b4d56514e6b4253326b6b5a3644714f6d31474c374e71594541797570624136446e386363767257626e6d5335614761344b5965506b4879415233492b6670796f79436469384d6479376b737a6f43527a4b354f50742b6d33576f373666596f6d74655176695639484173636b532b4a6744413073434e3866616b506a5846316379496a496936695378353549424858422f46546d56494a5661565778472b504541504a64382b76706a754b793838704632336946684d3531506f4751505431716a70345454533546354d6952727242475453736b3868474e5158715365572f39717657387772534b644942776f47546e343535566c4f477933627a4b4c6f36735942546d542b5850594849487a72555258646d6a4c466b4b354f5744666d3966333071664e6963503662463669726956764b4c7375755a41774a59735353683759504c7467643645694632713635443569516441636b4c76746e366a76546937555253466f626c74546a4a4567794e2b75632f764e4c48346f6b63446f30696d5252755175656d336230716e4856564f6d674e744a6c46384a5a454c5475536f4f3442497963632b654f6e576b38614b747a686d386d433234355a7a2b2f72526373736c363652496f4c4c677467615142364437664f6c774d6f777971635344664335324a376645665372636376545152545a4a34542f4e6d5664544d2f6b583954364367376d476374357335306e7231782f355273797446446f6a506c55365267376e4a324a394363697235496e554a473869644334485050384162302b4e4d543042376d684b79584869425153664947507737563373696f63506b6c6a6e616a66446b5877316a4f574f33336f575765574f527474544a7a49376e31706b30337761715a64425a6f4752704748505a6362556262777865477572766b6474782f65673761343866553270563849646574453345557356766154736349366c736a3766486168725858633136737665665462544c43534473514d626e6666616a495a6645565a627067414e317a7471787a2b51322b314b494143424b724d677943676247446a7631353963315162382b41556a4c6155426253567a746e66356376705156693157775531326d7541744979306b68615159494b353336444f6532526a353164464c61355643714b534177586b4d5932412b5a2b2b61797250493867416479504557493737456c574f6673666c6d6f4356354c6c44484a3471497971344c65597231412b523270443656766c6a6c6d512f75654a33554d7a494c5270446b35793432337867656d4d637539645378376d53326d6b6a4c452b6249504c49774b38725046482b4a766b426a4f3134736279376f735158424f647a2f41494832716e6831784a4c644e444d724849434b453572676737446f4d67416a745562646c69686966535668637136444f344942327a394b684263496b48387070456a416243347972484f2b547a4f783248664e58366678615242504c314352597a32566c4b73536f797871554256743142596e422b4754396142747068626544346b735a6b77774a5a546a427a6a505839382b374b4e35486c6c73466a7744454630492b534f7535376a636b2f484e4b4c686965485175305365496c30305a59722f77584766767479363731306131737a556d6966453573773230414f7751595666654936656f7831474e36387370787738794356326c6b425a574b5949775267376e3444743071714b2b64555662685663486b4167556a594849306759783371615250637a736b51654744497a68515749337953616131746f77395455785861657770665779425a576244485473783561683148705237794639467a674653716a4b734d35323870783179756e7361796c72634a62443264574a51485547636e6b4279472f725534754a6c5a784637346b4f6c6c556e476b6e6b414f324151652b33553142574456765159736873703459586949535172433438526d58384753646a3966312b6565346b7475742b366868497273436a483875357742394f753943543854754a593252727055494278486e716f3347652f493738732b70706376453275496f316e6a2f6e572b43484177784849672f583762316d4c70716c61675861614e7078434b474b325668724572672b5a434353784a4a4f647551774d6b6a59436c6350456256464e756c773569476459654c7973663841742f54474b587278554e626b54694f545541714b32664c394e7a3966576c6851334d4d3032484d6d5270624a7870363578742b6e394b4c46302b333867566575364e477436684967637765447148664a7a2b5564766a696c4e3563447879385a4a444d51716e6f4f512f536c304c7970476879776862596b37454e76672f4776533278584f44766b34337a54316855734336624e4877692b6768697564544561394b6a4f344334335033716c37324249334b4967364953752f77417a53474d755a6c52656273416f5065765958634945626b547667353336316e6833624156554f5776516b6254526f6d63626a484a747366705155627358566e4a4931623550582b31426b6e7a4145686651666172444c4a4a4b71494e41306a66493565765369574e4950555a7179514b6f5674524b376e7550337658504173715a4b685249504b42304935354e4c59324c527556664f6b42686e484c727933486570576c374b373653664b2b635a7873652f77414f2f774236487874626f4c566a585442704a6b54535938484b6a6d4473636a30494278366d713732365278345335776d774763352f65394c4c71355a64614d3671514d646362477134357059592f4364554869636e49556e347133503734726c6962335a71706a4b552b3670303430345a69547a394b6b556a384855775a6e5539743142493954362f576c70614e6e773673514e6741337666503939615a4c784f5649566a433469436252676e4177653572726c704c514f583950495a692f694b685a5136487a4c315544392f5767316a79515731425747454947366e473265344654745831724e4a71415571565a687353645853716c6c4d6e386c6369545353663766593179576d6f51624463516f756d38447534354d674c416a486636313141654f30666c4568474f66586576617a786f34476a38756366686a4a4878794b4f34596f62415941716d4a4144793145675631645437344a6d53346449353474634b584a31787353662b324166314e51767966394b51644e614e394e612f7069764b367339722f67794f4256624457724573636a504b6a344a6e3844494f6e66486c327a7a72713669766b30434d7a6e4a4a795343633437565368595436677842584f4d48346d7572714d574e5a475a673745376c2f3643672b53612f774152352f582f4144586c645152374231596443785936446a542b5847314d3756556b75356f576a5877784672774e7477746556314a76674f4f51467750446b58384b71474139632f356f5231426b74543164384d652b2f77446d764b366a78676c67774a6e5441495752514d3737484f61746b525a4c576432556168477a3547322b6136756f33364d6e6b446b59724a6748594f4252554c6b763465326c7565506a5856315a526856714f6b4f4467687a79394b6e45533071726e474a635a485047613675725051796551546943424c325a5154355777445258444931754a6f7265525234594772596235333631316452763942692f6651704a7978512b367262656d4d555450493757636a6c7431427836637139727142386f44327978574c4a62515a307859316156323379422f576a4c6530686b7552356450686f4d616575783531316453636a30577852473633462b4f76556a65757271366951706e2f2f5a, '1', '2025-01-16 13:44:05'),
(4, 'Laptops & Accessories', '', '1', '2025-01-16 13:44:06'),
(5, 'Audio', '', '1', '2025-01-16 13:44:06'),
(6, 'Cameras', '', '1', '2025-01-16 13:44:06'),
(7, 'Computer Peripherals', '', '1', '2025-01-16 13:44:06'),
(8, 'Smart Technology', '', '1', '2025-01-16 13:44:06'),
(9, 'Musical Instruemnts', '', '1', '2025-01-16 13:44:06'),
(10, 'Office & Stationary', '', '1', '2025-01-16 13:44:06'),
(14, 'sadasd sad1', 0x646174613a696d6167652f706e673b6261736536342c6956424f5277304b47676f414141414e5355684555674141425555414141482f434149414141442f6e6975624141414141584e535230494172733463365141414141526e51553142414143786a777638595155414141414a6345685a63774141456e514141424a304164356d4833674141417759535552425648686537646442435141774441437843656d7a2f703356773351634247496937325942414143414670384841414341487038484141434148703848414143414870384841414341487038484141434148703848414143414870384841414341487038484141434148703848414143414870384841414341487038484141434148703848414143414870384841414341487038484141434148703848414143414870384841414341487038484141434148703848414143414870384841414341487038484141434148703848414143414870384841414341487038484141434148703848414143414870384841414341487038484141434148703848414143414870384841414341487038484141434148703848414143414870384841414341487038484141434148703848414143414870384841414341487038484141434148703848414143414870384841414341487038484141434148703848414143414870384841414341487038484141434148703848414143414870384841414341487038484141434148703848414143414870384841414341487038484141434148703848414143414870384841414341487038484141434148703848414143414870384841414341487038484141434148703848414143414870384841414341487038484141434148703848414143414870384841414341487038484141434148703848414143414870384841414341487038484141434148703848414143414870384841414341487038484141434148703848414143414870384841414341487038484141434148703848414143414870384841414341487038484141434148703848414143414870384841414341487038484141434148703848414143414870384841414341487038484141434148703848414143414870384841414341487038484141434148703848414143414870384841414341487038484141434148703848414143414870384841414341487038484141434148703848414143414870384841414341487038484141434148703848414143414870384841414341487038484141434148703848414143414870384841414341487038484141434148703848414143414870384841414341487038484141434148703848414143414870384841414341487038484141434148703848414143414870384841414341487038484141434148703848414143414870384841414341487038484141434148703848414143414870384841414341487038484141434148703848414143414870384841414341487038484141434148703848414143414870384841414341487038484141434148703848414143414870384841414341487038484141434148703848414143414870384841414341487038484141434148703848414143414870384841414341487038484141434148703848414143414870384841414341487038484141434148703848414143414870384841414341487038484141434148703848414143414870384841414341487038484141434148703848414143414870384841414341487038484141434148703848414143414870384841414341487038484141434148703848414143414870384841414341487038484141434148703848414143414870384841414341487038484141434148703848414143414870384841414341487038484141434148703848414143414870384841414341487038484141434148703848414143414870384841414341487038484141434148703848414143414870384841414341487038484141434148703848414143414870384841414341487038484141434148703848414143414870384841414341487038484141434148703848414143414870384841414341487038484141434148703848414143414870384841414341487038484141434148703848414143414870384841414341487038484141434148703848414143414870384841414341487038484141434148703848414143414870384841414341487038484141434148703848414143414870384841414341487038484141434148703848414143414870384841414341487038484141434148703848414143414870384841414341487038484141434148703848414143414870384841414341487038484141434148703848414143414870384841414341487038484141434148703848414143414870384841414341487038484141434148703848414143414870384841414341487038484141434148703848414143414870384841414341487038484141434148703848414143414870384841414341487038484141434148703848414143414870384841414341487038484141434148703848414143414870384841414341487038484141434148703848414143414870384841414341487038484141434148703848414143414870384841414341487038484141434148703848414143414870384841414341487038484141434148703848414143414870384841414341487038484141434148703848414143414870384841414341487038484141434148703848414143414870384841414341487038484141434148703848414143414870384841414341487038484141434148703848414143414870384841414341487038484141434148703848414143414870384841414341487038484141434148703848414143414870384841414341487038484141434148703848414143414870384841414341487038484141434148703848414143414870384841414341487038484141434148703848414143414870384841414341487038484141434148703848414143414870384841414341487038484141434148703848414143414870384841414341487038484141434148703848414143414870384841414341487038484141434148703848414143414870384841414341487038484141434148703848414143414870384841414341487038484141434148703848414143414870384841414341487038484141434148703848414143414870384841414341487038484141434148703848414143414870384841414341487038484141434148703848414143414870384841414341487038484141434148703848414143414870384841414341487038484141434148703848414143414870384841414341487038484141434148703848414143414870384841414341487038484141434148703848414143414870384841414341487038484141434148703848414143414870384841414341487038484141434148703848414143414870384841414341487038484141434148703848414143414870384841414341487038484141434148703848414143414870384841414341487038484141434148703848414143414870384841414341487038484141434148703848414143414870384841414341487038484141434148703848414143414870384841414341487038484141434148703848414143414870384841414341487038484141434148703848414143414870384841414341487038484141434148703848414143414870384841414341487038484141434148703848414143414870384841414341487038484141434148703848414143414870384841414341487038484141434148703848414143414870384841414341487038484141434148703848414143414870384841414341487038484141434148703848414143414870384841414341487038484141434148703848414143414870384841414341487038484141434148703848414143414870384841414341487038484141434148703848414143414870384841414341487038484141434148703848414143414870384841414341487038484141434148703848414143414870384841414341487038484141434148703848414143414870384841414341487038484141434148703848414143414870384841414341487038484141434148703848414143414870384841414341487038484141434148703848414143414870384841414341487038484141434148703848414143414870384841414341487038484141434148703848414143414870384841414341487038484141434148703848414143414870384841414341487038484141434148703848414143414870384841414341487038484141434148703848414143414870384841414341487038484141434148703848414143414870384841414341487038484141434148703848414143414870384841414341487038484141434148703848414143414870384841414341487038484141434148703848414143414870384841414341487038484141434148703848414143414870384841414341487038484141434148703848414143414870384841414341487038484141434148703848414143414870384841414341487038484141434148703848414143414870384841414341487038484141434148703848414143414870384841414341487038484141434148703848414143414870384841414341487038484141434148703848414143414870384841414341487038484141434148703848414143414870384841414341487038484141434148703848414143414870384841414341487038484141434148703848414143414870384841414341487038484141434148703848414143414870384841414341487038484141434148703848414143414870384841414341487038484141434148703848414143414870384841414341487038484141434148703848414143414870384841414341487038484141434148703848414143414870384841414341487038484141434148703848414143414870384841414341487038484141434148703848414143414870384841414341487038484141434148703848414143414870384841414341487038484141434148703848414143414870384841414341487038484141434148703848414143414870384841414341487038484141434148703848414143414870384841414341487038484141434148703848414143414870384841414341487038484141434148703848414143414870384841414341487038484141434148703848414143414870384841414341487038484141434148703848414143414870384841414341487038484141434148703848414143414870384841414341487038484141434148703848414143414870384841414341487038484141434148703848414143414870384841414341487038484141434148703848414143414870384841414341487038484141434148703848414143414870384841414341487038484141434148703848414143414870384841414341487038484141434148703848414143414870384841414341487038484141434148703848414143414870384841414341487038484141434148703848414143414870384841414341487038484141434148703848414143414870384841414341487038484141434148703848414143414870384841414341487038484141434148703848414143414870384841414341487038484141434148703848414143414870384841414341487038484141434148703848414143414870384841414341487038484141434148703848414143414870384841414341487038484141434148703848414143416d746b504d416e4a596e2f326a663041414141415355564f524b35435949493d, '1', '2025-01-21 23:53:46');
INSERT INTO `category` (`category_id`, `category_name`, `category_image`, `is_active`, `added_on`) VALUES
(15, 'abcv', 0x646174613a696d6167652f6a7065673b6261736536342c2f396a2f34414151536b5a4a5267414241514141415141424141442f3277434541416b474277674842676b494277674b43676b4c445259504451774d445273554652415749423069496941644878386b4b4451734a4359784a7838664c5430744d5455334f6a6f364979732f52443834517a51354f6a634243676f4b4451774e47673850476a636c487955334e7a63334e7a63334e7a63334e7a63334e7a63334e7a63334e7a63334e7a63334e7a63334e7a63334e7a63334e7a63334e7a63334e7a63334e7a63334e7a63334e2f2f4141424549414a514135414d4249674143455145444551482f78414163414141424251454241514141414141414141414141414145414149444251594242776a2f784141364541414341514d44416751454177594741674d414141414241674d41424245464569457851524d69555745476359475246444c4246554a536f62485242794d7a6b754877512f465459714c2f7841416141514143417745424141414141414141414141414141414341774142424155472f3851414a5245414177414341674d414177414341774141414141414141454341784553495151544d534a42555252684d6b4b682f396f4144414d424141495241784541507744536261487546346f306a4644544376494a6d73676a74686a7a5535725643504b4f614c5663675535556f617251535a56474168735971654b48484946467952446655735551394b546563596a747576484e574553726a6d6f6f6f714e6768427053796844475430464d38492b6c574b787142307032315232712b333949435277436e2b416f3643707269574b42417a45444e424456624e346a496b6a464662617a42546748336f6c6a59504e45776a78307079723271766658626659587434704a674d2b6247462f3366576e576573527547573856494a754d526874787961657070466532666859684d313377366b675a5a464441455a3748672f6170536c44585a6577627736597955535670424161513537433256374a69757078527a4b42554c6f4b7654524e673737614866623246464f6f71466f2f536f375a514b3057376d6f6d743830586a427044424f4b705755797661446163696f33552f77697267777152513777436d71746c4d7146687778623170356a506f614e454942365630784448536d706932674462536f73772b314b7132446f6761514870555247616c6d514c6a46636a584e437132466f644543426a47616d77534f4670794a6a74556f7065617449694956694f374a6f694b4d55344156496e42726e7539736169614f4d5556477542554d58537031635533483937434845347267634876585735465a58346d764a4c4359796d366a5653764559684c756670754148577438527959764a616964736931516d377639393036526c4473696a385573476231436a50507a6f575262595853326a523442667a787532317044334f514d656e33724e77534b73776678596f587a77537847536576792b31455433747a4f52645065517a4e4775476b5674755031394b32634f74484f39796659644f37616265474f36414b425474534a6c434b32663369447952794f65395132386355354537475357587133694d4f6659485032717575376d3675414a5441576475534a493932546e484a3641352b745278334c53716a4f6e674f4d4847373872413478672f385554687441756e766f32576965496d6f4356423445514f5855726b6e6a6e4f6636673175565a58554d76494979434b386d74645a314c4f4864544445517733455950734b3366777a72734f704c344b6f305467666b4a3434394b7a5a4a612b6f30596258786c34527a586359464a6a6738385574774e4170544e68453152734d314f5144556241554c6c4249476359706777616d6b58496f556b6f6661736d54706b4f794a786b55507449624e454238396134514f314b35614b59304f63644b356a4e496e6d6c6d744f4b7469396e424744545a4643697537697070727675706a725243506a307055754b35516332586f725335666b6e36555243514b72684a6970593536746441746c6f48466433447251516e70336a63554e396c42596570466b6f44783634626d7369787473596d58435365577042496670565646636a76553575557831706b79786846722b742f73363232706b5379715247343747764f4c3756376c354643744b727341432f4a5a2f5442715456376961363169394a6d66775647364e4170594535344139445642504c6458456b6c754d715132343964326577354e64377876485353624f523546566b762f52595158482b66346c784c437a6548787451357a6e75514f763139614954555753596d556f426a4a3365584950546a2f774256547a577269306a5a4e6a62736853526b6b6576546a7455734563793279373351534b47456950304838756359725738557673536f4c4e72324838537a43366c32746a4f48334a7450742b74544e506253782b524978426b44647a75556a674771654e3154416445646e4179514f50626975777263433469574b62776847534758626b486a50593450387157345836496d302b697a6151787953434f326a6c5545624e6946675279446a307a7877665372394a3478635158316f72517a62384e4346326b34474f67355039617a666a3357387448636c6b4934474f754f76663556596153386b3556424f706b332b5356697a62526a6e507031705753587273617437505474497655764c4a4374794a70414d74325a66596a326f76786470494e55656b365a485a3354795133346479754346664f3863666d4836315a534e6c7a5850706439485478743865776f7a726a72696d654f43657441797467554f733247786d685930754e32346355504d504b615a424e536d6667316c70464d485a3970726f6c6f576554427141543834704e517747797933697565494b4445314979302b4f67416c354255526b356f4f5334707363775a73453062374c54446645464b6874792f78557144524e6d6646787831726f7563643671544f635554423530444538477567385768536f73307538446e6d6e746538565479796545324d3546526d355072565044736d79354e336e76585675436170567544363052484b66577036644959714c714f344948576e6d354a3439665371754a792b526e705439786a59456e4f61553866593261524c507045647863695945714d4865454a556c6a6a6e50305033724c617130566a635337566c5a77334a57506c73657047423766537474617942674b376336506133614a76587a6f685657504f4166317256677938482b5877546c78716c74486d3935633374354c627a794e63784a49434274424850396a79667655634e6e4a797a4b504c6a624778495847414e3263592f546974503855365a64764a4662576953547851706b45727456442f41424675352b6e61732f506358556a67584d7a6d4b434d75653252794146782f582b566447625654755444634e505278794c4f3456596f69306a494f6d574c65765159715038517179623558654631364a7379506b6331585839346b756f6872574f61554e486a59712b59383579546b38644b4d7434726961423269694a7541685978654b574947656341306672307473427a2f41414975705949596d386663714679637467444f66663663696e5133304b32384c77776a78355777674b2b555950667239774b6a65782f61463948625352584e746b68517a782b5850592b772b7461714c34503156744d537a6e6e746e534d35556c7565765934343547652f576b33654f4575544c694c5a622f41697a336c773135714e753045364b646748355a41656a65682b6461756555622f5368394774356244546f726165344d3771754e335448383669764a4e725a726d586b6d72656a6f593534794f6d66496f4d7668695258544b475872516c784c746f4b6b636d57454d2f7652416c33446b316e34377244594a6f364b34794f4453586a5a477961354a35717438545a4c6b38556337686c36315633586646457054416f4c2f4762564f635645627a49344e55736b6a4b78354e4d2f465939614e5976344b624c5a3538394b594c6c6b4f5161727678507561516379634c6d6a395a577779532b63746b4846646f59572b5279777056584241374b45796b564c44656d4a6470473455457a67696f392f4e64583137585968574853584a6b6250536d4355304a346c49535650574679446b6b393649535841363157724a5569796539413859537374594c7259787a304e456d634f527436565452767a316f3641394b56575051796368655755754d56625279674163316e375675636b39502b614c4e30454335494765784e5a36683736476369306d644a455a4a4d4d704849504e5a6934304330534f3465376b4d69375732494d6856474d59786e2f6d6a50326e4157496156515163597a366461476656625967743436594763382f7744665131496e4c443646315573383861325a6e613474475656303631446c6c482b6f6f634168674f76553539613942306d3364342f78326f5730554d307a2b4a4846454e6f6947427867666369736864584e744271567842616854615832466b494835517a41746a2f396665746e2b30626135412f447a52794b504c674876387136486d504a554a4a433563374c71435a47634567456a6f534f522f334657304d7732672f30724b576c797059346249374772654734426a3631784b6874396d6855693445347741543936427670516338304d317a782b59304c65584932452b676f356c6b64446b6e35786e76556c7779374f655456414c6f6d59593655664a4c754876576c7730437247534562736a6970494c6a42786d67704878517158494d7077654252634e6f6e73374e4573325231714f596868566648636364616b38624936307631364364374237706544697132556c543171796d5945565854302f4849716d516d5967306259532b516e504e564d6877616c74626b51487a63673039342b686650526662383071435738684b6a7a6756796b65702f777232497a6b63756159386d44516b636f4136303135736e7258576d4f7a424e68676c70322b67424a556979594171564931554871394f45764e414b37534e746a5575336f6f7a52747259585532356d6a4b4b4f7049504830363069754d39746863324751746d696c7549343432646932316570413655546136616b6b574c654f533579704c626571593756484777764c6a396d535233483459384d6f626151426a50662b565a586c6d6d7770354d614e5777646b61454d4f3734782f4b674c6d423775342f46584f6f487731506c6a6a48412b512b6c473676706b304d736a3237796d3337735347594448706e4e55533345586a6d47376d4434494147773463656d66727a523439557555423071312b524f6d6d7879537046613345386a534c6b38636b3535626a6e4651366e5a4c747a46666c534273784a79632b683738632f57724f58554a5a566142474a695650346a6e4137437165585572595830636a4a6834755230415076544d565a4e39677145775762533952746c6a4d71714474385145386b2f39356f4751616a4532386b4f4579775a6662394b30536172466472496c7943716b3548686b347a363157365a457a334d367a426e56546b464a4e6f59665069744d5a71302b612b4265716b2b694c5366694f397334566a58595930504375446e76337a57303044346d6731474a77794d6a4a7979344a78395256487630316f6e6765424e2b3065426b634c6a73636a6e4e566d6d5452526d353268595941336f667a656772506b785938796234365a6635537a305a4c745a564a69594d50365644635373554e5a585364534d63526c354b4d353877504248322f5774435a77386556497761775669654f6733622f5a5779794d4a63305a426553624f33316f4b354f44557474686c785275757578587337466458636834417836346f574b624445357161356971766d4452316f78704e436179365a6278584846454334724f78334f44524b3358485771654c73664754614c68357369684a7061462f452b395279545a6f6f786c315a3252386d6f5a48774d314538767655556b6f4b3961304b44506b735453383071446151626a794b5648367a4e37474174634e6734344647574f6e5839384e3174617975754d6c794d4b42387a576b653373394d736265614b785262737676527645566d515948555a354235376363656c57483752594269564c754f532b636e322b314c767932312b456a7077364d314e6f73316b7537554a42454d675951626a6a35394256336236506f6355516b4e79387842506c6b347a366344327851452b7247535635356f6c6c43674a47484f516f372b5831714a59726e564d4e424b73616a4a644d343267644f6737307136797654623061466a532b46786f647a44486671596b56446a65754632424f77794f34363052714f74746233424f59764d6d444b716b5a357a3836704e516b38433742534f474b4756736b52344f334950636461703732565a436438736a6562486d482f654b582f6a713735736173576b624f6258335331435063474d375277704159635a79667457646c2b49356c315a324465496a44413965527a6a46553931714b53464a43563450424b3844672b7442526268632b4d3452636a7934413536396854735868524b6261442b463764617a65654b456b6c4f303867413572695872547344734a624155445a6e4e5546793566473975683478566861585169534d72502f6d45344b74356944375531345a6d656b585436374c44546b754a372b574751434952487a3562492b5846447a365434742b62435a456a6d6b4f2b4e6c6241786a6a6e365648464e496b2b624f5547562b584f636c6a37567037532f687435524a5048455a74716f58417942337a36642f31706433654e3758384671552f686a627a5239527374532f44327a4e49546a42626f545256705a613344495958384f446332537839666e5678385233724c5062335563364d7042417a317965666e3656575732734b32544e4875524151565a6a6c32505835635970697958634a365153356231734b7337645a486154566270356b5534574b50796e337952312b3943617070346d756f376254643862532f2b4a7963442f37632b31433365704c4f7069746f434f75304c6e496f7a544c2b4b305133643135703845593477414277506c556d626c38762f4273776e394954486332747a2b7a62634d30674f41546b384476783272533666442b457468435a576b6338737a647a56526f2b6f336e346837342b4a6c7a745679526b6a2b745856714a372b354b32734d737a736679786f53632f536b353356506a6f7a5a317836527952533759394b6d556243414b30576e2f41757333474a4c7752574552357a4d775a76396f2f55316f374c34662b48394d5a6645694e395038417854666c7a374c307063654c6b727439436f773366773838654b5766793238627a50384177784b5850324655756f6d61326b384f34686c686b50524a59796850304e65397066694b4d52323043516f5033597746483246445855747666784e62366a6277334d4236704d6f5956736a783150374376776272396e7a3031776335483871656c77665776584e552f77414f766872556c4a74466d734a6578686663762b3171776d756634632f45476b6b76617872715671762f414a4c62687750654d382f624e4d344a674c78386d4a646c454c672b744f38665065713132644a4447345a4858716a6a61772b6c4954594866705665734630475353304d31777750745562795a46514f32615a4d69725a4f5a7833464b684366656c544f4346614e656d643838596b334c4755614d4c4b4e6a63666d3655482b4e385174346a38754e6f55453865702f7254625361473675707045595354465343646d3165673578394b45757270556a412f797973494f31456a504753523072417054725231754936356b686a47784d654a6c53427a7a31783756466136784a61584c77794b4a6b554b7168786b4a67354a786a6d71793675636e754e7241357837482b394e78627a584d766a733247595941376e3372544f4e634e55677667647256365a57745a55664c6a6c6a6a3937766a394b7235706d6642414f63446e70584a514a4c5a50444c62413759334470536a4731514d5563776b744956655a536957473361624757494859486b43724f44546f6746385a79324267593446415275567751614c463264754d3831567932594d6d6649333063757253324977685a5437746d7131347a412f505472346735342f76526253456e4a4e635667657550745553614b6a50632f526c7664626e514c47716a6343323045467659566232326f4442416967436d4d6b686c7877654f78362f617167774b4d46564f422b364b68654e325a69576371653250546a6e4e56574e556234797a5859647245736b6b6152675274476f3851454e79666246567344746344644a4955566569394d697032694c526f7945376c3667353546632f444a75486a756a4c6e387171654236316370537442504a4f2f70317237775969747341535431486569744f746c6c5579336b6e6c417a744441633434716530304b386c326b685949322f6559395257792b4866684c545a49585736754e35626f2b5343702b585371613630756a546a78757532482f416568366265786d652b692f4779742f70573462796f76713250583072637472317270555a747257433367433842593143675937566c594a472b453759326c764c4c666d34666376677068674d66764e6e46567478702b70616c493038327933567a6b2b4b344c4436442b3956314d365830302b715739737674522b4d7349533741664d304e5a6e576453496e434a61773964382b51666f76582b6c4d307577307a5470466b6343357542794a4a65634832486236557a587466444b59304874785176357473502f556f4e7574562f423569452f696b446c756c563766454a567547724b7a584473575973636d676e643250476157375a616c493330487851466b436c754b30396872306271766e362b39654b4f5a4e774b37733159576d6f334d4247436169746f6a6d61505a4e513037524e65514455374b337544325a3138772b54446d7368716e2b456d6c7a6c704e49314b3574575049696e416c54364868767554565a703378484970416b61744e592f45537342682b33725470796f7a333473562b6a7a2f5650384d666953797962654f432b514472424a676e364e69736e714f6c366a706a4d4e52302b367474765670596d432f5275682b3966513176724b755039536a6f39536a5a634d774950555531576a48666772394879364856686b4f75506e53723656754e492b483775517a584f6a36624c49657279576b62452f55696c52636b4a2f77414f7636664f726167565962553263636b4447666e366d6862693661587a4e79434f6e746e7655486953466943707742774f6f7275316e775777654f51525331435447316b556b596c64314b6a38704a464f614a54676e714f395342516f386f4148734b356d6d364d315a6d2f676763644b6544556464426f684c374a67314c66554f366e4b63304c514f69594e546761687a54304e554330544c5847626d756a705554486d72305245752f696f32664e4d4c56475871754957746c2f70576f49305867584e3030624165516e70392f373162787463776f5a495a524b6a486767342b324b78472b6a744d766a5a5841667a736d4d4651324d304e34396d2f4235626a38612b4772476f587368786d546a363039722b2b4b37534a6d2b3156613633624d77506853526a766b352f7055363676596b656154623831616b4f4b4e382b5669662f4147436f727135556c6d5a6c50706e4e4d6b655351376e4a4a507255413166544e32476b4f50614d303235312f5434686d3369615a38635a4742397a5165756776386e456c2f794a307433636c694d4b4f703743685a39537372593751336a79446a456654376d7154554e57757234465a5a436b58614a44686638416d6746616e546958374d47587a71665546784e726c79577a4846627872325862752f6d662b4b50734e64744a735233304968662f414f52443544382f537330546b5647615a3635305a35386e4a76625a764874566451304d6e586b6539524c4c63327a34795269737059366c63325278444a6c4d38787479702f74394b30646c72647065625970783455683441666c666f65314a7645354f68683871623666544c7179317834386232713674766944676559566c70624e57356a59412f77414e44736b734c594f6157613937505145312f77416f38394b73454c6d56654d6d6c56386d54534d634d4e6c69426e48616c696c5372596564707473523656485370565a4256796c5371797a6c5053753071706b5a326e4a53705549424d43616a66725370555342524554555a7055714963766771636872744b725a436444785857344664705550364576365173546d6d354e4b6c516a45684870556561564b725261484131796c537145465431506c7055716847576d6e616e6457377247723734797747312b63664b7461634e674541676d75557179357670302f437075657765654e566b4947635571564b6c47302f2f32513d3d, '1', '2025-01-29 10:50:38'),
(16, 'abc', 0x68747470733a2f2f7a6563632e696e2f73696d706c7973616d706c652f63617465676f7279, '1', '2025-01-29 17:22:01'),
(17, 'jewellery', 0x68747470733a2f2f7a6563632e696e2f73696d706c7973616d706c652f63617465676f7279, '1', '2025-02-05 16:01:23');

-- --------------------------------------------------------

--
-- Table structure for table `category_sequence`
--

CREATE TABLE `category_sequence` (
  `id_category_sequence` int(11) NOT NULL,
  `category_id` int(11) NOT NULL,
  `sequence_number` int(11) NOT NULL,
  `is_active` enum('0','1') DEFAULT NULL,
  `added_on` datetime DEFAULT CURRENT_TIMESTAMP
) ENGINE=InnoDB DEFAULT CHARSET=latin1;

--
-- Dumping data for table `category_sequence`
--

INSERT INTO `category_sequence` (`id_category_sequence`, `category_id`, `sequence_number`, `is_active`, `added_on`) VALUES
(1, 1, 1, '0', '2025-01-22 01:28:42'),
(2, 2, 10, '0', '2025-01-22 01:28:42'),
(3, 3, 6, '0', '2025-01-22 01:28:42'),
(4, 4, 9, '0', '2025-01-22 01:28:42'),
(5, 5, 8, '0', '2025-01-22 01:28:42'),
(6, 6, 7, '0', '2025-01-22 01:28:42'),
(7, 7, 2, '0', '2025-01-22 01:28:42'),
(8, 8, 14, '0', '2025-01-22 01:28:42'),
(9, 9, 4, '0', '2025-01-22 01:28:42'),
(10, 10, 5, '0', '2025-01-22 01:28:42'),
(11, 14, 3, '0', '2025-01-22 01:28:42'),
(12, 5, 1, '0', '2025-01-22 02:32:10'),
(13, 1, 2, '0', '2025-01-22 02:32:10'),
(14, 7, 3, '0', '2025-01-22 02:32:10'),
(15, 14, 4, '0', '2025-01-22 02:32:10'),
(16, 9, 5, '0', '2025-01-22 02:32:10'),
(17, 10, 6, '0', '2025-01-22 02:32:10'),
(18, 3, 7, '0', '2025-01-22 02:32:10'),
(19, 6, 8, '0', '2025-01-22 02:32:10'),
(20, 4, 9, '0', '2025-01-22 02:32:10'),
(21, 2, 10, '0', '2025-01-22 02:32:10'),
(22, 8, 11, '0', '2025-01-22 02:32:10'),
(23, 5, 1, '0', '2025-01-22 02:32:47'),
(24, 1, 2, '0', '2025-01-22 02:32:47'),
(25, 7, 3, '0', '2025-01-22 02:32:47'),
(26, 14, 4, '0', '2025-01-22 02:32:47'),
(27, 9, 5, '0', '2025-01-22 02:32:47'),
(28, 10, 6, '0', '2025-01-22 02:32:47'),
(29, 3, 7, '0', '2025-01-22 02:32:47'),
(30, 6, 8, '0', '2025-01-22 02:32:47'),
(31, 4, 9, '0', '2025-01-22 02:32:47'),
(32, 2, 10, '0', '2025-01-22 02:32:47'),
(33, 8, 11, '0', '2025-01-22 02:32:47'),
(34, 5, 1, '0', '2025-01-22 02:33:16'),
(35, 1, 2, '0', '2025-01-22 02:33:16'),
(36, 7, 3, '0', '2025-01-22 02:33:16'),
(37, 14, 4, '0', '2025-01-22 02:33:16'),
(38, 9, 5, '0', '2025-01-22 02:33:16'),
(39, 10, 6, '0', '2025-01-22 02:33:16'),
(40, 3, 7, '0', '2025-01-22 02:33:16'),
(41, 6, 8, '0', '2025-01-22 02:33:16'),
(42, 4, 9, '0', '2025-01-22 02:33:16'),
(43, 2, 10, '0', '2025-01-22 02:33:16'),
(44, 8, 11, '0', '2025-01-22 02:33:16'),
(45, 10, 1, '0', '2025-01-22 02:35:00'),
(46, 5, 2, '0', '2025-01-22 02:35:00'),
(47, 1, 3, '0', '2025-01-22 02:35:00'),
(48, 7, 4, '0', '2025-01-22 02:35:00'),
(49, 14, 5, '0', '2025-01-22 02:35:00'),
(50, 9, 6, '0', '2025-01-22 02:35:00'),
(51, 3, 7, '0', '2025-01-22 02:35:00'),
(52, 6, 8, '0', '2025-01-22 02:35:00'),
(53, 4, 9, '0', '2025-01-22 02:35:00'),
(54, 2, 10, '0', '2025-01-22 02:35:00'),
(55, 8, 11, '0', '2025-01-22 02:35:00'),
(56, 10, 1, '0', '2025-01-22 02:37:10'),
(57, 5, 2, '0', '2025-01-22 02:37:10'),
(58, 1, 3, '0', '2025-01-22 02:37:10'),
(59, 7, 4, '0', '2025-01-22 02:37:10'),
(60, 14, 5, '0', '2025-01-22 02:37:10'),
(61, 9, 6, '0', '2025-01-22 02:37:10'),
(62, 3, 7, '0', '2025-01-22 02:37:10'),
(63, 6, 8, '0', '2025-01-22 02:37:10'),
(64, 4, 9, '0', '2025-01-22 02:37:10'),
(65, 2, 10, '0', '2025-01-22 02:37:10'),
(66, 8, 11, '0', '2025-01-22 02:37:10'),
(67, 10, 1, '0', '2025-01-22 02:37:48'),
(68, 5, 2, '0', '2025-01-22 02:37:48'),
(69, 1, 3, '0', '2025-01-22 02:37:48'),
(70, 7, 4, '0', '2025-01-22 02:37:48'),
(71, 14, 5, '0', '2025-01-22 02:37:48'),
(72, 9, 6, '0', '2025-01-22 02:37:48'),
(73, 3, 7, '0', '2025-01-22 02:37:48'),
(74, 6, 8, '0', '2025-01-22 02:37:48'),
(75, 4, 9, '0', '2025-01-22 02:37:48'),
(76, 2, 10, '0', '2025-01-22 02:37:48'),
(77, 8, 11, '0', '2025-01-22 02:37:48'),
(78, 5, 1, '0', '2025-01-29 15:28:08'),
(79, 7, 2, '0', '2025-01-29 15:28:08'),
(80, 1, 3, '0', '2025-01-29 15:28:08'),
(81, 10, 4, '0', '2025-01-29 15:28:08'),
(82, 9, 5, '0', '2025-01-29 15:28:08'),
(83, 3, 6, '0', '2025-01-29 15:28:08'),
(84, 6, 7, '0', '2025-01-29 15:28:08'),
(85, 14, 8, '0', '2025-01-29 15:28:08'),
(86, 4, 9, '0', '2025-01-29 15:28:08'),
(87, 2, 10, '0', '2025-01-29 15:28:08'),
(88, 8, 11, '0', '2025-01-29 15:28:08'),
(89, 7, 1, '0', '2025-01-29 15:29:43'),
(90, 5, 2, '0', '2025-01-29 15:29:43'),
(91, 1, 3, '0', '2025-01-29 15:29:43'),
(92, 10, 4, '0', '2025-01-29 15:29:43'),
(93, 9, 5, '0', '2025-01-29 15:29:43'),
(94, 3, 6, '0', '2025-01-29 15:29:43'),
(95, 6, 7, '0', '2025-01-29 15:29:43'),
(96, 14, 8, '0', '2025-01-29 15:29:43'),
(97, 4, 9, '0', '2025-01-29 15:29:43'),
(98, 2, 10, '0', '2025-01-29 15:29:43'),
(99, 8, 11, '0', '2025-01-29 15:29:43'),
(100, 7, 1, '0', '2025-01-29 16:06:28'),
(101, 5, 2, '0', '2025-01-29 16:06:28'),
(102, 1, 3, '0', '2025-01-29 16:06:28'),
(103, 10, 4, '0', '2025-01-29 16:06:28'),
(104, 9, 5, '0', '2025-01-29 16:06:28'),
(105, 3, 6, '0', '2025-01-29 16:06:28'),
(106, 6, 7, '0', '2025-01-29 16:06:28'),
(107, 14, 8, '0', '2025-01-29 16:06:28'),
(108, 4, 9, '0', '2025-01-29 16:06:28'),
(109, 2, 10, '0', '2025-01-29 16:06:28'),
(110, 8, 11, '0', '2025-01-29 16:06:28'),
(111, 7, 1, '0', '2025-01-29 16:06:29'),
(112, 5, 2, '0', '2025-01-29 16:06:29'),
(113, 1, 3, '0', '2025-01-29 16:06:29'),
(114, 10, 4, '0', '2025-01-29 16:06:29'),
(115, 9, 5, '0', '2025-01-29 16:06:29'),
(116, 3, 6, '0', '2025-01-29 16:06:29'),
(117, 6, 7, '0', '2025-01-29 16:06:29'),
(118, 14, 8, '0', '2025-01-29 16:06:29'),
(119, 4, 9, '0', '2025-01-29 16:06:29'),
(120, 2, 10, '0', '2025-01-29 16:06:29'),
(121, 8, 11, '0', '2025-01-29 16:06:29'),
(122, 7, 1, '0', '2025-01-29 17:43:05'),
(123, 5, 2, '0', '2025-01-29 17:43:05'),
(124, 1, 3, '0', '2025-01-29 17:43:05'),
(125, 10, 4, '0', '2025-01-29 17:43:05'),
(126, 9, 5, '0', '2025-01-29 17:43:05'),
(127, 3, 6, '0', '2025-01-29 17:43:05'),
(128, 6, 7, '0', '2025-01-29 17:43:05'),
(129, 14, 8, '0', '2025-01-29 17:43:05'),
(130, 4, 9, '0', '2025-01-29 17:43:05'),
(131, 2, 10, '0', '2025-01-29 17:43:05'),
(132, 8, 11, '0', '2025-01-29 17:43:05'),
(133, 7, 1, '0', '2025-01-29 17:44:42'),
(134, 5, 2, '0', '2025-01-29 17:44:42'),
(135, 1, 3, '0', '2025-01-29 17:44:42'),
(136, 10, 4, '0', '2025-01-29 17:44:42'),
(137, 3, 5, '0', '2025-01-29 17:44:42'),
(138, 9, 6, '0', '2025-01-29 17:44:42'),
(139, 6, 7, '0', '2025-01-29 17:44:42'),
(140, 14, 8, '0', '2025-01-29 17:44:42'),
(141, 4, 9, '0', '2025-01-29 17:44:42'),
(142, 2, 10, '0', '2025-01-29 17:44:42'),
(143, 8, 11, '0', '2025-01-29 17:44:42'),
(144, 5, 1, '0', '2025-01-30 10:08:41'),
(145, 7, 2, '0', '2025-01-30 10:08:41'),
(146, 1, 3, '0', '2025-01-30 10:08:41'),
(147, 10, 4, '0', '2025-01-30 10:08:41'),
(148, 3, 5, '0', '2025-01-30 10:08:41'),
(149, 9, 6, '0', '2025-01-30 10:08:41'),
(150, 6, 7, '0', '2025-01-30 10:08:41'),
(151, 14, 8, '0', '2025-01-30 10:08:41'),
(152, 4, 9, '0', '2025-01-30 10:08:41'),
(153, 2, 10, '0', '2025-01-30 10:08:41'),
(154, 8, 11, '0', '2025-01-30 10:08:41'),
(155, 5, 1, '0', '2025-01-30 10:14:34'),
(156, 7, 2, '0', '2025-01-30 10:14:34'),
(157, 1, 3, '0', '2025-01-30 10:14:34'),
(158, 10, 4, '0', '2025-01-30 10:14:34'),
(159, 3, 5, '0', '2025-01-30 10:14:34'),
(160, 9, 6, '0', '2025-01-30 10:14:34'),
(161, 6, 7, '0', '2025-01-30 10:14:34'),
(162, 14, 8, '0', '2025-01-30 10:14:34'),
(163, 4, 9, '0', '2025-01-30 10:14:34'),
(164, 2, 10, '0', '2025-01-30 10:14:34'),
(165, 8, 11, '0', '2025-01-30 10:14:34'),
(166, 5, 1, '0', '2025-01-30 10:14:35'),
(167, 7, 2, '0', '2025-01-30 10:14:35'),
(168, 1, 3, '0', '2025-01-30 10:14:35'),
(169, 10, 4, '0', '2025-01-30 10:14:35'),
(170, 3, 5, '0', '2025-01-30 10:14:35'),
(171, 9, 6, '0', '2025-01-30 10:14:35'),
(172, 6, 7, '0', '2025-01-30 10:14:35'),
(173, 14, 8, '0', '2025-01-30 10:14:35'),
(174, 4, 9, '0', '2025-01-30 10:14:35'),
(175, 2, 10, '0', '2025-01-30 10:14:35'),
(176, 8, 11, '0', '2025-01-30 10:14:35'),
(177, 7, 1, '0', '2025-02-03 09:46:37'),
(178, 5, 2, '0', '2025-02-03 09:46:37'),
(179, 1, 3, '0', '2025-02-03 09:46:37'),
(180, 10, 4, '0', '2025-02-03 09:46:37'),
(181, 3, 5, '0', '2025-02-03 09:46:37'),
(182, 9, 6, '0', '2025-02-03 09:46:37'),
(183, 6, 7, '0', '2025-02-03 09:46:37'),
(184, 14, 8, '0', '2025-02-03 09:46:37'),
(185, 4, 9, '0', '2025-02-03 09:46:37'),
(186, 2, 10, '0', '2025-02-03 09:46:37'),
(187, 8, 11, '0', '2025-02-03 09:46:37'),
(188, 7, 1, '0', '2025-02-03 09:46:38'),
(189, 5, 2, '0', '2025-02-03 09:46:38'),
(190, 1, 3, '0', '2025-02-03 09:46:38'),
(191, 10, 4, '0', '2025-02-03 09:46:38'),
(192, 3, 5, '0', '2025-02-03 09:46:38'),
(193, 9, 6, '0', '2025-02-03 09:46:38'),
(194, 6, 7, '0', '2025-02-03 09:46:38'),
(195, 14, 8, '0', '2025-02-03 09:46:38'),
(196, 4, 9, '0', '2025-02-03 09:46:38'),
(197, 2, 10, '0', '2025-02-03 09:46:38'),
(198, 8, 11, '0', '2025-02-03 09:46:38'),
(199, 17, 12, '0', '2025-02-05 16:01:23'),
(200, 1, 1, '0', '2025-02-05 16:02:37'),
(201, 14, 2, '0', '2025-02-05 16:02:37'),
(202, 7, 3, '0', '2025-02-05 16:02:37'),
(203, 5, 4, '0', '2025-02-05 16:02:37'),
(204, 10, 5, '0', '2025-02-05 16:02:37'),
(205, 9, 6, '0', '2025-02-05 16:02:37'),
(206, 6, 7, '0', '2025-02-05 16:02:37'),
(207, 4, 8, '0', '2025-02-05 16:02:37'),
(208, 3, 9, '0', '2025-02-05 16:02:37'),
(209, 2, 10, '0', '2025-02-05 16:02:37'),
(210, 8, 11, '0', '2025-02-05 16:02:37'),
(211, 17, 12, '0', '2025-02-05 16:02:37'),
(212, 1, 1, '1', '2025-02-05 16:02:40'),
(213, 14, 2, '1', '2025-02-05 16:02:40'),
(214, 7, 3, '1', '2025-02-05 16:02:40'),
(215, 5, 4, '1', '2025-02-05 16:02:40'),
(216, 10, 5, '1', '2025-02-05 16:02:40'),
(217, 9, 6, '1', '2025-02-05 16:02:40'),
(218, 6, 7, '1', '2025-02-05 16:02:40'),
(219, 4, 8, '1', '2025-02-05 16:02:40'),
(220, 3, 9, '1', '2025-02-05 16:02:40'),
(221, 2, 10, '1', '2025-02-05 16:02:40'),
(222, 8, 11, '1', '2025-02-05 16:02:40'),
(223, 17, 12, '1', '2025-02-05 16:02:40');

-- --------------------------------------------------------

--
-- Table structure for table `category_vs_subcategory`
--

CREATE TABLE `category_vs_subcategory` (
  `cat_subcat_id` int(11) NOT NULL,
  `category_id` int(11) NOT NULL,
  `sub_category_id` int(11) NOT NULL,
  `is_active` enum('0','1') COLLATE utf8mb4_unicode_ci NOT NULL DEFAULT '1',
  `added_on` timestamp NOT NULL DEFAULT CURRENT_TIMESTAMP
) ENGINE=InnoDB DEFAULT CHARSET=utf8mb4 COLLATE=utf8mb4_unicode_ci;

--
-- Dumping data for table `category_vs_subcategory`
--

INSERT INTO `category_vs_subcategory` (`cat_subcat_id`, `category_id`, `sub_category_id`, `is_active`, `added_on`) VALUES
(1, 1, 1, '1', '2025-01-16 08:35:47'),
(2, 1, 2, '1', '2025-01-16 08:35:47'),
(3, 1, 3, '1', '2025-01-16 08:35:47'),
(4, 1, 4, '1', '2025-01-16 08:35:47'),
(5, 1, 5, '1', '2025-01-16 08:35:47'),
(6, 1, 6, '1', '2025-01-16 08:35:47'),
(7, 1, 7, '1', '2025-01-16 08:35:47'),
(8, 1, 8, '1', '2025-01-16 08:35:47'),
(9, 1, 9, '1', '2025-01-16 08:35:48'),
(101, 1, 97, '0', '2025-01-27 20:00:39'),
(103, 1, 97, '1', '2025-01-27 20:14:45'),
(10, 2, 10, '1', '2025-01-16 08:35:48'),
(11, 2, 11, '1', '2025-01-16 08:35:48'),
(12, 2, 12, '1', '2025-01-16 08:35:48'),
(13, 2, 13, '1', '2025-01-16 08:35:48'),
(14, 3, 14, '1', '2025-01-16 08:35:48'),
(15, 3, 15, '1', '2025-01-16 08:35:48'),
(16, 3, 16, '1', '2025-01-16 08:35:48'),
(17, 3, 17, '1', '2025-01-16 08:35:48'),
(18, 3, 18, '1', '2025-01-16 08:35:48'),
(19, 3, 19, '1', '2025-01-16 08:35:48'),
(20, 3, 20, '1', '2025-01-16 08:35:48'),
(21, 3, 21, '1', '2025-01-16 08:35:48'),
(22, 3, 22, '1', '2025-01-16 08:35:48'),
(23, 3, 23, '1', '2025-01-16 08:35:48'),
(24, 3, 24, '1', '2025-01-16 08:35:48'),
(25, 3, 25, '1', '2025-01-16 08:35:48'),
(102, 3, 97, '0', '2025-01-27 20:05:54'),
(26, 4, 1, '1', '2025-01-16 08:35:48'),
(27, 4, 2, '1', '2025-01-16 08:35:48'),
(28, 4, 3, '1', '2025-01-16 08:35:48'),
(29, 4, 4, '1', '2025-01-16 08:35:48'),
(30, 4, 5, '1', '2025-01-16 08:35:48'),
(31, 4, 6, '1', '2025-01-16 08:35:48'),
(32, 4, 7, '1', '2025-01-16 08:35:48'),
(33, 4, 8, '1', '2025-01-16 08:35:48'),
(34, 4, 9, '1', '2025-01-16 08:35:48'),
(37, 5, 18, '1', '2025-01-16 08:35:48'),
(35, 5, 26, '1', '2025-01-16 08:35:48'),
(36, 5, 27, '1', '2025-01-16 08:35:48'),
(38, 5, 28, '1', '2025-01-16 08:35:48'),
(39, 5, 29, '1', '2025-01-16 08:35:48'),
(40, 5, 30, '1', '2025-01-16 08:35:48'),
(107, 5, 101, '1', '2025-01-30 04:45:15'),
(56, 6, 20, '1', '2025-01-16 08:35:48'),
(41, 6, 31, '1', '2025-01-16 08:35:48'),
(42, 6, 32, '1', '2025-01-16 08:35:48'),
(43, 6, 33, '1', '2025-01-16 08:35:48'),
(44, 6, 34, '1', '2025-01-16 08:35:48'),
(45, 6, 36, '1', '2025-01-16 08:35:48'),
(46, 6, 37, '1', '2025-01-16 08:35:48'),
(47, 6, 38, '1', '2025-01-16 08:35:48'),
(48, 6, 39, '1', '2025-01-16 08:35:48'),
(49, 6, 40, '1', '2025-01-16 08:35:48'),
(50, 6, 41, '1', '2025-01-16 08:35:48'),
(51, 6, 42, '1', '2025-01-16 08:35:48'),
(52, 6, 43, '1', '2025-01-16 08:35:48'),
(53, 6, 44, '1', '2025-01-16 08:35:48'),
(54, 6, 45, '1', '2025-01-16 08:35:48'),
(55, 6, 46, '1', '2025-01-16 08:35:48'),
(57, 7, 47, '1', '2025-01-16 08:35:48'),
(58, 7, 48, '1', '2025-01-16 08:35:48'),
(59, 7, 49, '1', '2025-01-16 08:35:48'),
(60, 7, 50, '1', '2025-01-16 08:35:48'),
(61, 7, 51, '1', '2025-01-16 08:35:48'),
(62, 7, 52, '1', '2025-01-16 08:35:48'),
(63, 7, 53, '1', '2025-01-16 08:35:48'),
(64, 7, 54, '1', '2025-01-16 08:35:48'),
(65, 7, 55, '1', '2025-01-16 08:35:48'),
(66, 7, 56, '1', '2025-01-16 08:35:48'),
(67, 7, 57, '1', '2025-01-16 08:35:48'),
(68, 7, 58, '1', '2025-01-16 08:35:48'),
(69, 7, 59, '1', '2025-01-16 08:35:48'),
(70, 7, 60, '1', '2025-01-16 08:35:48'),
(71, 7, 61, '1', '2025-01-16 08:35:48'),
(72, 7, 62, '1', '2025-01-16 08:35:48'),
(73, 7, 63, '1', '2025-01-16 08:35:48'),
(74, 7, 64, '1', '2025-01-16 08:35:48'),
(105, 7, 99, '1', '2025-01-29 10:13:39'),
(106, 7, 100, '1', '2025-01-29 10:14:51'),
(75, 8, 65, '1', '2025-01-16 08:35:48'),
(76, 8, 66, '1', '2025-01-16 08:35:48'),
(77, 8, 67, '1', '2025-01-16 08:35:48'),
(78, 8, 69, '1', '2025-01-16 08:35:48'),
(79, 9, 70, '1', '2025-01-16 08:35:48'),
(80, 9, 71, '1', '2025-01-16 08:35:48'),
(81, 9, 72, '1', '2025-01-16 08:35:48'),
(82, 9, 73, '1', '2025-01-16 08:35:48'),
(83, 9, 74, '1', '2025-01-16 08:35:48'),
(84, 9, 75, '1', '2025-01-16 08:35:48'),
(85, 9, 76, '1', '2025-01-16 08:35:48'),
(86, 9, 77, '1', '2025-01-16 08:35:48'),
(87, 9, 78, '1', '2025-01-16 08:35:48'),
(88, 9, 79, '1', '2025-01-16 08:35:48'),
(89, 9, 80, '1', '2025-01-16 08:35:48'),
(90, 9, 81, '1', '2025-01-16 08:35:48'),
(104, 9, 98, '1', '2025-01-29 10:10:59'),
(91, 10, 82, '1', '2025-01-16 08:35:48'),
(92, 10, 83, '1', '2025-01-16 08:35:48'),
(93, 10, 84, '1', '2025-01-16 08:35:48'),
(94, 10, 85, '1', '2025-01-16 08:35:48'),
(95, 10, 86, '1', '2025-01-16 08:35:48'),
(96, 10, 87, '1', '2025-01-16 08:35:48');

-- --------------------------------------------------------

--
-- Table structure for table `contact_form`
--

CREATE TABLE `contact_form` (
  `id_contact_form` int(10) NOT NULL,
  `name` varchar(250) NOT NULL,
  `mobile_number` bigint(11) NOT NULL,
  `email` varchar(250) NOT NULL,
  `subject` text NOT NULL,
  `message` text NOT NULL,
  `added_on` datetime NOT NULL DEFAULT CURRENT_TIMESTAMP
) ENGINE=InnoDB DEFAULT CHARSET=utf8mb4;

--
-- Dumping data for table `contact_form`
--

INSERT INTO `contact_form` (`id_contact_form`, `name`, `mobile_number`, `email`, `subject`, `message`, `added_on`) VALUES
(1, 'gayatri', 9876543456, 'gayu@gmail.com', 'abcd', 'fs gdf gdg g ghg hghg', '2025-02-04 10:48:42'),
(2, 'Megha', 8787878787, 'megha@gmail.com', 'ttttt', 'fs tefrtvg gdg g ghg hghg', '2025-02-04 12:08:52'),
(3, 'Megha', 8787878787, 'megha@gmail.com', 'ttttt', 'fs tefrtvg gdg g ghg hghg', '2025-02-04 12:29:36'),
(4, 'Dipali', 9834522426, 'dipali@gmail.com', 'abcd', 'dsdsdsdsdsd', '2025-02-05 15:21:32');

-- --------------------------------------------------------

--
-- Table structure for table `orders`
--

CREATE TABLE `orders` (
  `order_id` int(11) NOT NULL,
  `order_date` date NOT NULL,
  `user_id` int(11) NOT NULL,
  `user_address_id` int(11) NOT NULL,
  `product_ids` text COLLATE utf8mb4_unicode_ci NOT NULL,
  `transaction_id` varchar(255) COLLATE utf8mb4_unicode_ci DEFAULT NULL,
  `shipping_method` varchar(45) COLLATE utf8mb4_unicode_ci DEFAULT NULL,
  `shipping_amount` decimal(10,0) DEFAULT NULL,
  `price_amount` decimal(10,0) DEFAULT NULL,
  `order_subtotal` decimal(10,0) DEFAULT NULL,
  `total_amount` decimal(10,0) NOT NULL,
  `status` text COLLATE utf8mb4_unicode_ci NOT NULL,
  `added_on` int(11) NOT NULL
) ENGINE=InnoDB DEFAULT CHARSET=utf8mb4 COLLATE=utf8mb4_unicode_ci;

--
-- Dumping data for table `orders`
--

INSERT INTO `orders` (`order_id`, `order_date`, `user_id`, `user_address_id`, `product_ids`, `transaction_id`, `shipping_method`, `shipping_amount`, `price_amount`, `order_subtotal`, `total_amount`, `status`, `added_on`) VALUES
(1, '2025-01-21', 1, 1, '38', '1', 'abc', 123, 122, 150, 0, 'Active', 0);

-- --------------------------------------------------------

--
-- Table structure for table `order_vs_product`
--

CREATE TABLE `order_vs_product` (
  `id_order_vs_product` int(11) NOT NULL,
  `quantity` int(11) NOT NULL,
  `unit_price` decimal(10,0) NOT NULL,
  `tax_amount` decimal(10,0) DEFAULT NULL,
  `product_id` int(11) NOT NULL,
  `product_price` decimal(10,0) NOT NULL,
  `product_description` text,
  `product_weight` decimal(10,0) NOT NULL,
  `product_name` varchar(1000) DEFAULT NULL,
  `category_id` int(11) NOT NULL,
  `subcategory_id` int(11) NOT NULL,
  `brand_id` int(11) NOT NULL,
  `category_name` varchar(255) DEFAULT NULL,
  `subcategory_name` varchar(255) DEFAULT NULL,
  `brand_name` varchar(1000) DEFAULT NULL,
  `order_id` int(11) NOT NULL,
  `order_total_amount` decimal(10,0) DEFAULT NULL,
  `added_on` datetime DEFAULT CURRENT_TIMESTAMP
) ENGINE=InnoDB DEFAULT CHARSET=latin1;

--
-- Dumping data for table `order_vs_product`
--

INSERT INTO `order_vs_product` (`id_order_vs_product`, `quantity`, `unit_price`, `tax_amount`, `product_id`, `product_price`, `product_description`, `product_weight`, `product_name`, `category_id`, `subcategory_id`, `brand_id`, `category_name`, `subcategory_name`, `brand_name`, `order_id`, `order_total_amount`, `added_on`) VALUES
(1, 50, 3, 5, 1, 300, 'sdfvdfvdfg dgfgdgvdgdg', 90, 'Kurkure Masala Munch', 1, 1, 1, 'abcd', 'axyz', 'axjkl', 1, 500, '2025-02-03 14:41:35');

-- --------------------------------------------------------

--
-- Table structure for table `products`
--

CREATE TABLE `products` (
  `product_id` int(11) NOT NULL,
  `product_name` varchar(1000) COLLATE utf8mb4_unicode_ci NOT NULL,
  `product_description` text COLLATE utf8mb4_unicode_ci NOT NULL,
  `price` float NOT NULL,
  `weight` float NOT NULL,
  `is_active` enum('0','1') COLLATE utf8mb4_unicode_ci NOT NULL DEFAULT '1',
  `added_on` timestamp NOT NULL DEFAULT CURRENT_TIMESTAMP,
  `edited_on` timestamp NULL DEFAULT NULL,
  `is_featured` enum('0','1') COLLATE utf8mb4_unicode_ci NOT NULL DEFAULT '0'
) ENGINE=InnoDB DEFAULT CHARSET=utf8mb4 COLLATE=utf8mb4_unicode_ci;

--
-- Dumping data for table `products`
--

INSERT INTO `products` (`product_id`, `product_name`, `product_description`, `price`, `weight`, `is_active`, `added_on`, `edited_on`, `is_featured`) VALUES
(1, 'ZEB-SD52 SSD 512GB, SATA II and SATA III Interface, QLC, Silent Operation', 'About this itemFaster performance, Smart & Silent operation512GB, Ultra low power consumptionFlash Interface QLCSequential Read Speed 550MB/s Sequential Write Speed 480MB/s', 2099, 40, '1', '2025-01-16 18:41:06', NULL, '1'),
(2, 'FRONTECH 775/1155 CPU Cooling Fan with Universal Socket & Heat Sink for Better Air Circulation, Super Silent, De-Vibrating, HS Sunflower Design, (CPF-0002, Black)', 'Give your PC a way to ventilate hot air and keep air flow for a cooled system. Fan speed 3000 RPM. Max Airflow. 55 CFM.Make your CPU cooler with this super cooling fan. It creates a flow of air that pushes heat out of your system preventing any overheating.An easy to install application that gets attached to your PCs CPU effortlessly. With a sunflower design that also improves the looks of your frame.Dissipate heat effectively with more air flow and less heat present. Helps you perform heavy tasks without damaging any internal parts.The super silent performance with de-vibration helps you perform your task in peace.', 239, 15, '1', '2025-01-16 18:41:06', NULL, '1'),
(3, 'Galaxy Microsystems Ltd., Galaxy Microsystems Ltd., Hong Kong, Kowloon Bay, Wang Chiu Rd, 33, Exchange Tower, Room 1601, 16th Floor', 'Advanced Cooling System: Equipped with 4 vibrant RGB cooling fans and a high-performance mesh front panel for superior airflow, ensuring optimal cooling efficiency even during intense gaming sessions.Crystal-Clear Display: The innovative hinged magnetic tempered glass door provides a clear view of your PC\'s components, showcasing your high-performance hardware in style.Enhanced Connectivity: Features 1x USB 3.0, 2x USB 2.0 ports, alongside dedicated 3.5mm microphone and headphone jacks for seamless connectivity. Includes a convenient reset button and a responsive power button for easy operation.Versatile Liquid Cooling Support: Supports various liquid cooling configurations including front (240mm/280mm/360mm), top (240mm/280mm), and rear (120mm), enabling you to unleash the full potential of advanced cooling solutions for overclocking and intensive tasks.Spacious Interior Design: Offers ample room to accommodate ATX, M-ATX, and ITX motherboards, ensuring compatibility with a wide range of gaming setups and hardware configurations.Optimized Graphics Card Compatibility: Supports graphics cards up to 330mm in length, allowing you to install the latest high-performance GPUs without compromise.Sleek and Modern Aesthetic: Boasts a minimalist design with clean lines, adding a sophisticated touch to your gaming rig while complementing any gaming environment.', 3379, 4300, '1', '2025-01-16 18:41:06', NULL, '1'),
(4, 'HP All-in-One PC, Windows 11 Home, Intel Processor N200, 21.45-Inch (54.5 Cm), FHD, Intel UHD Graphics, 720P HD Camera W/Privacy Shutter, Dual Speakers (Win 11, White, 4.17 Kg), Dg0154In', '4-core Intel Processor N200 Experience reliable performance with a processor that features 4 threads and 6MB L3 cache for smooth multitasking and fast processing.Intel UHD graphics Enjoy immersive visuals with Intel UHD graphics. Perfect for both work and entertainment, it delivers crystal-clear images for an enhanced viewing experience.Substantial memory and storage The 8GB DDR5 RAM ensures efficient multitasking, while the 512GB PCIe NVMe SSD provides ample storage space for all your files and applications.Micro-edge display Immerse yourself in the 21.45\" FHD, anti-glare, and micro-edge display. Experience vivid colors and sharp details with 99% sRGB for an unforgettable viewing experience.Seamless connectivity Stay connected with Wi-Fi 6 (1x1) and Bluetooth 5.3. It also features 1 x USB Type-C, 4 x USB Type-A, 1 x RJ-45, and 1 x HDMI-out 1.4 port for easy connectivity.HD Conferencing The HP True Vision 720p HD camera with temporal noise reduction ensures clear video calls. The dual speakers offer high-quality audio for an improved conferencing experience.Why HP Choose HP, India\'s No.1 PC brand, for cutting-edge technology, robust performance, and reliable service. Enjoy peace of mind with HP\'s extensive network of service centers.', 30990, 4170, '1', '2025-01-16 18:41:06', NULL, '1'),
(5, 'Lenovo IdeaCentre AIO 13th Gen Core i3-1315U 27\" FHD IPS (8GB RAM/512GB SSD/Windows11/MS Office 2021/3Wx2 Harman Speakers/Alexa Built-in/Wireless Keyboard & Mouse, Grey), F0HM00G4IN All-in-One Desktop', 'Processor: Intel Core i3-1315U | Speed: Base 1.2Ghz, Max 4.5Ghz, E-Core 0.9/3.3Ghz | 6 Cores | 8 Threads | 10MB CacheOS: Pre-Loaded Windows 11 Home with Lifetime Validity | Office Home & Student 2021Memory and Storage: 1x8GB DDR5-5200 RAM, Two DDR5 SO-DIMM slots, dual-channel capable, Up to 32GB DDR5-5200 | Storage: 512GB SSD M.2 2280 PCIe 4.0x4 NVMe || Graphics: Integrated Intel UHD GraphicsDisplay: 27-inch Full HD IPS (1920x1080) | Brightness: 300 nits | IPS Display | Anti Glare | 99% sRGB | 3-side borderless, hardware low blue light, Non-TouchCamera:- 5.0 MP | Speakers:- 3Wx2, HARMAN', 49490, 7100, '1', '2025-01-16 18:41:06', NULL, '0'),
(6, 'Apple 2023 iMac (24-inch, Apple M3 chip with 8?core CPU and 8?core GPU, 8GB Unified Memory, 256GB) - Silver', 'SUPERCHARGED BY M3  Get more done faster with a next-generation chip from Apple. From creating presentations to gaming, youll fly through work and play.FITS PERFECTLY IN YOUR SPACE  The all-in-one desktop design is strikingly thin, comes in vibrant colours and becomes the centrepiece of any room.IMMERSIVE DISPLAY  The 60.96 cm (24) 4.5K Retina display features 500 nits of brightness and support for one billion colours. Everything from streaming movies to editing photos is sharp and colourful.ADVANCED CAMERA AND AUDIO  Look and sound your best with a 1080p FaceTime HD camera, a studio-quality three-mic array and a six-speaker sound system with Spatial Audio.WORKS WITH YOUR FAVOURITE APPS  All your go-to apps run lightning fast  including Microsoft 365, Adobe Creative Cloud and Zoom. You can even run many of your favourite iPhone and iPad apps directly on your iMac.WORKS WITH ALL YOUR APPLE DEVICES  You can do amazing things when you use your Apple devices together. Copy something on iPhone and paste it on iMac. Use your iMac to answer FaceTime calls or send texts with Messages. And thats just the beginning.MAGIC ACCESSORIES INCLUDED  iMac comes with a colour-matched Magic Mouse and Magic Keyboard.', 119990, 4480, '1', '2025-01-16 18:41:06', NULL, '0'),
(7, 'Sandisk 1TB Portable SSD, 800MB/s R, USB 3.2 Gen 2, Rugged SSD with Upto 2 Meter Drop Protection, Type-C to Type-A Cable, PC & Mac Compatible, 3 Y Warranty, External SSD (SDSSDE30-1T00-G26)', 'Get fast solid state performance with 800MB/s read speeds in a portable driveBack up your content and memories on a storage solution that fits seamlessly into your mobile lifestyleTake it with you on your adventuresup to two-meter drop protection means this durable drive can take a beatingSecure it to your belt loop or backpack for extra peace of mind thanks to the tough rubber hookFrom SanDisk, a brand professional photographers trust to take on assignments', 6997, 40.8, '1', '2025-01-16 18:41:06', NULL, '0'),
(8, 'SAMSUNG EVO Plus 256GB Micro w/SD Adaptor SDXC, Up-to 160MB/s, Expanded Storage for Gaming Devices, Android Tablets and Smart Phones, Memory Card, MB-MC256SA/IN', 'FAST AND SMOOTH: With speeds of up to 160 MB/s, you can store, save, and share instantly. Even with huge files, EVO Plus is incredibly quick with superfast U3, Class 10 rated transfer speeds of up to 160MB/s; Big apps load and run smoothly, while 4K video remains sharp with A2, V30, and UHS-I Interface**ALL THE SPACE YOU NEED: Enhanced speed + compatibility = dependable performance; EVO Plus + Adapter lets you load games to your console, or download more apps on your tablet; Top-notch speed makes transfers seamless and reliable*EXPAND AND STORE BIG: Options available from 64GB to a 1TB. choose your EVO Plus and expand your capacity for hi-resolution images and 4K video files.; With so many sizes select the perfect capacity for all your memories***d 4K video files.YOU\'RE FULLY PROTECTED: The EVO Plus takes on lifes adventures with water, temperature, X-ray, magnet, drop, and wearout protection; Your experiences are irreplaceable and deserves reliable storage, backed by a 10-year limited warranty****WORLD\'S NO. 1 FLASH MEMORY BRAND: Performance and reliability you can count on from the world\'s number one brand for flash memory since 2003;***** All firmware and components are produced in-house, including our world-renowned DRAM and NAND, for quality you can trust', 1748, 50, '1', '2025-01-16 18:41:06', NULL, '0'),
(9, 'HP x796w 256GB USB 3.2 Flash Drive', '[Storage] : Offers a mobile storage solution to store and share your music, photos, les and more.[Design] : Durable metal casing. It is ideal as external storage.', 2399, 14, '1', '2025-01-16 18:41:06', NULL, '0'),
(10, 'ASUS Vivobook 16\" FHD+ (1920 X 1200), 60Hz 300Nits, Core i5-12500H, (16GB RAM/512GB SSD/Intel Iris X? Graphics/Win 11/Office Home/Fingerprint/42Whr Battery/Transparent Silver/1.88Kg), X1605ZAC-MB541WS', 'Processor : Intel Core i5-12500H Processor 2.5 GHz (18M Cache, up to 4.5 GHz, 4P+8E cores) Perfect for multitasking and entertainmentMemory : 16GB DDR4 RAM| Storage : 512GB M.2 NVMe PCIe 4.0 SSDGraphics : Intergrated Intel Iris X GraphicsDisplay :16.0-inch, WUXGA (1920 x 1200) 16:10 aspect ratio, 60Hz refresh rate, 300nits Brightness| Keyboard : Backlit Chiclet KeyboardBattery : 42WHrs, 3S1P, 3-cell Li-ionI/O Ports : 1x USB 2.0 Type-A, 1x USB 3.2 Gen 1 Type-C, 2x USB 3.2 Gen 1 Type-A, 1x HDMI 1.4, 1x DC-inAudio : 1x 3.5mm Combo Audio Jack, Webcam : 720p HD camera with privacy shutter, Mic : Built-in array microphoneOn Board Wireless : Wi-Fi 5(802.11ac) (Dual band) 1*1 + Bluetooth 5.1 Wireless Card (*Bluetooth version may change with OS version different.)', 51990, 188, '1', '2025-01-16 18:41:06', NULL, '0'),
(11, 'Dell 15 [Smartchoice] Intel Core i3-1215U Processor, 12th Gen (8GB RAM/512GB SSD/FHD/Window 11/MS Office\' 21/15\"(38 cm) Display/15 Month McAfee/Black/1.69kg Thin & Light Laptop', 'Processor: Intel Core i3-1215U 12th Generation (up to 4.40 GHz, 10MB 6 Cores)RAM & Storage: 8 GB, 1 x 8 GB, DDR4, 2666 MHz, (2 DIMM Slots, Expandable up to 16GB) & 512GB SSDSoftware: Pre-Loaded Windows 11 Home with Lifetime Validity | MS Office Home and Student 2021 with lifetime validity| McAfee Multi-Device Security 15-month subscriptionGraphics & Keyboard: Integrated Onboard Graphics & Standard Keyboard // Display: 15.6\" FHD WVA AG 120Hz 250 nits Narrow BorderPorts: 2 USB 3.2 Gen 1 ports, 1 USB 2.0 port, 1 Headset jack, 1 HDMI 1.4 port, 1 SD 3.0 card slot, 1 Flip-Down RJ-45 port 10/100/1000 Mbps', 33990, 1690, '1', '2025-01-16 18:41:06', NULL, '0'),
(12, 'LG UltraWide 29 inch (73 cm) IPS FHD, 2560x1080 Pixels, Color Calibrated, 100Hz, 7W x 2 Inbuilt Speaker, USB-C, Display Port, HDMI, White Color-29WQ600', 'Display: 29 inch (73cm) 21:9 UltraWide IPS FHD (2560 x 1080) , sRGB 99%, Color Calibrated, HDR10Connectivity: USB-C, Display Port , HDMI Port, Headphone outGaming Features: 100hz Refresh rate, Motion Blur Reduction , AMD FreeSync, Black StablizerSpecial Feature : Inbuilt Speaker 7W x 2 with Max Audio, Tilt Adjustment, White ColorWarranty: 3 Years Parts and Labour', 16999, 4500, '1', '2025-01-16 18:41:06', NULL, '0'),
(13, 'ZEBRONICS New Launch N24A 24\"(60.4 cm) Gaming Monitor, FHD 1920x1080, IPS-Antiglare Display, 280Nits, 180Hz, 1ms MPRT, HDR10, 99% sRGB, Adaptive Sync, 1 x DP | 1 x HDMI | 1 x 3.5mm', 'Anti-glare screen: The 60.4cm screen of the ZEB-N24A is treated with an anti-glare coating, which reduces reflections and minimizes eye strain during prolonged gaming sessions.Built-in Speakers: Equipped with built-in speakers, the ZEB-N24A offers a convenient audio solution without the need for external speakers.Bezel-Less Design: The ZEB-N24A boasts a sleek, bezel-less design, providing an expansive viewing area that enhances the sense of immersion. Its 16:9 aspect ratio offers a wider viewing experience.Refresh Rate: The monitor\'s 180Hz refresh rate and 1ms MPRT ensure smooth gameplay with reduced motion blur and more frames per second.High-resolution: The monitor\'s IPS display and Full HD 1920x1080 resolution deliver sharp, clear visuals, offering an ideal balance between performance and quality for gaming.Brightness: The ZEB-N24A offers 280 nits of brightness and supports HDR10 for enhanced contrast and a broader color range.Connectivity: The ZEB-N24A features one DisplayPort, one HDMI port, and a headphone jack, providing flexible connectivity.', 7998, 2750, '1', '2025-01-16 18:41:06', NULL, '0'),
(14, 'D-Link DIR-825 |1200Mbps Dual Band Wi-Fi Router| Speeds 2.4 GHz up to 300Mbps & 5 GHz up to 867Mbps | Gigabit Ethernet Ports | High-Gain Antennas | Easy Setup |MTCTE Certified', 'AC 1200 Mbps WAVE 2 Concurrent dual band wireless Router with 4 High gain Omni Antenna802.11 a/b/g/n/ac standards with speed of 300 Mbps on 2.4Ghz & 867 Mbps on 5GhzGigabit Ports -- One Gigabit WAN & Four Gigabit LAN ports for high speed wired connectivity.MU-MIMO -- MU-MIMO, which transmits data to multiple wireless devices simultaneously to increase speed and efficiencyMultiple Operating modes: Router mode : to access the internet. Access Point mode : to extend wired network over wireless .Repeater mode : to extend the range of existing wireless router.Easy Setup: Super simple set-up with the D-Link Assistant Mobile APP Or with intuitive WEB GUI setup wizard', 1699, 1040, '1', '2025-01-16 18:41:06', NULL, '0'),
(15, 'Canon Pixma MG2577s All-in-One Inkjet Colour Printer (Blue/White)', 'Printer Type - Inkjet; Functionality - All-in-One (Print, Scan, Copy), Scanner type - Flatbed ; Printer Output - ColourConnectivity - USB ; Compatibility - Windows XP or newer and Mac OS X v10.7.5 or newerPages per minute - 8 pages (Black), 4 pages (Colour) ; Cost per page - Rs 5.3 (Black & White), Rs 7.8 (Colour) - As per ISO standardsIdeal usage - Home & Small Office, Low usage ( less than 100 pages per month)Page size supported - 4.0\"x6.0\" till A4 / Letter / Legal ; Duplex Print - Manual ; Print resolution - 4800x600Compatible Ink Cartridge - PG-745 (Black), CL-746 (Colour) ; Page Yield - 180 pages ; Includes 1 Black and 1 Colour cartridge in the boxWarranty Details: 1 year manufacturer warranty from the date of purchase', 2899, 4800, '1', '2025-01-16 18:41:06', NULL, '0'),
(16, 'Epson Perfection V39 Scanner', '4800 x 4800 dpi scanningUSB poweredBuilt-in kickstandDetachable lidEasy Photo ScanWith Epson Easy Photo Fix software, improve the quality of your scans by removing dust, restoring faded colours and correcting backlight', 5349, 1200, '1', '2025-01-16 18:41:06', NULL, '0'),
(17, 'Xiaomi Pad 6| Qualcomm Snapdragon 870| Powered by HyperOS |144Hz Refresh Rate| 8GB, 256GB| 2.8K+ Display (11-inch/27.81cm) Tablet| Dolby Vision Atmos| Quad Speakers| Wi-Fi| Gray', 'Snapdragon 870 Octa-Core Processor | Adreno 650 | Qualcomm AI engine | LPDDR5 RAM | UFS 3.1 | Up to 8GB RAM144Hz 7-Stage Refresh Rate | 27.9cm(11) Display Tablet | 2.8K Resolution | 1 Billion Colors | 2880*1800 High ResolutionQuad Speakers with Dolby Atmos | Long Lasting 8840mAh Battery | Android 13 | MIUI 14 with Android & Security Updates8MP Front Camera with Focus Frame | 13MP Rear Camera | Metal Unibody Design', 21999, 1700, '1', '2025-01-16 18:41:06', NULL, '0'),
(18, 'OnePlus Pad 2(12.1 Inch)LCD Display,12GB RAM, 256GB Storage,Snapdragon 8 Gen 3,144Hz Refresh Rate,Dolby Vision & Atmos,Open Canvas,AI features,6 speakers,Wi-Fi with Cellular Data Sharing [Nimbus Gray]', '[Display]: 3K+ Display (30.73cm), 7:5 ReadFit ratio; Display type: IPS LCD; Display resolution: 3000x2120 Dolby Vision display, 304 PPI; Peak Display brightness (900 nits); Screen refresh rate: 144Hz.[AI-enhanced Productivity]: AI Eraser 2.0 to remove unwanted objects in photos, Smart Cutout to quickly create stickers, & the AI Toolbox set of features like AI Summary & AI Writer.[Design & Storage]: 12GB RAM+ 256GB storage. All-metal unibody seamless design for lasting beauty and durability. Anodization enhances durability, ensuring a scratch-free look.[Processor]: Snapdragon 8 Gen 3 is one of the fastest SoC in the smartphone industry, and with stable diffusion. The upgraded Qualcomm Adreno GPU yields 25% faster graphics rendering and 25% improved GPU power efficiency, enhancing gaming and streaming[Speakers]: Equipped with 6 speakers (3 on each side), it delivers a more impactful bass effect, clearer high-frequency performance, and a more immersive stereo sound experience.[Battery & Charging]: 9510mAh Battery with 67W SUPERVOOC fast charging which can fully charge the Pad 2 in just 80 minutes.[Camera]: Front 8MP & Rear 13MP cameras which clearly capture memorable moments, scan files/documents easily along with lots of AI features', 40999, 1710, '1', '2025-01-16 18:41:06', NULL, '0'),
(34, 'Testing PRoduct ', '<p>sdasdas sd sd as d</p>', 200, 20, '1', '2025-01-18 04:06:01', NULL, '0'),
(35, 'asdsadsa das ds d ', '<p>123</p>', 200, 20, '1', '2025-01-27 06:46:51', NULL, '0');

-- --------------------------------------------------------

--
-- Table structure for table `product_images`
--

CREATE TABLE `product_images` (
  `prod_img_id` int(11) NOT NULL,
  `product_id` int(11) NOT NULL,
  `file_name` text COLLATE utf8mb4_unicode_ci NOT NULL,
  `is_active` enum('0','1') COLLATE utf8mb4_unicode_ci NOT NULL,
  `added_on` timestamp NOT NULL DEFAULT CURRENT_TIMESTAMP,
  `data` blob
) ENGINE=InnoDB DEFAULT CHARSET=utf8mb4 COLLATE=utf8mb4_unicode_ci;

--
-- Dumping data for table `product_images`
--

INSERT INTO `product_images` (`prod_img_id`, `product_id`, `file_name`, `is_active`, `added_on`, `data`) VALUES
(1, 1, '71nTwoiWQIL._SX522_.jpg', '1', '2025-01-16 19:02:12', NULL),
(2, 1, '61F1S1V5chL._SX522_.jpg', '1', '2025-01-16 19:02:12', NULL),
(3, 1, '61JbOmmHjSL._SX522_.jpg', '1', '2025-01-16 19:02:12', NULL),
(4, 2, '81y5M1xVgKL._SX522_.jpg', '1', '2025-01-16 19:02:12', NULL),
(5, 2, '81hwM+O36bL._SX522_.jpg', '1', '2025-01-16 19:02:12', NULL),
(6, 2, '71uNfJgnrYL._SX522_.jpg', '1', '2025-01-16 19:02:12', NULL),
(7, 3, '819cvkE--kL._SX679_.jpg', '1', '2025-01-16 19:02:12', NULL),
(8, 3, '81qU9HN4E+L._SX679_.jpg', '1', '2025-01-16 19:02:12', NULL),
(9, 3, '81OLJHvnAML._SX679_.jpg', '1', '2025-01-16 19:02:12', NULL),
(10, 4, '61wt6u4yXEL._SX679_.jpg', '1', '2025-01-16 19:02:12', NULL),
(11, 4, '71bzRKPLHcL._SX679_.jpg', '1', '2025-01-16 19:02:12', NULL),
(12, 4, '81tP0fMaJML._SX679_.jpg', '1', '2025-01-16 19:02:12', NULL),
(13, 5, '71u2F4bIzXL._SX679_.jpg', '1', '2025-01-16 19:02:12', NULL),
(14, 5, '71QR6AY4M6L._SX679_.jpg', '1', '2025-01-16 19:02:12', NULL),
(15, 5, '611mEARqOnL._SX679_.jpg', '1', '2025-01-16 19:02:12', NULL),
(16, 5, '612FGLxoQDL._SX679_.jpg', '1', '2025-01-16 19:02:12', NULL),
(17, 6, '61Tedl8bksL._SX679_.jpg', '1', '2025-01-16 19:02:12', NULL),
(18, 6, '71Ce7JmgS6L._SX679_.jpg', '1', '2025-01-16 19:02:12', NULL),
(19, 7, '71bBCTIvIIL._SX679_.jpg', '0', '2025-01-16 19:02:12', NULL),
(20, 8, '71ai4yZJUgL._SX679_.jpg', '1', '2025-01-16 19:02:12', NULL),
(21, 8, '51yvHIQUPgL._SX679_.jpg', '1', '2025-01-16 19:02:12', NULL),
(22, 8, '41xDwVVxTWL._SX679_.jpg', '1', '2025-01-16 19:02:12', NULL),
(23, 8, '518YeDMbgmL._SX679_.jpg', '1', '2025-01-16 19:02:12', NULL),
(24, 8, '71Tflh-kCeL._SY879_.jpg', '1', '2025-01-16 19:02:12', NULL),
(25, 9, '81E+P0-L1VL._SX679_.jpg', '1', '2025-01-16 19:02:12', NULL),
(26, 9, '81Paie44TSL._SX679_.jpg', '1', '2025-01-16 19:02:12', NULL),
(27, 10, '71t2GDCrIbL._SX679_.jpg', '1', '2025-01-16 19:02:12', NULL),
(28, 10, '81ceMuSihLL._SX679_.jpg', '1', '2025-01-16 19:02:12', NULL),
(29, 10, '61fsBFww9DL._SX679_.jpg', '1', '2025-01-16 19:02:12', NULL),
(30, 11, '61-Y-eWXqtL._SX679_.jpg', '1', '2025-01-16 19:02:12', NULL),
(31, 11, '61Egbtl06bL._SX679_.jpg', '1', '2025-01-16 19:02:12', NULL),
(32, 11, '51O+exD+3jL._SL1000_.jpg', '1', '2025-01-16 19:02:12', NULL),
(33, 12, '61JNbQnIUDL._SX522_.jpg', '1', '2025-01-16 19:02:12', NULL),
(34, 12, '417UynCAixL._SX522_.jpg', '1', '2025-01-16 19:02:12', NULL),
(35, 13, '81TB5JcEKkL._SX679_.jpg', '1', '2025-01-16 19:02:12', NULL),
(36, 14, '314BnT0d8FL._SY300_SX300_QL70_FMwebp_.webp', '1', '2025-01-16 19:02:12', NULL),
(37, 15, '51TgRks3kIL._SX679_.jpg', '1', '2025-01-16 19:02:12', NULL),
(38, 15, '61vbnkR36zL._SX679_.jpg', '1', '2025-01-16 19:02:12', NULL),
(39, 15, '71ricz+ENhL._SX679_.jpg', '1', '2025-01-16 19:02:12', NULL),
(40, 16, '61e8xgi7jrL._SX679_.jpg', '1', '2025-01-16 19:02:12', NULL),
(41, 17, '61N1RFGVVCL._SX522_.jpg', '1', '2025-01-16 19:02:12', NULL),
(42, 17, '81oz4DcvD4L._SX522_.jpg', '1', '2025-01-16 19:02:12', NULL),
(43, 17, '7135E0xd7xL._SX522_.jpg', '1', '2025-01-16 19:02:12', NULL),
(44, 18, '61tslaYWLjL._SX522_.jpg', '1', '2025-01-16 19:02:12', NULL),
(45, 18, '51jgG3xLVnL._SX522_.jpg', '1', '2025-01-16 19:02:12', NULL),
(46, 18, '51HCGpeU88L._SX522_.jpg', '1', '2025-01-16 19:02:12', NULL),
(47, 18, '7163MSZRX3L._SL1500_.jpg', '1', '2025-01-16 19:02:12', NULL),
(48, 18, '71NblC5DpxL._SL1500_.jpg', '1', '2025-01-16 19:02:12', NULL),
(73, 34, 'image0.png', '1', '2025-01-18 04:06:01', NULL),
(74, 34, 'image1.png', '1', '2025-01-18 04:06:01', NULL),
(75, 34, 'image2.png', '1', '2025-01-18 04:06:01', NULL),
(76, 34, 'image3.png', '1', '2025-01-18 04:06:01', NULL),
(77, 34, 'image4.png', '1', '2025-01-18 04:06:01', NULL),
(78, 34, 'image5.png', '1', '2025-01-18 04:06:01', NULL),
(79, 34, 'image6.png', '1', '2025-01-18 04:06:01', NULL),
(80, 34, 'image7.png', '1', '2025-01-18 04:06:01', NULL),
(81, 35, 'image0.png', '1', '2025-01-27 06:46:51', NULL);

-- --------------------------------------------------------

--
-- Table structure for table `product_mapping`
--

CREATE TABLE `product_mapping` (
  `product_mapping_id` int(11) NOT NULL,
  `product_id` int(11) NOT NULL,
  `brand_id` int(11) NOT NULL,
  `category_id` int(11) NOT NULL,
  `sub_category_id` int(11) NOT NULL,
  `added_on` timestamp NOT NULL DEFAULT CURRENT_TIMESTAMP,
  `is_active` enum('0','1') COLLATE utf8mb4_unicode_ci NOT NULL DEFAULT '1'
) ENGINE=InnoDB DEFAULT CHARSET=utf8mb4 COLLATE=utf8mb4_unicode_ci;

--
-- Dumping data for table `product_mapping`
--

INSERT INTO `product_mapping` (`product_mapping_id`, `product_id`, `brand_id`, `category_id`, `sub_category_id`, `added_on`, `is_active`) VALUES
(1, 1, 3, 2, 1, '2025-01-16 19:14:11', '1'),
(2, 2, 5, 2, 1, '2025-01-16 19:14:11', '1'),
(3, 3, 6, 2, 1, '2025-01-16 19:14:11', '1'),
(4, 4, 1, 2, 2, '2025-01-16 19:14:11', '1'),
(5, 5, 7, 2, 2, '2025-01-16 19:14:11', '1'),
(6, 6, 8, 2, 2, '2025-01-16 19:14:11', '1'),
(7, 7, 9, 2, 3, '2025-01-16 19:14:11', '1'),
(8, 8, 10, 2, 3, '2025-01-16 19:14:11', '1'),
(9, 9, 1, 2, 3, '2025-01-16 19:14:11', '1'),
(10, 10, 11, 2, 4, '2025-01-16 19:14:11', '1'),
(11, 11, 2, 2, 4, '2025-01-16 19:14:11', '1'),
(12, 12, 12, 2, 5, '2025-01-16 19:14:11', '1'),
(13, 13, 3, 2, 5, '2025-01-16 19:14:11', '1'),
(14, 14, 13, 2, 6, '2025-01-16 19:14:11', '1'),
(15, 15, 14, 2, 7, '2025-01-16 19:14:11', '1'),
(16, 16, 15, 2, 8, '2025-01-16 19:14:11', '1'),
(17, 17, 16, 2, 9, '2025-01-16 19:14:11', '1'),
(18, 18, 17, 2, 9, '2025-01-16 19:14:11', '1'),
(28, 34, 17, 10, 87, '2025-01-18 04:06:01', '1'),
(29, 35, 17, 10, 87, '2025-01-27 06:46:51', '1');

-- --------------------------------------------------------

--
-- Table structure for table `rating_review`
--

CREATE TABLE `rating_review` (
  `id` int(11) NOT NULL,
  `order_id` int(11) NOT NULL,
  `product_id` int(11) NOT NULL,
  `user_id` int(11) NOT NULL,
  `rating` int(11) NOT NULL,
  `message` text COLLATE utf8mb4_unicode_ci NOT NULL,
  `added_on` datetime NOT NULL DEFAULT CURRENT_TIMESTAMP,
  `status` text COLLATE utf8mb4_unicode_ci NOT NULL
) ENGINE=InnoDB DEFAULT CHARSET=utf8mb4 COLLATE=utf8mb4_unicode_ci;

--
-- Dumping data for table `rating_review`
--

INSERT INTO `rating_review` (`id`, `order_id`, `product_id`, `user_id`, `rating`, `message`, `added_on`, `status`) VALUES
(1, 1, 3, 3, 2, 'Cras non velit nec nisi vulputate nonummy. Maecenas tincidunt lacus at velit. Vivamus vel nulla eget eros elementum pellentesque.', '2025-01-21 00:00:00', 'Active'),
(2, 1, 1, 1, 4, 'vvvvvThis is a sample text message that contains exactly one hundred characters for validation purpose.', '0000-00-00 00:00:00', 'Active'),
(3, 1, 2, 1, 4, 'vvvvvThis is a sample text message that contains exactly one hundred characters for validation purpose.', '0000-00-00 00:00:00', 'Active'),
(4, 1, 3, 2, 4, 'Excellent', '0000-00-00 00:00:00', 'Active'),
(5, 1, 1, 1, 1, '', '0000-00-00 00:00:00', 'Active'),
(6, 1, 2, 1, 4, 'NotBad', '0000-00-00 00:00:00', 'Active'),
(7, 1, 3, 1, 5, 'Excellent', '0000-00-00 00:00:00', 'Active'),
(8, 1, 1, 1, 1, '', '0000-00-00 00:00:00', 'Active'),
(9, 1, 2, 1, 4, 'NotBad', '0000-00-00 00:00:00', 'Active'),
(10, 1, 3, 1, 3, 'Excellent', '0000-00-00 00:00:00', 'Active'),
(11, 1, 1, 1, 2, '', '0000-00-00 00:00:00', 'Active'),
(12, 1, 2, 1, 4, 'NotBad', '0000-00-00 00:00:00', 'Active'),
(13, 1, 3, 1, 4, 'Excellent', '0000-00-00 00:00:00', 'Active'),
(14, 1, 1, 1, 5, 'vvvvvThis is a sample text message that contains exactly one hundred characters for validation purpose.', '2025-02-12 17:30:08', 'Active'),
(15, 1, 2, 1, 3, 'vvvvvThis is a sample text message that contains exactly one hundred characters for validation purpose.', '2025-02-12 17:30:08', 'Active'),
(16, 1, 3, 1, 4, 'vvvvThis is a sample text message that contains exactly one hundred characters for validation purpose.', '2025-02-12 17:30:08', 'Active');

-- --------------------------------------------------------

--
-- Table structure for table `sub_category`
--

CREATE TABLE `sub_category` (
  `sub_category_id` int(11) NOT NULL,
  `sub_category_name` varchar(255) COLLATE utf8mb4_unicode_ci NOT NULL,
  `sub_category_value` varchar(255) COLLATE utf8mb4_unicode_ci NOT NULL,
  `added_on` timestamp NOT NULL DEFAULT CURRENT_TIMESTAMP,
  `is_active` enum('0','1') COLLATE utf8mb4_unicode_ci NOT NULL
) ENGINE=InnoDB DEFAULT CHARSET=utf8mb4 COLLATE=utf8mb4_unicode_ci;

--
-- Dumping data for table `sub_category`
--

INSERT INTO `sub_category` (`sub_category_id`, `sub_category_name`, `sub_category_value`, `added_on`, `is_active`) VALUES
(1, 'Components', '', '2025-01-16 08:23:31', '1'),
(2, 'Desktops', '', '2025-01-16 08:23:31', '1'),
(3, 'External Devices & Data Storage', '', '2025-01-16 08:23:31', '1'),
(4, 'Laptops', '', '2025-01-16 08:23:31', '1'),
(5, 'Monitors', '', '2025-01-16 08:23:31', '1'),
(6, 'Networking Devices', '', '2025-01-16 08:23:31', '1'),
(7, 'Printers, Inks & Accessories', '', '2025-01-16 08:23:31', '1'),
(8, 'Scanners', '', '2025-01-16 08:23:31', '1'),
(9, 'Tablets', '', '2025-01-16 08:23:31', '1'),
(10, 'Mobile Accessories', '', '2025-01-16 08:23:31', '1'),
(11, 'Data Cards & Dongles', '', '2025-01-16 08:23:31', '1'),
(12, 'Smartphones & Basic Mobiles', '', '2025-01-16 08:23:31', '1'),
(13, 'Smart Watches', '', '2025-01-16 08:23:31', '1'),
(14, 'Home Cinema, TV & Video Accessories', '', '2025-01-16 08:23:31', '1'),
(15, 'AV Receivers & Amplifiers', '', '2025-01-16 08:23:31', '1'),
(16, 'DVD Players & Recorders', '', '2025-01-16 08:23:31', '1'),
(17, 'Home Theater Systems', '', '2025-01-16 08:23:31', '1'),
(18, 'Media Streaming Devices', '', '2025-01-16 08:23:31', '1'),
(19, 'Portable DVD & Blu-ray Players', '', '2025-01-16 08:23:31', '1'),
(20, 'Home Cinema Projectors', '', '2025-01-16 08:23:31', '1'),
(21, 'Satellite Dishes', '', '2025-01-16 08:23:31', '1'),
(22, 'Satellite TV Dish Equipment', '', '2025-01-16 08:23:31', '1'),
(23, 'Home Cinema Speakers', '', '2025-01-16 08:23:31', '1'),
(24, 'Televisions', '', '2025-01-16 08:23:31', '1'),
(25, 'TV Receivers', '', '2025-01-16 08:23:31', '1'),
(26, 'Hi-Fi & Home Audio Accessories', '', '2025-01-16 08:23:31', '1'),
(27, 'Hi-Fi Compact Stereo Systems', '', '2025-01-16 08:23:31', '1'),
(28, 'Radios & Boomboxes', '', '2025-01-16 08:23:31', '1'),
(29, 'Receivers & Separates', '', '2025-01-16 08:23:31', '1'),
(30, 'Hi-Fi & Home Audio Speakers', '', '2025-01-16 08:23:31', '1'),
(31, 'Camera & Photo Accessories', '', '2025-01-16 08:23:31', '1'),
(32, 'Action Cameras', '', '2025-01-16 08:23:31', '1'),
(33, 'Binoculars, Telescopes & Optics', '', '2025-01-16 08:23:31', '1'),
(34, 'Cases & Bags for Camera & Photo', '', '2025-01-16 08:23:31', '1'),
(35, 'Digital Cameras', '', '2025-01-16 08:23:31', '1'),
(36, 'Film Scanners', '', '2025-01-16 08:23:31', '1'),
(37, 'Film Cameras', '', '2025-01-16 08:23:31', '1'),
(38, 'Camera Flashes', '', '2025-01-16 08:23:31', '1'),
(39, 'Camcorder & Camera Lenses', '', '2025-01-16 08:23:31', '1'),
(40, 'Photo Printers', '', '2025-01-16 08:23:31', '1'),
(41, 'Photo Studio & Lighting', '', '2025-01-16 08:23:31', '1'),
(42, 'Security Cameras', '', '2025-01-16 08:23:31', '1'),
(43, 'Simulated Cameras', '', '2025-01-16 08:23:31', '1'),
(44, 'Slide Photo Viewers', '', '2025-01-16 08:23:31', '1'),
(45, 'Underwater Video & Photography', '', '2025-01-16 08:23:31', '1'),
(46, 'Video Cameras', '', '2025-01-16 08:23:31', '1'),
(47, 'Adapters', '', '2025-01-16 08:23:31', '1'),
(48, 'Webcams & VoIP Equipment', '', '2025-01-16 08:23:31', '1'),
(49, 'Blank Media', '', '2025-01-16 08:23:31', '1'),
(50, 'Blank Media Cases & Wallets', '', '2025-01-16 08:23:31', '1'),
(51, 'Cables & Accessories', '', '2025-01-16 08:23:31', '1'),
(52, 'Hard Disk Bags', '', '2025-01-16 08:23:31', '1'),
(53, 'Hard Drive Accessories', '', '2025-01-16 08:23:31', '1'),
(54, 'Keyboards, Mice & Input Devices', '', '2025-01-16 08:23:31', '1'),
(55, 'KVM Switches', '', '2025-01-16 08:23:31', '1'),
(56, 'Laptop Accessories', '', '2025-01-16 08:23:31', '1'),
(57, 'Media Storage Sleeves', '', '2025-01-16 08:23:31', '1'),
(58, 'Monitor Accessories', '', '2025-01-16 08:23:31', '1'),
(59, 'Office Equipment Cleaners', '', '2025-01-16 08:23:31', '1'),
(60, 'PC Gaming Peripherals', '', '2025-01-16 08:23:31', '1'),
(61, 'Tablet Accessories', '', '2025-01-16 08:23:31', '1'),
(62, 'Uninterrupted Power Supplies', '', '2025-01-16 08:23:31', '1'),
(63, 'USB Gadgets', '', '2025-01-16 08:23:31', '1'),
(64, 'USB Hubs', '', '2025-01-16 08:23:31', '1'),
(65, 'Electronics', '', '2025-01-16 08:23:31', '1'),
(66, 'Home & Kitchen', '', '2025-01-16 08:23:31', '1'),
(67, 'Home Improvement', '', '2025-01-16 08:23:31', '1'),
(68, 'Industrial & Scientific', '', '2025-01-16 08:23:31', '1'),
(69, 'Sports, Fitness & Outdoors', '', '2025-01-16 08:23:31', '1'),
(70, 'DJ & VJ Equipment', '', '2025-01-16 08:23:31', '1'),
(71, 'Drums & Percussion', '', '2025-01-16 08:23:31', '1'),
(72, 'General Music-Making Accessories', '', '2025-01-16 08:23:31', '1'),
(73, 'Guitars, Basses & Gear', '', '2025-01-16 08:23:31', '1'),
(74, 'Karaoke Equipment', '', '2025-01-16 08:23:31', '1'),
(75, 'Microphones', '', '2025-01-16 08:23:31', '1'),
(76, 'PA & Stage', '', '2025-01-16 08:23:31', '1'),
(77, 'Piano & Keyboard', '', '2025-01-16 08:23:31', '1'),
(78, 'Recording & Computer', '', '2025-01-16 08:23:31', '1'),
(79, 'String Instruments', '', '2025-01-16 08:23:31', '1'),
(80, 'Synthesisers, Samplers & Digital Instruments', '', '2025-01-16 08:23:31', '1'),
(81, 'Wind Instruments', '', '2025-01-16 08:23:31', '1'),
(82, 'Calendars, Planners & Personal Organisers', '', '2025-01-16 08:23:31', '1'),
(83, 'Envelopes & Postal Supplies', '', '2025-01-16 08:23:31', '1'),
(84, 'Furniture & Lighting', '', '2025-01-16 08:23:31', '1'),
(85, 'Office Electronics', '', '2025-01-16 08:23:31', '1'),
(86, 'Office Paper Products', '', '2025-01-16 08:23:31', '1'),
(87, 'Office Supplies', '', '2025-01-16 08:23:31', '1'),
(88, ' Wind Instruments', '', '2025-01-21 10:18:19', '1'),
(97, 'Testing', '', '2025-01-27 20:00:39', '1'),
(98, 'wind instrument1', '', '2025-01-29 10:10:59', '1'),
(99, 'Router', '', '2025-01-29 10:13:39', '1'),
(100, 'ABC', '', '2025-01-29 10:14:51', '1'),
(101, 'song', '', '2025-01-30 04:45:15', '1');

-- --------------------------------------------------------

--
-- Table structure for table `users`
--

CREATE TABLE `users` (
  `user_id` int(11) NOT NULL,
  `first_name` varchar(255) COLLATE utf8mb4_unicode_ci NOT NULL,
  `last_name` varchar(255) COLLATE utf8mb4_unicode_ci NOT NULL,
  `password` text COLLATE utf8mb4_unicode_ci NOT NULL,
  `mobile_number` bigint(20) NOT NULL,
  `gender` enum('male','female','transgender') COLLATE utf8mb4_unicode_ci NOT NULL,
  `profile_photo` text COLLATE utf8mb4_unicode_ci,
  `is_active` enum('0','1') COLLATE utf8mb4_unicode_ci NOT NULL,
  `mobile_verified` enum('0','1') COLLATE utf8mb4_unicode_ci NOT NULL,
  `city` varchar(250) COLLATE utf8mb4_unicode_ci NOT NULL,
  `state` varchar(250) COLLATE utf8mb4_unicode_ci NOT NULL,
  `pincode` int(6) NOT NULL,
  `added_on` datetime NOT NULL DEFAULT CURRENT_TIMESTAMP
) ENGINE=InnoDB DEFAULT CHARSET=utf8mb4 COLLATE=utf8mb4_unicode_ci;

--
-- Dumping data for table `users`
--

INSERT INTO `users` (`user_id`, `first_name`, `last_name`, `password`, `mobile_number`, `gender`, `profile_photo`, `is_active`, `mobile_verified`, `city`, `state`, `pincode`, `added_on`) VALUES
(1, 'sonam', 'sone', '$2y$10$tXXw8S/b1Nfi6fEoiUdhiuPFEpvbytyOiH.uDNTBbpnvSbaneq/c6', 8989898989, 'female', 'default.png', '1', '1', 'Pune', 'Maharashtra', 442244, '2025-01-31 10:13:55'),
(2, '', '', '$2y$10$9hsWXriF27v8XNls9V8mjOLxcZkvV5t6qAn2q/g56MBV7u1z/pJhi', 8669082115, 'male', NULL, '1', '1', '', '', 0, '2025-01-31 10:50:23'),
(3, '', '', '$2y$10$okzGn5eiTVEH3wPyxtJbIugCP9MDHixBSt0fPAfnrRbV1Hmh7YvcG', 9860058383, 'male', NULL, '1', '1', '', '', 0, '2025-01-31 11:42:24'),
(4, '', '', '$2y$10$okzGn5eiTVEH3wPyxtJbIugCP9MDHixBSt0fPAfnrRbV1Hmh7YvcG', 6565656565, 'male', NULL, '1', '1', '', '', 0, '2025-01-31 11:45:04'),
(5, 'Minal', 'Mane', '$2y$10$jkw5QSRjzmiO5KDJsMQLluwyA4HzahSKWBt//vOgXboO9f7/N6qtS', 9834522426, 'male', 'default.png', '1', '1', 'Pune', 'Maharashtra', 442244, '2025-01-31 11:51:41'),
(6, '', '', '$2y$10$JIfxCnyRvZSCXWdSNT2/VOXs3kT0Rwo/9L85tOIjht4s4p4Nq2r0O', 7208872013, 'male', NULL, '1', '1', '', '', 0, '2025-01-31 12:02:33'),
(7, 'Pallavi', 'Pathak', '', 9632587412, 'female', 'default.png', '1', '1', 'Pune', 'Maharashtra', 442244, '2025-01-31 15:52:11'),
(8, '', '', '$2y$10$8UwR78A0n4UYQF1ux2fFxeYxrFUMuaGngdxsElSpIesbQFAFwfrAO', 9519519511, 'male', NULL, '0', '1', '', '', 0, '2025-01-31 18:44:34'),
(9, '', '', '', 9849849844, 'male', NULL, '1', '1', '', '', 0, '2025-01-31 18:47:34'),
(10, '', '', '', 6786786788, 'male', NULL, '1', '1', '', '', 0, '2025-02-03 19:33:00'),
(11, '', '', '', 6756756755, 'male', NULL, '1', '1', '', '', 0, '2025-02-03 19:36:41'),
(12, '', '', '', 7777777777, 'male', NULL, '1', '1', '', '', 0, '2025-02-03 20:21:31'),
(13, '', '', '$2y$10$iEYLhR9xV5/6lyqNxLrkhu4/sGPXELDiqdxi1IkgRsVx5YyCqg4d.', 7208872222, 'male', NULL, '1', '1', '', '', 0, '2025-02-05 10:51:30'),
(14, '', '', '$2y$10$Z980kGV0yhDimog3J2ePcOmoavOqRoMQJtGhK8okhkmd3v20hraXC', 7745874781, 'male', NULL, '1', '1', '', '', 0, '2025-02-06 21:28:42'),
(15, '', '', '', 9090909090, 'male', NULL, '1', '1', '', '', 0, '2025-02-06 21:36:06');

-- --------------------------------------------------------

--
-- Table structure for table `user_vs_address`
--

CREATE TABLE `user_vs_address` (
  `id_user_vs_address` int(11) NOT NULL,
  `user_id` int(11) DEFAULT NULL,
  `address_type` enum('home','work','other') NOT NULL,
  `address_line_1` varchar(1000) DEFAULT NULL,
  `address_line_2` text,
  `taluka` varchar(255) DEFAULT NULL,
  `city` varchar(255) DEFAULT NULL,
  `state` varchar(255) DEFAULT NULL,
  `pincode` int(6) DEFAULT NULL,
  `is_active` enum('0','1') DEFAULT '1',
  `added_on` datetime DEFAULT CURRENT_TIMESTAMP,
  `updated_on` datetime DEFAULT NULL
) ENGINE=InnoDB DEFAULT CHARSET=latin1;

--
-- Dumping data for table `user_vs_address`
--

INSERT INTO `user_vs_address` (`id_user_vs_address`, `user_id`, `address_type`, `address_line_1`, `address_line_2`, `taluka`, `city`, `state`, `pincode`, `is_active`, `added_on`, `updated_on`) VALUES
(1, 1, 'home', 'Sonar park', 'Narayan Peth', 'banner', 'Pune', 'Maharashtra', 445566, '0', '2025-02-03 15:59:06', NULL),
(2, 2, 'home', 'Diamond palace', 'Narayan Peth', 'pune', 'Pune', 'Maharashtra', 445566, '1', '2025-02-04 10:47:42', NULL),
(3, 2, 'home', 'Diamond palace', 'Narayan Peth', 'pune', 'Pune', 'Maharashtra', 445566, '1', '2025-02-04 10:54:44', NULL),
(4, 2, 'home', 'Diamond palace', 'Narayan Peth', 'pune', 'Pune', 'Maharashtra', 445566, '1', '2025-02-04 10:55:10', NULL),
(5, 2, 'home', 'Diamond palace', 'Narayan Peth', 'pune', 'Pune', 'Maharashtra', 445566, '1', '2025-02-04 10:57:04', NULL),
(6, 1, 'home', 'Swami park', 'samarth Peth', 'Dhule', 'Pune', 'Maharashtra', 445566, '0', '2025-02-04 11:23:40', NULL),
(7, 1, 'home', 'Swami park', 'samarth Peth', 'Dhule', 'Pune', 'Maharashtra', 445566, '1', '2025-02-04 11:27:40', NULL),
(8, 2, 'home', 'Diamond palace', 'Narayan Peth', 'pune', 'Pune', 'Maharashtra', 445566, '1', '2025-02-04 11:28:48', NULL);

-- --------------------------------------------------------

--
-- Table structure for table `user_vs_category`
--

CREATE TABLE `user_vs_category` (
  `user_cat_id` int(11) NOT NULL,
  `user_id` int(11) NOT NULL,
  `category_id` int(11) NOT NULL,
  `added_on` timestamp NOT NULL DEFAULT CURRENT_TIMESTAMP,
  `is_active` enum('0','1') COLLATE utf8mb4_unicode_ci NOT NULL DEFAULT '1'
) ENGINE=InnoDB DEFAULT CHARSET=utf8mb4 COLLATE=utf8mb4_unicode_ci;

--
-- Dumping data for table `user_vs_category`
--

INSERT INTO `user_vs_category` (`user_cat_id`, `user_id`, `category_id`, `added_on`, `is_active`) VALUES
(6, 2, 1, '2025-01-31 05:26:04', '1'),
(7, 2, 2, '2025-01-31 05:26:04', '1'),
(8, 3, 2, '2025-01-31 06:12:50', '1'),
(9, 4, 2, '2025-01-31 06:15:38', '1'),
(10, 5, 1, '2025-01-31 06:22:08', '1'),
(11, 6, 2, '2025-01-31 06:33:14', '1'),
(21, 13, 1, '2025-02-05 05:24:59', '1'),
(22, 13, 2, '2025-02-05 05:24:59', '1'),
(23, 13, 3, '2025-02-05 05:24:59', '1'),
(24, 1, 1, '2025-02-05 06:14:07', '1'),
(25, 1, 3, '2025-02-05 06:14:07', '1'),
(26, 1, 5, '2025-02-05 06:14:07', '1'),
(27, 1, 10, '2025-02-05 06:14:07', '1'),
(34, 14, 1, '2025-02-06 16:00:37', '1'),
(35, 15, 1, '2025-02-06 16:07:36', '1'),
(36, 15, 4, '2025-02-06 16:07:36', '1'),
(37, 5, 10, '2025-02-12 11:07:28', '1'),
(38, 5, 3, '2025-02-12 11:07:28', '1');

-- --------------------------------------------------------

--
-- Table structure for table `user_vs_email`
--

CREATE TABLE `user_vs_email` (
  `user_vs_email_id` int(11) NOT NULL,
  `user_id` int(11) NOT NULL,
  `email_id` varchar(255) NOT NULL,
  `is_active` enum('1','0') NOT NULL DEFAULT '1',
  `added_on` datetime DEFAULT CURRENT_TIMESTAMP
) ENGINE=InnoDB DEFAULT CHARSET=latin1;

--
-- Dumping data for table `user_vs_email`
--

INSERT INTO `user_vs_email` (`user_vs_email_id`, `user_id`, `email_id`, `is_active`, `added_on`) VALUES
(1, 1, 'india@gmail.com', '1', '2025-01-31 10:15:38'),
(2, 2, 'stark@gmail.com', '1', '2025-01-31 10:55:16'),
(4, 13, 'apple@gmail.com', '1', '2025-02-05 10:54:06'),
(8, 8, 'joye@gmail.com', '1', '2025-02-03 20:52:27');

-- --------------------------------------------------------

--
-- Table structure for table `user_vs_notification`
--

CREATE TABLE `user_vs_notification` (
  `id_user_vs_notification` int(11) NOT NULL,
  `user_id` int(11) NOT NULL,
  `email_id` varchar(255) NOT NULL,
  `is_active` varchar(45) DEFAULT NULL
) ENGINE=InnoDB DEFAULT CHARSET=latin1;

-- --------------------------------------------------------

--
-- Table structure for table `user_vs_registration_code`
--

CREATE TABLE `user_vs_registration_code` (
  `id_user_registration_code` int(11) NOT NULL,
  `registration_code` int(6) NOT NULL,
  `added_on` datetime NOT NULL DEFAULT CURRENT_TIMESTAMP,
  `expiry_time` int(11) DEFAULT '180',
  `mobile_number` bigint(20) DEFAULT NULL,
  `email` varchar(255) DEFAULT NULL,
  `is_resend` enum('0','1') DEFAULT '0'
) ENGINE=InnoDB DEFAULT CHARSET=latin1;

--
-- Dumping data for table `user_vs_registration_code`
--

INSERT INTO `user_vs_registration_code` (`id_user_registration_code`, `registration_code`, `added_on`, `expiry_time`, `mobile_number`, `email`, `is_resend`) VALUES
(1, 100839, '2025-01-31 10:13:35', 180, 8989898989, NULL, '0'),
(2, 277069, '2025-01-31 10:43:39', 180, 9860058383, NULL, '0'),
(3, 517940, '2025-01-31 10:44:05', 180, 8669082115, NULL, '0'),
(4, 950737, '2025-01-31 10:48:54', 180, 8669082115, NULL, '1'),
(5, 468450, '2025-01-31 11:42:09', 180, 9860058383, NULL, '0'),
(6, 514356, '2025-01-31 11:44:42', 180, 6565656565, NULL, '0'),
(7, 487818, '2025-01-31 11:51:16', 180, 9834522426, NULL, '0'),
(8, 519893, '2025-01-31 12:02:07', 180, 7208872013, NULL, '0'),
(9, 999655, '2025-01-31 14:34:52', 180, 9834522426, NULL, '0'),
(10, 738165, '2025-01-31 14:37:51', 180, 9834522426, NULL, '0'),
(11, 245770, '2025-01-31 14:39:58', 180, 922611671, NULL, '0'),
(13, 357949, '2025-01-31 14:41:14', 180, 978563214523, NULL, '0'),
(14, 505205, '2025-01-31 14:44:21', 180, 99229829, NULL, '0'),
(15, 733263, '2025-01-31 15:20:44', 180, 9922982923, NULL, '0'),
(16, 991543, '2025-01-31 15:25:52', 180, 8564123698, NULL, '1'),
(17, 163445, '2025-01-31 15:31:15', 180, 856412369, NULL, '1'),
(18, 417976, '2025-01-31 15:51:19', 180, 9632587412, NULL, '0'),
(19, 410928, '2025-01-31 15:55:08', 180, 9632587412, NULL, '1'),
(20, 845110, '2025-01-31 16:03:56', 180, 8564123698, NULL, '1'),
(21, 635361, '2025-01-31 16:04:35', 180, 856412369, NULL, '1'),
(22, 885483, '2025-01-31 18:44:07', 180, 9519519511, NULL, '0'),
(23, 480470, '2025-01-31 18:45:54', 180, 9849849844, NULL, '0'),
(24, 113624, '2025-01-31 18:47:05', 180, 9849849844, NULL, '1'),
(25, 387635, '2025-02-03 17:01:19', 180, 9834522426, NULL, '1'),
(26, 601877, '2025-02-03 18:18:55', 180, 9834522426, NULL, '1'),
(27, 722135, '2025-02-03 18:29:04', 180, 9834522426, NULL, '1'),
(28, 448640, '2025-02-03 18:57:22', 180, 9834522411, NULL, '0'),
(29, 235732, '2025-02-03 19:13:23', 180, 9834522411, NULL, '1'),
(30, 955165, '2025-02-03 19:14:47', 180, 7208872013, NULL, '1'),
(31, 333912, '2025-02-03 19:30:34', 180, 9809809800, NULL, '0'),
(32, 774439, '2025-02-03 19:32:30', 180, 6786786788, NULL, '0'),
(33, 140466, '2025-02-03 19:33:41', 180, 6756756755, NULL, '0'),
(34, 396740, '2025-02-03 19:36:10', 180, 6756756755, NULL, '1'),
(35, 748856, '2025-02-03 19:56:32', 180, 8988898889, NULL, '0'),
(36, 354366, '2025-02-03 19:58:21', 180, 7647847844, NULL, '0'),
(37, 934328, '2025-02-03 19:58:50', 180, 7208872013, NULL, '0'),
(38, 784132, '2025-02-03 20:11:47', 180, 7208872013, NULL, '0'),
(39, 984891, '2025-02-03 20:16:16', 180, 7777777777, NULL, '0'),
(40, 262889, '2025-02-03 19:18:45', 180, 7777777777, NULL, '0'),
(41, 395987, '2025-02-03 20:25:53', 180, 9519519511, NULL, '1'),
(42, 717869, '2025-02-03 20:26:27', 180, 9519519511, NULL, '1'),
(43, 463675, '2025-02-03 20:28:05', 180, 9519519512, NULL, '1'),
(44, 558403, '2025-02-03 20:28:12', 180, 9519519511, NULL, '1'),
(45, 492088, '2025-02-03 20:31:22', 180, 9519519512, NULL, '1'),
(46, 156742, '2025-02-05 10:48:55', 180, 7208872222, NULL, '0'),
(47, 850978, '2025-02-06 09:54:13', 180, 6753575678, NULL, '0'),
(48, 662040, '2025-02-06 09:54:52', 180, 9799949446, NULL, '0'),
(49, 952393, '2025-02-06 16:48:44', 180, 9511887425, NULL, '0'),
(50, 873861, '2025-02-06 17:42:54', 180, 9511887425, NULL, '0'),
(51, 344589, '2025-02-06 17:53:39', 180, 9511887425, NULL, '0'),
(52, 469592, '2025-02-06 21:27:22', 180, 7745874781, NULL, '0'),
(53, 702427, '2025-02-06 21:35:18', 180, 9090909090, NULL, '0');

-- --------------------------------------------------------

--
-- Table structure for table `user_vs_verification_code`
--

CREATE TABLE `user_vs_verification_code` (
  `id_user_verification_code` int(11) NOT NULL,
  `user_id` int(11) NOT NULL,
  `verification_code` int(6) NOT NULL,
  `added_on` datetime NOT NULL DEFAULT CURRENT_TIMESTAMP,
  `expiry_time` int(11) DEFAULT NULL,
  `mobile_number` bigint(20) DEFAULT NULL,
  `email` varchar(255) DEFAULT NULL,
  `is_resend` enum('0','1') DEFAULT '0'
) ENGINE=InnoDB DEFAULT CHARSET=latin1;

--
-- Dumping data for table `user_vs_verification_code`
--

INSERT INTO `user_vs_verification_code` (`id_user_verification_code`, `user_id`, `verification_code`, `added_on`, `expiry_time`, `mobile_number`, `email`, `is_resend`) VALUES
(1, 1, 281538, '2025-01-31 10:15:08', NULL, 8989898989, 'india@gmail.com', '0'),
(2, 2, 386876, '2025-01-31 10:53:27', NULL, 8669082115, 'stark@gmail.com', '0'),
(3, 6, 741277, '2025-01-31 12:09:30', 2025, 7208872013, NULL, '0'),
(4, 6, 191922, '2025-01-31 12:33:35', 2025, 7208872013, NULL, '0'),
(5, 6, 225185, '2025-01-31 12:48:13', 2025, 7208872013, NULL, '0'),
(6, 5, 189842, '2025-01-31 12:53:19', 2025, 9834522426, NULL, '0'),
(7, 3, 302521, '2025-01-31 12:57:48', NULL, 9860058383, 'nakulpatil1@gmail.com', '0'),
(8, 1, 633059, '2025-01-31 16:23:10', NULL, 8989898989, 'india@gmail.com', '0'),
(9, 1, 465685, '2025-01-31 16:25:32', NULL, 8989898989, 'india1@gmail.com', '0'),
(10, 5, 517532, '2025-01-31 16:27:22', NULL, 9834522426, 'dipali1@gmail.com', '0'),
(11, 5, 737556, '2025-01-31 16:31:23', NULL, 9834522426, 'dipali1@gmail.com', '0'),
(12, 2, 990699, '2025-02-03 09:39:48', 2025, 8669082115, NULL, '0'),
(13, 2, 702493, '2025-02-03 09:47:30', 2025, 8669082115, NULL, '0'),
(14, 6, 144535, '2025-02-03 10:17:28', 2025, 7208872013, NULL, '0'),
(15, 8, 748151, '2025-02-03 20:37:45', NULL, 9519519511, 'stark@gmail.com', '0'),
(16, 8, 196853, '2025-02-03 21:10:16', 600, 9519519511, 'joye@gmail.com', '0'),
(17, 8, 462989, '2025-02-03 20:42:13', NULL, 9519519511, 'joye@gmail.com', '0'),
(18, 8, 370385, '2025-02-03 20:44:44', NULL, 9519519511, 'joye@gmail.com', '0'),
(19, 6, 441444, '2025-02-04 18:42:52', 2025, 7208872013, NULL, '0'),
(20, 6, 482717, '2025-02-05 10:00:29', 2025, 7208872013, NULL, '0'),
(21, 6, 414053, '2025-02-05 10:14:57', 2025, 7208872013, NULL, '0'),
(22, 2, 240975, '2025-02-05 10:22:09', 2025, 8669082115, NULL, '0'),
(23, 2, 264211, '2025-02-05 10:41:49', 2025, 8669082115, NULL, '0'),
(24, 13, 618351, '2025-02-05 10:53:37', NULL, 7208872222, 'apple@gmail.com', '0'),
(25, 13, 209098, '2025-02-05 10:57:54', 2025, 7208872222, NULL, '0');

--
-- Indexes for dumped tables
--

--
-- Indexes for table `admin`
--
ALTER TABLE `admin`
  ADD PRIMARY KEY (`admin_id`);

--
-- Indexes for table `audit_trail`
--
ALTER TABLE `audit_trail`
  ADD PRIMARY KEY (`id`);

--
-- Indexes for table `brands`
--
ALTER TABLE `brands`
  ADD PRIMARY KEY (`brand_id`);

--
-- Indexes for table `brand_address`
--
ALTER TABLE `brand_address`
  ADD PRIMARY KEY (`brand_address_id`),
  ADD KEY `idx_addressid` (`brand_id`);

--
-- Indexes for table `brand_documents`
--
ALTER TABLE `brand_documents`
  ADD PRIMARY KEY (`brand_doc_id`),
  ADD KEY `brand_documents_brand_id_idx` (`brand_id`);

--
-- Indexes for table `brand_info`
--
ALTER TABLE `brand_info`
  ADD PRIMARY KEY (`brand_info_id`),
  ADD KEY `idx_brand_info` (`brand_id`);

--
-- Indexes for table `brand_vs_category`
--
ALTER TABLE `brand_vs_category`
  ADD PRIMARY KEY (`brand_category_id`),
  ADD UNIQUE KEY `unique` (`brand_id`,`category_id`),
  ADD KEY `idx_brandcat_brand_id` (`brand_id`),
  ADD KEY `idx_brandcat_category_id` (`category_id`);

--
-- Indexes for table `business`
--
ALTER TABLE `business`
  ADD PRIMARY KEY (`business_id`);

--
-- Indexes for table `business_vs_brand`
--
ALTER TABLE `business_vs_brand`
  ADD PRIMARY KEY (`business_brand_id`),
  ADD KEY `idx_business_id_check` (`business_id`),
  ADD KEY `idx_brand_id_check` (`brand_id`);

--
-- Indexes for table `category`
--
ALTER TABLE `category`
  ADD PRIMARY KEY (`category_id`),
  ADD UNIQUE KEY `category_name` (`category_name`);

--
-- Indexes for table `category_sequence`
--
ALTER TABLE `category_sequence`
  ADD PRIMARY KEY (`id_category_sequence`);

--
-- Indexes for table `category_vs_subcategory`
--
ALTER TABLE `category_vs_subcategory`
  ADD PRIMARY KEY (`cat_subcat_id`),
  ADD UNIQUE KEY `UNIQUE_CAT_SUB_ADD` (`category_id`,`sub_category_id`,`is_active`,`added_on`),
  ADD KEY `subCategoryIdCheck` (`sub_category_id`),
  ADD KEY `categoryIdCheck_idx` (`category_id`);

--
-- Indexes for table `contact_form`
--
ALTER TABLE `contact_form`
  ADD PRIMARY KEY (`id_contact_form`);

--
-- Indexes for table `orders`
--
ALTER TABLE `orders`
  ADD PRIMARY KEY (`order_id`);

--
-- Indexes for table `order_vs_product`
--
ALTER TABLE `order_vs_product`
  ADD PRIMARY KEY (`id_order_vs_product`);

--
-- Indexes for table `products`
--
ALTER TABLE `products`
  ADD PRIMARY KEY (`product_id`);

--
-- Indexes for table `product_images`
--
ALTER TABLE `product_images`
  ADD PRIMARY KEY (`prod_img_id`),
  ADD KEY `idx_prodImage_prod_id` (`product_id`);

--
-- Indexes for table `product_mapping`
--
ALTER TABLE `product_mapping`
  ADD PRIMARY KEY (`product_mapping_id`),
  ADD UNIQUE KEY `uniqueIndex` (`product_id`,`brand_id`,`category_id`,`sub_category_id`,`is_active`),
  ADD KEY `idx_mapping_prod_id` (`product_id`),
  ADD KEY `idx_mapping_brand_id` (`brand_id`),
  ADD KEY `idx_mapping_cat_id` (`category_id`),
  ADD KEY `idx_mapping_sub_cat_id` (`sub_category_id`);

--
-- Indexes for table `rating_review`
--
ALTER TABLE `rating_review`
  ADD PRIMARY KEY (`id`);

--
-- Indexes for table `sub_category`
--
ALTER TABLE `sub_category`
  ADD PRIMARY KEY (`sub_category_id`),
  ADD UNIQUE KEY `sub_category_name` (`sub_category_name`);

--
-- Indexes for table `users`
--
ALTER TABLE `users`
  ADD PRIMARY KEY (`user_id`),
  ADD UNIQUE KEY `mobile_number` (`mobile_number`);

--
-- Indexes for table `user_vs_address`
--
ALTER TABLE `user_vs_address`
  ADD PRIMARY KEY (`id_user_vs_address`),
  ADD KEY `user_vs_address_user_id_idx` (`user_id`);

--
-- Indexes for table `user_vs_category`
--
ALTER TABLE `user_vs_category`
  ADD PRIMARY KEY (`user_cat_id`),
  ADD UNIQUE KEY `user_id` (`user_id`,`category_id`,`is_active`) USING BTREE,
  ADD KEY `caegoryCheck` (`category_id`);

--
-- Indexes for table `user_vs_email`
--
ALTER TABLE `user_vs_email`
  ADD PRIMARY KEY (`user_vs_email_id`),
  ADD UNIQUE KEY `idx_unique_email_user` (`user_id`,`email_id`,`is_active`);

--
-- Indexes for table `user_vs_notification`
--
ALTER TABLE `user_vs_notification`
  ADD PRIMARY KEY (`id_user_vs_notification`),
  ADD UNIQUE KEY `unique` (`user_id`,`email_id`,`is_active`);

--
-- Indexes for table `user_vs_registration_code`
--
ALTER TABLE `user_vs_registration_code`
  ADD PRIMARY KEY (`id_user_registration_code`);

--
-- Indexes for table `user_vs_verification_code`
--
ALTER TABLE `user_vs_verification_code`
  ADD PRIMARY KEY (`id_user_verification_code`),
  ADD KEY `userVerification_idx` (`user_id`);

--
-- AUTO_INCREMENT for dumped tables
--

--
-- AUTO_INCREMENT for table `admin`
--
ALTER TABLE `admin`
  MODIFY `admin_id` int(11) NOT NULL AUTO_INCREMENT, AUTO_INCREMENT=4;

--
-- AUTO_INCREMENT for table `audit_trail`
--
ALTER TABLE `audit_trail`
  MODIFY `id` int(11) NOT NULL AUTO_INCREMENT, AUTO_INCREMENT=2;

--
-- AUTO_INCREMENT for table `brands`
--
ALTER TABLE `brands`
  MODIFY `brand_id` int(11) NOT NULL AUTO_INCREMENT, AUTO_INCREMENT=22;

--
-- AUTO_INCREMENT for table `brand_address`
--
ALTER TABLE `brand_address`
  MODIFY `brand_address_id` int(11) NOT NULL AUTO_INCREMENT, AUTO_INCREMENT=20;

--
-- AUTO_INCREMENT for table `brand_documents`
--
ALTER TABLE `brand_documents`
  MODIFY `brand_doc_id` int(11) NOT NULL AUTO_INCREMENT, AUTO_INCREMENT=18;

--
-- AUTO_INCREMENT for table `brand_info`
--
ALTER TABLE `brand_info`
  MODIFY `brand_info_id` int(11) NOT NULL AUTO_INCREMENT, AUTO_INCREMENT=20;

--
-- AUTO_INCREMENT for table `brand_vs_category`
--
ALTER TABLE `brand_vs_category`
  MODIFY `brand_category_id` int(11) NOT NULL AUTO_INCREMENT, AUTO_INCREMENT=87;

--
-- AUTO_INCREMENT for table `business`
--
ALTER TABLE `business`
  MODIFY `business_id` int(11) NOT NULL AUTO_INCREMENT, AUTO_INCREMENT=18;

--
-- AUTO_INCREMENT for table `business_vs_brand`
--
ALTER TABLE `business_vs_brand`
  MODIFY `business_brand_id` int(11) NOT NULL AUTO_INCREMENT, AUTO_INCREMENT=18;

--
-- AUTO_INCREMENT for table `category`
--
ALTER TABLE `category`
  MODIFY `category_id` int(11) NOT NULL AUTO_INCREMENT, AUTO_INCREMENT=18;

--
-- AUTO_INCREMENT for table `category_sequence`
--
ALTER TABLE `category_sequence`
  MODIFY `id_category_sequence` int(11) NOT NULL AUTO_INCREMENT, AUTO_INCREMENT=224;

--
-- AUTO_INCREMENT for table `category_vs_subcategory`
--
ALTER TABLE `category_vs_subcategory`
  MODIFY `cat_subcat_id` int(11) NOT NULL AUTO_INCREMENT, AUTO_INCREMENT=108;

--
-- AUTO_INCREMENT for table `contact_form`
--
ALTER TABLE `contact_form`
  MODIFY `id_contact_form` int(10) NOT NULL AUTO_INCREMENT, AUTO_INCREMENT=5;

--
-- AUTO_INCREMENT for table `orders`
--
ALTER TABLE `orders`
  MODIFY `order_id` int(11) NOT NULL AUTO_INCREMENT, AUTO_INCREMENT=2;

--
-- AUTO_INCREMENT for table `order_vs_product`
--
ALTER TABLE `order_vs_product`
  MODIFY `id_order_vs_product` int(11) NOT NULL AUTO_INCREMENT, AUTO_INCREMENT=2;

--
-- AUTO_INCREMENT for table `products`
--
ALTER TABLE `products`
  MODIFY `product_id` int(11) NOT NULL AUTO_INCREMENT, AUTO_INCREMENT=36;

--
-- AUTO_INCREMENT for table `product_images`
--
ALTER TABLE `product_images`
  MODIFY `prod_img_id` int(11) NOT NULL AUTO_INCREMENT, AUTO_INCREMENT=82;

--
-- AUTO_INCREMENT for table `product_mapping`
--
ALTER TABLE `product_mapping`
  MODIFY `product_mapping_id` int(11) NOT NULL AUTO_INCREMENT, AUTO_INCREMENT=30;

--
-- AUTO_INCREMENT for table `rating_review`
--
ALTER TABLE `rating_review`
  MODIFY `id` int(11) NOT NULL AUTO_INCREMENT, AUTO_INCREMENT=17;

--
-- AUTO_INCREMENT for table `sub_category`
--
ALTER TABLE `sub_category`
  MODIFY `sub_category_id` int(11) NOT NULL AUTO_INCREMENT, AUTO_INCREMENT=102;

--
-- AUTO_INCREMENT for table `users`
--
ALTER TABLE `users`
  MODIFY `user_id` int(11) NOT NULL AUTO_INCREMENT, AUTO_INCREMENT=16;

--
-- AUTO_INCREMENT for table `user_vs_address`
--
ALTER TABLE `user_vs_address`
  MODIFY `id_user_vs_address` int(11) NOT NULL AUTO_INCREMENT, AUTO_INCREMENT=9;

--
-- AUTO_INCREMENT for table `user_vs_category`
--
ALTER TABLE `user_vs_category`
  MODIFY `user_cat_id` int(11) NOT NULL AUTO_INCREMENT, AUTO_INCREMENT=39;

--
-- AUTO_INCREMENT for table `user_vs_email`
--
ALTER TABLE `user_vs_email`
  MODIFY `user_vs_email_id` int(11) NOT NULL AUTO_INCREMENT, AUTO_INCREMENT=5;

--
-- AUTO_INCREMENT for table `user_vs_notification`
--
ALTER TABLE `user_vs_notification`
  MODIFY `id_user_vs_notification` int(11) NOT NULL AUTO_INCREMENT;

--
-- AUTO_INCREMENT for table `user_vs_registration_code`
--
ALTER TABLE `user_vs_registration_code`
  MODIFY `id_user_registration_code` int(11) NOT NULL AUTO_INCREMENT, AUTO_INCREMENT=54;

--
-- AUTO_INCREMENT for table `user_vs_verification_code`
--
ALTER TABLE `user_vs_verification_code`
  MODIFY `id_user_verification_code` int(11) NOT NULL AUTO_INCREMENT, AUTO_INCREMENT=26;

--
-- Constraints for dumped tables
--

--
-- Constraints for table `brand_address`
--
ALTER TABLE `brand_address`
  ADD CONSTRAINT `idx_addressid` FOREIGN KEY (`brand_id`) REFERENCES `brands` (`brand_id`);

--
-- Constraints for table `brand_documents`
--
ALTER TABLE `brand_documents`
  ADD CONSTRAINT `brand_documents_brand_id_idx` FOREIGN KEY (`brand_id`) REFERENCES `brands` (`brand_id`),
  ADD CONSTRAINT `idx_brand_doc_id` FOREIGN KEY (`brand_doc_id`) REFERENCES `brands` (`brand_id`);

--
-- Constraints for table `brand_info`
--
ALTER TABLE `brand_info`
  ADD CONSTRAINT `idx_brand_info` FOREIGN KEY (`brand_id`) REFERENCES `brands` (`brand_id`);

--
-- Constraints for table `brand_vs_category`
--
ALTER TABLE `brand_vs_category`
  ADD CONSTRAINT `idx_brandcat_brand_id` FOREIGN KEY (`brand_id`) REFERENCES `brands` (`brand_id`),
  ADD CONSTRAINT `idx_brandcat_category_id` FOREIGN KEY (`category_id`) REFERENCES `category` (`category_id`);

--
-- Constraints for table `business_vs_brand`
--
ALTER TABLE `business_vs_brand`
  ADD CONSTRAINT `idx_brand_id_check` FOREIGN KEY (`brand_id`) REFERENCES `brands` (`brand_id`),
  ADD CONSTRAINT `idx_business_id_check` FOREIGN KEY (`business_id`) REFERENCES `business` (`business_id`);

--
-- Constraints for table `category_vs_subcategory`
--
ALTER TABLE `category_vs_subcategory`
  ADD CONSTRAINT `categoryIdCheck` FOREIGN KEY (`category_id`) REFERENCES `category` (`category_id`) ON DELETE NO ACTION ON UPDATE NO ACTION,
  ADD CONSTRAINT `subCategoryIdCheck` FOREIGN KEY (`sub_category_id`) REFERENCES `sub_category` (`sub_category_id`);

--
-- Constraints for table `product_images`
--
ALTER TABLE `product_images`
  ADD CONSTRAINT `idx_prodImage_prod_id` FOREIGN KEY (`product_id`) REFERENCES `products` (`product_id`);

--
-- Constraints for table `product_mapping`
--
ALTER TABLE `product_mapping`
  ADD CONSTRAINT `idx_mapping_brand_id` FOREIGN KEY (`brand_id`) REFERENCES `brands` (`brand_id`),
  ADD CONSTRAINT `idx_mapping_cat_id` FOREIGN KEY (`category_id`) REFERENCES `category` (`category_id`),
  ADD CONSTRAINT `idx_mapping_prod_id` FOREIGN KEY (`product_id`) REFERENCES `products` (`product_id`),
  ADD CONSTRAINT `idx_mapping_sub_cat_id` FOREIGN KEY (`sub_category_id`) REFERENCES `sub_category` (`sub_category_id`);

--
-- Constraints for table `user_vs_address`
--
ALTER TABLE `user_vs_address`
  ADD CONSTRAINT `user_vs_address_user_id_idx` FOREIGN KEY (`user_id`) REFERENCES `users` (`user_id`);

--
-- Constraints for table `user_vs_category`
--
ALTER TABLE `user_vs_category`
  ADD CONSTRAINT `caegoryCheck` FOREIGN KEY (`category_id`) REFERENCES `category` (`category_id`),
  ADD CONSTRAINT `userCheckCat` FOREIGN KEY (`user_id`) REFERENCES `users` (`user_id`);

--
-- Constraints for table `user_vs_email`
--
ALTER TABLE `user_vs_email`
  ADD CONSTRAINT `user_vs_email_user_id` FOREIGN KEY (`user_id`) REFERENCES `users` (`user_id`) ON DELETE NO ACTION ON UPDATE NO ACTION;

--
-- Constraints for table `user_vs_notification`
--
ALTER TABLE `user_vs_notification`
  ADD CONSTRAINT `user` FOREIGN KEY (`user_id`) REFERENCES `users` (`user_id`) ON DELETE NO ACTION ON UPDATE NO ACTION;

--
-- Constraints for table `user_vs_verification_code`
--
ALTER TABLE `user_vs_verification_code`
  ADD CONSTRAINT `userVerification` FOREIGN KEY (`user_id`) REFERENCES `users` (`user_id`) ON DELETE NO ACTION ON UPDATE NO ACTION;
COMMIT;

/*!40101 SET CHARACTER_SET_CLIENT=@OLD_CHARACTER_SET_CLIENT */;
/*!40101 SET CHARACTER_SET_RESULTS=@OLD_CHARACTER_SET_RESULTS */;
/*!40101 SET COLLATION_CONNECTION=@OLD_COLLATION_CONNECTION */;
