CREATE DATABASE  IF NOT EXISTS `simplysample_niranjan` /*!40100 DEFAULT CHARACTER SET latin1 COLLATE latin1_swedish_ci */;
USE `simplysample_niranjan`;
-- MariaDB dump 10.19  Distrib 10.4.32-MariaDB, for Win64 (AMD64)
--
-- Host: 127.0.0.1    Database: simplysample_niranjan
-- ------------------------------------------------------
-- Server version	10.4.32-MariaDB

/*!40101 SET @OLD_CHARACTER_SET_CLIENT=@@CHARACTER_SET_CLIENT */;
/*!40101 SET @OLD_CHARACTER_SET_RESULTS=@@CHARACTER_SET_RESULTS */;
/*!40101 SET @OLD_COLLATION_CONNECTION=@@COLLATION_CONNECTION */;
/*!40101 SET NAMES utf8 */;
/*!40103 SET @OLD_TIME_ZONE=@@TIME_ZONE */;
/*!40103 SET TIME_ZONE='+00:00' */;
/*!40014 SET @OLD_UNIQUE_CHECKS=@@UNIQUE_CHECKS, UNIQUE_CHECKS=0 */;
/*!40014 SET @OLD_FOREIGN_KEY_CHECKS=@@FOREIGN_KEY_CHECKS, FOREIGN_KEY_CHECKS=0 */;
/*!40101 SET @OLD_SQL_MODE=@@SQL_MODE, SQL_MODE='NO_AUTO_VALUE_ON_ZERO' */;
/*!40111 SET @OLD_SQL_NOTES=@@SQL_NOTES, SQL_NOTES=0 */;

--
-- Table structure for table `admin`
--

DROP TABLE IF EXISTS `admin`;
/*!40101 SET @saved_cs_client     = @@character_set_client */;
/*!40101 SET character_set_client = utf8 */;
CREATE TABLE `admin` (
  `admin_id` int(11) NOT NULL AUTO_INCREMENT,
  `login_name` varchar(20) NOT NULL DEFAULT '',
  `login_id` varchar(20) NOT NULL DEFAULT '',
  `login_password` varchar(60) NOT NULL DEFAULT '',
  `login_role` varchar(20) DEFAULT NULL,
  `login_photo` varchar(200) DEFAULT NULL,
  `status` varchar(100) DEFAULT NULL,
  PRIMARY KEY (`admin_id`)
) ENGINE=InnoDB AUTO_INCREMENT=4 DEFAULT CHARSET=latin1 COLLATE=latin1_swedish_ci;
/*!40101 SET character_set_client = @saved_cs_client */;

--
-- Dumping data for table `admin`
--

LOCK TABLES `admin` WRITE;
/*!40000 ALTER TABLE `admin` DISABLE KEYS */;
INSERT INTO `admin` VALUES (1,'Administrator','admin','$2y$10$cTD5ekbnwGaAw0djULx2SuHhtYkYPmXwIbVKM.FVrAuZApnXoErDS','ADMIN','default.png','Active'),(2,'Administrator','superadmin','$2y$10$VZxSraF5hTG7Pok41sQane9qEWYcp5UrmITNVF8XhvMkM8cohxxcK','ADMIN','default.png','Active');
/*!40000 ALTER TABLE `admin` ENABLE KEYS */;
UNLOCK TABLES;

--
-- Table structure for table `audit_trail`
--

DROP TABLE IF EXISTS `audit_trail`;
/*!40101 SET @saved_cs_client     = @@character_set_client */;
/*!40101 SET character_set_client = utf8 */;
CREATE TABLE `audit_trail` (
  `id` int(11) NOT NULL AUTO_INCREMENT,
  `timestamp` timestamp NOT NULL DEFAULT current_timestamp() ON UPDATE current_timestamp(),
  `entity` varchar(255) NOT NULL,
  `entity_key_id` int(11) NOT NULL,
  `action` varchar(255) NOT NULL,
  `description` text NOT NULL,
  PRIMARY KEY (`id`)
) ENGINE=InnoDB AUTO_INCREMENT=2 DEFAULT CHARSET=utf8mb4 COLLATE=utf8mb4_unicode_ci;
/*!40101 SET character_set_client = @saved_cs_client */;

--
-- Dumping data for table `audit_trail`
--

LOCK TABLES `audit_trail` WRITE;
/*!40000 ALTER TABLE `audit_trail` DISABLE KEYS */;
INSERT INTO `audit_trail` VALUES (1,'2024-12-09 15:39:56','Category',1,'INSERT','category_id: 1, category_name: Testing Category1, is_active: 1, added_on: 2024-12-09 20:45:10');
/*!40000 ALTER TABLE `audit_trail` ENABLE KEYS */;
UNLOCK TABLES;

--
-- Table structure for table `brand_address`
--

DROP TABLE IF EXISTS `brand_address`;
/*!40101 SET @saved_cs_client     = @@character_set_client */;
/*!40101 SET character_set_client = utf8 */;
CREATE TABLE `brand_address` (
  `brand_address_id` int(11) NOT NULL AUTO_INCREMENT,
  `brand_id` int(11) NOT NULL,
  `address_line_1` varchar(1000) NOT NULL,
  `address_line_2` text NOT NULL,
  `taluka` varchar(255) NOT NULL,
  `city` varchar(255) NOT NULL,
  `state` varchar(255) NOT NULL,
  `pincode` int(6) NOT NULL,
  `is_active` enum('0','1') NOT NULL,
  `added_on` timestamp NOT NULL DEFAULT current_timestamp(),
  `address_type` enum('registered','delivery') NOT NULL,
  PRIMARY KEY (`brand_address_id`),
  KEY `idx_addressid` (`brand_id`),
  CONSTRAINT `idx_addressid` FOREIGN KEY (`brand_id`) REFERENCES `brands` (`brand_id`)
) ENGINE=InnoDB AUTO_INCREMENT=21 DEFAULT CHARSET=utf8mb4 COLLATE=utf8mb4_unicode_ci;
/*!40101 SET character_set_client = @saved_cs_client */;

--
-- Dumping data for table `brand_address`
--

LOCK TABLES `brand_address` WRITE;
/*!40000 ALTER TABLE `brand_address` DISABLE KEYS */;
INSERT INTO `brand_address` VALUES (1,1,'','Palo Alto, California','USA','USA','USA',94304,'1','2025-01-16 20:06:23','registered'),(2,2,'','Round Rock, Texas, U.S.','Texas','Texas','Texas',91202,'1','2025-01-16 20:09:44','registered'),(3,3,'','36 Flowers Road','Chennai','Chennai','Tamil Nadu',600084,'1','2025-01-16 20:15:20','registered'),(4,4,'','S-2 Level, Block-E','New Delhi','New Delhi','New Delhi',110019,'1','2025-01-16 20:17:33','registered'),(5,5,'','Frontech Pvt Ltd,ECOCENTRE, Unit-801,EM-4, Sector-V,','Kolkata ','Kolkata ','West Bengal',700091,'1','2025-01-17 07:31:24','registered'),(6,6,'','Opp. to Metro pillar no : 1727, Beside Bata Showroom, Megha Hills, Madhapur,','Hyderabad','Hyderabad','Telangana',500081,'1','2025-01-17 07:38:31','registered'),(7,7,'','Ferns Icon, Level, 2, Outer Ring Rd, Doddanekundi, Mahadevapura','Bengaluru','Bengaluru','Karnataka',560037,'1','2025-01-17 07:42:31','registered'),(8,8,'','13th Floor, Prestige Minsk Square,','Bengaluru','Bengaluru','Karnataka ',560001,'1','2025-01-17 07:45:38','registered'),(10,9,'','No. 143/1, Amani Bellandur Village, Prestige Tech Park, Marathalli-Sarjapur Outer Ring Road','Kadubeesnahalli','Bengaluru ','Karnataka ',560103,'1','2025-01-17 07:48:31','registered'),(11,10,'','0th to 24th Floor, Two Horizon Centre, Golf Course Road, Sector-43','Delhi','Gurgaon','Haryana',122202,'1','2025-01-17 07:51:58','registered'),(12,11,'','402,Supreme Chambers,17/18,Shah Industrial Estate, Veera Desai Road','Andheri(West)','Mumbai','Maharashtra',400053,'1','2025-01-17 07:53:54','registered'),(13,12,'','C001,KP tower, Sector 16B','Noida','Noida','Uttar Pradesh',201301,'1','2025-01-17 07:56:14','registered'),(14,13,'','2nd Floor, Unit No. 24, Kalpataru Square, Kondivita Lane, Andheri Kurla Road','Andheri','Mumbai','Maharashtra',400059,'1','2025-01-17 07:58:46','registered'),(15,14,'','Canon India Pvt. Ltd., 6th floor, Embassy One Pinnacle','Ganganagar','Bengaluru ','Karnataka ',560032,'1','2025-01-17 08:01:40','registered'),(16,15,'','2nd floor, No 112, Vairam complex, Sir Thyagaraya Rd, T. Nagar','Chennai','Chennai','Tamil Nadu',600017,'1','2025-01-17 08:04:10','registered'),(17,16,'','Block E, Embassy Tech Village Marathahalli Outer Ring Road','Devarabisanahalli','Bengaluru ','Karnataka ',560103,'1','2025-01-17 08:06:07','registered'),(19,17,'','UB City, 24, Vittal Mallya Road, D\'Souza Layout, Ashok Nagar','Bengaluru','Bengaluru','Karnataka',560001,'1','2025-01-17 08:08:03','registered'),(20,2,'','Testing address For elivery','USA1','USA1','USA1',123456,'1','2025-01-30 19:36:03','delivery');
/*!40000 ALTER TABLE `brand_address` ENABLE KEYS */;
UNLOCK TABLES;

--
-- Table structure for table `brand_documents`
--

DROP TABLE IF EXISTS `brand_documents`;
/*!40101 SET @saved_cs_client     = @@character_set_client */;
/*!40101 SET character_set_client = utf8 */;
CREATE TABLE `brand_documents` (
  `brand_doc_id` int(11) NOT NULL AUTO_INCREMENT,
  `brand_id` int(11) NOT NULL,
  `document_title` varchar(1000) NOT NULL,
  `file_title` text NOT NULL,
  `added_on` timestamp NOT NULL DEFAULT current_timestamp(),
  `is_active` enum('0','1') NOT NULL DEFAULT '1',
  PRIMARY KEY (`brand_doc_id`),
  KEY `brand_documents_brand_id_idx` (`brand_id`),
  CONSTRAINT `brand_documents_brand_id` FOREIGN KEY (`brand_id`) REFERENCES `brands` (`brand_id`) ON DELETE NO ACTION ON UPDATE NO ACTION
) ENGINE=InnoDB AUTO_INCREMENT=43 DEFAULT CHARSET=utf8mb4 COLLATE=utf8mb4_unicode_ci;
/*!40101 SET character_set_client = @saved_cs_client */;

--
-- Dumping data for table `brand_documents`
--

LOCK TABLES `brand_documents` WRITE;
/*!40000 ALTER TABLE `brand_documents` DISABLE KEYS */;
INSERT INTO `brand_documents` VALUES (1,1,'Food License','test_file_1.pdf','2025-01-17 08:10:50','1'),(2,2,'Food License','test_file_2.pdf','2025-01-17 08:10:50','1'),(3,3,'Food License','test_file_3.pdf','2025-01-17 08:10:50','1'),(4,4,'Food License','test_file_4.pdf','2025-01-17 08:10:50','1'),(5,5,'Food License','test_file_5.pdf','2025-01-17 08:10:50','1'),(6,6,'Food License','test_file_6.pdf','2025-01-17 08:10:50','1'),(7,7,'Food License','test_file_7.pdf','2025-01-17 08:10:50','1'),(8,8,'Food License','test_file_8.pdf','2025-01-17 08:10:50','1'),(9,9,'Food License','test_file_9.pdf','2025-01-17 08:10:50','1'),(10,10,'Food License','test_file_10.pdf','2025-01-17 08:10:50','1'),(11,11,'Food License','test_file_11.pdf','2025-01-17 08:10:50','1'),(12,12,'Food License','test_file_12.pdf','2025-01-17 08:10:50','1'),(13,13,'Food License','test_file_13.pdf','2025-01-17 08:10:50','1'),(14,14,'Food License','test_file_14.pdf','2025-01-17 08:10:50','1'),(15,15,'Food License','test_file_15.pdf','2025-01-17 08:10:50','1'),(16,16,'Food License','test_file_16.pdf','2025-01-17 08:10:50','1'),(17,17,'Food License','test_file_17.pdf','2025-01-17 08:10:50','1'),(26,1,'GST Certificate','test_file_1_g.pdf','2025-01-30 22:10:50','1'),(27,2,'GST Certificate','test_file_2_g.pdf','2025-01-30 22:10:50','1'),(28,3,'GST Certificate','test_file_3_g.pdf','2025-01-30 22:10:50','1'),(29,4,'GST Certificate','test_file_4_g.pdf','2025-01-30 22:10:50','1'),(30,5,'GST Certificate','test_file_5_g.pdf','2025-01-30 22:10:50','1'),(31,6,'GST Certificate','test_file_6_g.pdf','2025-01-30 22:10:50','1'),(32,7,'GST Certificate','test_file_7_g.pdf','2025-01-30 22:10:50','1'),(33,8,'GST Certificate','test_file_8_g.pdf','2025-01-30 22:10:50','1'),(34,9,'GST Certificate','test_file_9_g.pdf','2025-01-30 22:10:50','1'),(35,10,'GST Certificate','test_file_10_g.pdf','2025-01-30 22:10:50','1'),(36,11,'GST Certificate','test_file_11_g.pdf','2025-01-30 22:10:50','1'),(37,12,'GST Certificate','test_file_12_g.pdf','2025-01-30 22:10:50','1'),(38,13,'GST Certificate','test_file_13_g.pdf','2025-01-30 22:10:50','1'),(39,14,'GST Certificate','test_file_14_g.pdf','2025-01-30 22:10:50','1'),(40,15,'GST Certificate','test_file_15_g.pdf','2025-01-30 22:10:50','1'),(41,16,'GST Certificate','test_file_16_g.pdf','2025-01-30 22:10:50','1'),(42,17,'GST Certificate','test_file_17_g.pdf','2025-01-30 22:10:50','1');
/*!40000 ALTER TABLE `brand_documents` ENABLE KEYS */;
UNLOCK TABLES;

--
-- Table structure for table `brand_info`
--

DROP TABLE IF EXISTS `brand_info`;
/*!40101 SET @saved_cs_client     = @@character_set_client */;
/*!40101 SET character_set_client = utf8 */;
CREATE TABLE `brand_info` (
  `brand_info_id` int(11) NOT NULL AUTO_INCREMENT,
  `brand_id` int(11) NOT NULL,
  `first_name` varchar(255) NOT NULL,
  `last_name` varchar(255) NOT NULL,
  `contact_number` bigint(20) NOT NULL,
  `email` varchar(255) NOT NULL,
  `registration_year` year(4) NOT NULL,
  `gst_number` varchar(15) NOT NULL,
  `brand_logo` text NOT NULL,
  `food_licence_number` varchar(255) NOT NULL,
  `sample_size` varchar(45) DEFAULT NULL,
  `additional_comments` text DEFAULT NULL,
  `requested_categories` text NOT NULL,
  `is_active` enum('1','0') DEFAULT NULL,
  PRIMARY KEY (`brand_info_id`),
  KEY `idx_brand_info` (`brand_id`),
  CONSTRAINT `idx_brand_info` FOREIGN KEY (`brand_id`) REFERENCES `brands` (`brand_id`)
) ENGINE=InnoDB AUTO_INCREMENT=18 DEFAULT CHARSET=utf8mb4 COLLATE=utf8mb4_unicode_ci;
/*!40101 SET character_set_client = @saved_cs_client */;

--
-- Dumping data for table `brand_info`
--

LOCK TABLES `brand_info` WRITE;
/*!40000 ALTER TABLE `brand_info` DISABLE KEYS */;
INSERT INTO `brand_info` VALUES (1,1,'Hewlett','Packard',1800120100,'admin@hp.com',1978,'','hp.png','',NULL,NULL,'','1'),(2,2,'Michael','Dell',1800120200,'admin@dell.com',1920,'','dell.png','',NULL,NULL,'2,6,8,7','1'),(3,3,'Rajesh','Doshi',1800120300,'admin@zebronics.com',2000,'','zebronics.png','',NULL,NULL,'','1'),(4,4,'Logitech','Electronics',911147306622,'admin@logitech.com',1982,'','logitech.png','',NULL,NULL,'','1'),(5,5,'Love','Jain',1800345500,'admin@frontech.com',1997,'','frontech.png','',NULL,NULL,'','1'),(6,7,'Yang','Yuanqing',18004199733,'admin@lenovo.com',1984,'','lenovo.avif','',NULL,NULL,'','1'),(7,8,'Tim','Cook',18002120129,'admin@apple.com',1976,'','apple.png','',NULL,NULL,'','1'),(8,9,'Sanjay','Mehrotra',465487984621,'admin@sandisk.com',1988,'','sandisk.png','',NULL,NULL,'','1'),(9,10,'Lee ','Kun-hee',18005698932,'admin@samsung.com',1938,'','samsung.png','',NULL,NULL,'','1'),(10,11,'Ted','Hsu',18023563541,'admin@asus.com',1989,'','asus.png','',NULL,NULL,'','1'),(11,12,'Koo Bon','Moo',1800235678,'admin@lg.com',1947,'','lg.png','',NULL,NULL,'','1'),(12,13,'Kamlaksha','Rama Naik',1800213546,'admin@dlink.com',1986,'','dlink.png','',NULL,NULL,'','1'),(13,14,'Fujio','Mitarai',1822021356,'admin@canon.com',1937,'','canon.png','',NULL,NULL,'','1'),(14,15,'Seiko','Family',18001256752,'admin@epson.com',1942,'','epson.png','',NULL,NULL,'','1'),(15,16,'Lei','Jun',18001465486,'admin@xiaomi.com',2010,'','xiaomi.png','',NULL,NULL,'','1'),(16,17,'Pete','Lau',18001235465,'admin@oneplus.com',2013,'','oneplus.png','',NULL,NULL,'','1'),(17,19,'Niranjan','Chaudhari',7387414778,'niranjan@sequentia.co.in',0000,'','','','100gm','','2,5,7,8','1');
/*!40000 ALTER TABLE `brand_info` ENABLE KEYS */;
UNLOCK TABLES;

--
-- Table structure for table `brand_vs_category`
--

DROP TABLE IF EXISTS `brand_vs_category`;
/*!40101 SET @saved_cs_client     = @@character_set_client */;
/*!40101 SET character_set_client = utf8 */;
CREATE TABLE `brand_vs_category` (
  `brand_category_id` int(11) NOT NULL AUTO_INCREMENT,
  `brand_id` int(11) NOT NULL,
  `category_id` int(11) NOT NULL,
  `added_on` timestamp NOT NULL DEFAULT current_timestamp(),
  `is_active` enum('0','1') NOT NULL DEFAULT '1',
  PRIMARY KEY (`brand_category_id`),
  UNIQUE KEY `unique` (`brand_id`,`category_id`),
  KEY `idx_brandcat_brand_id` (`brand_id`),
  KEY `idx_brandcat_category_id` (`category_id`),
  CONSTRAINT `idx_brandcat_brand_id` FOREIGN KEY (`brand_id`) REFERENCES `brands` (`brand_id`),
  CONSTRAINT `idx_brandcat_category_id` FOREIGN KEY (`category_id`) REFERENCES `category` (`category_id`)
) ENGINE=InnoDB AUTO_INCREMENT=87 DEFAULT CHARSET=utf8mb4 COLLATE=utf8mb4_unicode_ci;
/*!40101 SET character_set_client = @saved_cs_client */;

--
-- Dumping data for table `brand_vs_category`
--

LOCK TABLES `brand_vs_category` WRITE;
/*!40000 ALTER TABLE `brand_vs_category` DISABLE KEYS */;
INSERT INTO `brand_vs_category` VALUES (1,1,2,'2025-01-16 19:48:25','0'),(2,2,2,'2025-01-16 19:48:25','1'),(3,3,2,'2025-01-16 19:48:25','1'),(4,4,2,'2025-01-16 19:48:25','1'),(5,5,2,'2025-01-16 19:48:25','1'),(6,6,2,'2025-01-16 19:48:26','1'),(7,7,2,'2025-01-16 19:48:26','1'),(8,8,2,'2025-01-16 19:48:26','1'),(9,9,2,'2025-01-16 19:48:26','1'),(10,10,2,'2025-01-16 19:48:26','1'),(11,11,2,'2025-01-16 19:48:26','1'),(12,12,2,'2025-01-16 19:48:26','1'),(13,13,2,'2025-01-16 19:48:26','1'),(14,14,2,'2025-01-16 19:48:26','1'),(15,15,2,'2025-01-16 19:48:26','1'),(16,16,2,'2025-01-16 19:48:26','1'),(17,17,2,'2025-01-16 19:48:26','1'),(18,8,1,'2025-01-16 19:48:26','1'),(19,8,4,'2025-01-16 19:48:26','1'),(20,8,8,'2025-01-16 19:48:26','1'),(21,11,4,'2025-01-16 19:48:26','1'),(22,14,6,'2025-01-16 19:48:26','1'),(23,2,4,'2025-01-16 19:48:26','1'),(24,2,7,'2025-01-16 19:48:26','1'),(25,13,8,'2025-01-16 19:48:26','1'),(26,1,4,'2025-01-16 19:48:26','0'),(27,1,7,'2025-01-16 19:48:26','0'),(28,7,4,'2025-01-16 19:48:26','1'),(29,7,7,'2025-01-16 19:48:26','1'),(30,7,8,'2025-01-16 19:48:26','1'),(31,12,3,'2025-01-16 19:48:26','1'),(32,12,7,'2025-01-16 19:48:26','1'),(33,4,7,'2025-01-16 19:48:26','1'),(34,17,1,'2025-01-16 19:48:26','1'),(35,10,1,'2025-01-16 19:48:26','1'),(36,10,3,'2025-01-16 19:48:26','1'),(37,10,4,'2025-01-16 19:48:26','1'),(38,10,8,'2025-01-16 19:48:26','1'),(39,16,1,'2025-01-16 19:48:26','1'),(40,16,3,'2025-01-16 19:48:26','1'),(41,3,5,'2025-01-16 19:48:26','1'),(42,3,7,'2025-01-16 19:48:26','1'),(43,3,8,'2025-01-16 19:48:26','1');
/*!40000 ALTER TABLE `brand_vs_category` ENABLE KEYS */;
UNLOCK TABLES;

--
-- Table structure for table `brands`
--

DROP TABLE IF EXISTS `brands`;
/*!40101 SET @saved_cs_client     = @@character_set_client */;
/*!40101 SET character_set_client = utf8 */;
CREATE TABLE `brands` (
  `brand_id` int(11) NOT NULL AUTO_INCREMENT,
  `brand_name` varchar(1000) NOT NULL,
  `is_active` enum('0','1') NOT NULL,
  `added_on` datetime NOT NULL DEFAULT current_timestamp(),
  `edited_on` datetime NOT NULL,
  `status` text NOT NULL,
  PRIMARY KEY (`brand_id`)
) ENGINE=InnoDB AUTO_INCREMENT=20 DEFAULT CHARSET=utf8mb4 COLLATE=utf8mb4_unicode_ci;
/*!40101 SET character_set_client = @saved_cs_client */;

--
-- Dumping data for table `brands`
--

LOCK TABLES `brands` WRITE;
/*!40000 ALTER TABLE `brands` DISABLE KEYS */;
INSERT INTO `brands` VALUES (1,'HP','1','2025-01-02 12:49:38','2025-01-16 01:00:00','Pending'),(2,'DELL','1','2025-01-09 13:12:32','0000-00-00 00:00:00','Approved'),(3,'ZEBRONICS','1','2025-01-09 13:12:32','0000-00-00 00:00:00','OnBoarded'),(4,'Logitech','1','2025-01-09 13:12:32','0000-00-00 00:00:00','Rejected'),(5,'FRONTECH','1','2025-01-17 00:36:58','0000-00-00 00:00:00','pending'),(6,'Galax','1','2025-01-17 00:36:58','0000-00-00 00:00:00','pending'),(7,'Lenovo','1','2025-01-17 00:36:58','0000-00-00 00:00:00','pending'),(8,'Apple','1','2025-01-17 00:36:58','0000-00-00 00:00:00','pending'),(9,'SanDisk','1','2025-01-17 00:36:58','0000-00-00 00:00:00','pending'),(10,'SAMSUNG','1','2025-01-17 00:36:58','0000-00-00 00:00:00','pending'),(11,'ASUS','1','2025-01-17 00:36:58','0000-00-00 00:00:00','pending'),(12,'LG','1','2025-01-17 00:36:58','0000-00-00 00:00:00','pending'),(13,'D-Link','1','2025-01-17 00:36:58','0000-00-00 00:00:00','pending'),(14,'Canon','1','2025-01-17 00:36:58','0000-00-00 00:00:00','pending'),(15,'Epson','1','2025-01-17 00:36:58','0000-00-00 00:00:00','pending'),(16,'Xiaomi','1','2025-01-17 00:36:58','0000-00-00 00:00:00','pending'),(17,'OnePlus','1','2025-01-17 00:36:58','0000-00-00 00:00:00','pending'),(19,'QwikFoods','0','2025-01-22 13:31:22','0000-00-00 00:00:00','Pending');
/*!40000 ALTER TABLE `brands` ENABLE KEYS */;
UNLOCK TABLES;

--
-- Table structure for table `business`
--

DROP TABLE IF EXISTS `business`;
/*!40101 SET @saved_cs_client     = @@character_set_client */;
/*!40101 SET character_set_client = utf8 */;
CREATE TABLE `business` (
  `business_id` int(11) NOT NULL AUTO_INCREMENT,
  `business_name` varchar(1000) NOT NULL,
  `is_active` enum('0','1') NOT NULL,
  `added_on` timestamp NOT NULL DEFAULT current_timestamp(),
  PRIMARY KEY (`business_id`)
) ENGINE=InnoDB AUTO_INCREMENT=18 DEFAULT CHARSET=utf8mb4 COLLATE=utf8mb4_unicode_ci;
/*!40101 SET character_set_client = @saved_cs_client */;

--
-- Dumping data for table `business`
--

LOCK TABLES `business` WRITE;
/*!40000 ALTER TABLE `business` DISABLE KEYS */;
INSERT INTO `business` VALUES (1,'Hewlett Packard Enterprise (HPE)','1','2025-01-24 18:24:41'),(2,'Dell Technologies Inc.','1','2025-01-24 18:24:41'),(3,'Zebronics India Private Limited','1','2025-01-24 18:24:41'),(4,'Logitech International S.A','1','2025-01-24 18:24:41'),(5,'Frontech Computers India Private Limited','1','2025-01-24 18:24:41'),(6,'Lenovo Group Limited','1','2025-01-24 18:24:41'),(7,'Apple Inc','1','2025-01-24 18:24:41'),(8,'Western Digital Corporation','1','2025-01-24 18:24:41'),(9,'Samsung Electronics Co., Ltd. (SEC','1','2025-01-24 18:24:41'),(10,'ASUSTeK Computer Inc','1','2025-01-24 18:24:41'),(11,'LG Electronics','1','2025-01-24 18:24:41'),(12,'D-Link Corporation','1','2025-01-24 18:24:41'),(13,'Canon Inc','1','2025-01-24 18:24:41'),(14,'Seiko Epson Corporation','1','2025-01-24 18:24:41'),(15,'Xiaomi Technology India Private Limited','1','2025-01-24 18:24:41'),(16,'OnePlus Technology (Shenzhen) Co., Ltd','1','2025-01-24 18:24:41'),(17,'','1','2025-01-24 18:24:41');
/*!40000 ALTER TABLE `business` ENABLE KEYS */;
UNLOCK TABLES;

--
-- Table structure for table `business_vs_brand`
--

DROP TABLE IF EXISTS `business_vs_brand`;
/*!40101 SET @saved_cs_client     = @@character_set_client */;
/*!40101 SET character_set_client = utf8 */;
CREATE TABLE `business_vs_brand` (
  `business_brand_id` int(11) NOT NULL AUTO_INCREMENT,
  `business_id` int(11) NOT NULL,
  `brand_id` int(11) NOT NULL,
  `added_on` timestamp NOT NULL DEFAULT current_timestamp(),
  `is_active` int(11) NOT NULL DEFAULT 1,
  PRIMARY KEY (`business_brand_id`),
  KEY `idx_business_id_check` (`business_id`),
  KEY `idx_brand_id_check` (`brand_id`),
  CONSTRAINT `idx_brand_id_check` FOREIGN KEY (`brand_id`) REFERENCES `brands` (`brand_id`),
  CONSTRAINT `idx_business_id_check` FOREIGN KEY (`business_id`) REFERENCES `business` (`business_id`)
) ENGINE=InnoDB AUTO_INCREMENT=18 DEFAULT CHARSET=utf8mb4 COLLATE=utf8mb4_unicode_ci;
/*!40101 SET character_set_client = @saved_cs_client */;

--
-- Dumping data for table `business_vs_brand`
--

LOCK TABLES `business_vs_brand` WRITE;
/*!40000 ALTER TABLE `business_vs_brand` DISABLE KEYS */;
INSERT INTO `business_vs_brand` VALUES (1,1,1,'2025-01-24 18:26:06',1),(2,2,2,'2025-01-24 18:26:06',1),(3,3,3,'2025-01-24 18:26:06',1),(4,4,4,'2025-01-24 18:26:06',1),(5,5,5,'2025-01-24 18:26:06',1),(6,6,6,'2025-01-24 18:26:06',1),(7,7,7,'2025-01-24 18:26:06',1),(8,8,8,'2025-01-24 18:26:06',1),(9,9,9,'2025-01-24 18:26:06',1),(10,10,10,'2025-01-24 18:26:06',1),(11,11,11,'2025-01-24 18:26:06',1),(12,12,12,'2025-01-24 18:26:06',1),(13,13,13,'2025-01-24 18:26:06',1),(14,14,14,'2025-01-24 18:26:06',1),(15,15,15,'2025-01-24 18:26:06',1),(16,16,16,'2025-01-24 18:26:06',1),(17,17,17,'2025-01-24 18:26:06',1);
/*!40000 ALTER TABLE `business_vs_brand` ENABLE KEYS */;
UNLOCK TABLES;

--
-- Table structure for table `carts`
--

DROP TABLE IF EXISTS `carts`;
/*!40101 SET @saved_cs_client     = @@character_set_client */;
/*!40101 SET character_set_client = utf8 */;
CREATE TABLE `carts` (
  `id` int(11) NOT NULL AUTO_INCREMENT,
  `user_id` int(11) DEFAULT NULL,
  `cart_data` text NOT NULL,
  `added_on` timestamp NOT NULL DEFAULT current_timestamp(),
  `type` enum('wishlist','watchlist') DEFAULT NULL,
  `mobile_number` bigint(20) DEFAULT NULL,
  PRIMARY KEY (`id`),
  KEY `isx_carts_user_id_idx` (`user_id`),
  CONSTRAINT `isx_carts_user_id` FOREIGN KEY (`user_id`) REFERENCES `users` (`user_id`) ON DELETE NO ACTION ON UPDATE NO ACTION
) ENGINE=InnoDB DEFAULT CHARSET=latin1 COLLATE=latin1_swedish_ci;
/*!40101 SET character_set_client = @saved_cs_client */;

--
-- Dumping data for table `carts`
--

LOCK TABLES `carts` WRITE;
/*!40000 ALTER TABLE `carts` DISABLE KEYS */;
/*!40000 ALTER TABLE `carts` ENABLE KEYS */;
UNLOCK TABLES;

--
-- Table structure for table `category`
--

DROP TABLE IF EXISTS `category`;
/*!40101 SET @saved_cs_client     = @@character_set_client */;
/*!40101 SET character_set_client = utf8 */;
CREATE TABLE `category` (
  `category_id` int(11) NOT NULL AUTO_INCREMENT,
  `category_name` varchar(255) NOT NULL,
  `category_image` blob NOT NULL,
  `is_active` enum('0','1') NOT NULL,
  `added_on` datetime NOT NULL DEFAULT current_timestamp(),
  PRIMARY KEY (`category_id`),
  UNIQUE KEY `category_name` (`category_name`)
) ENGINE=InnoDB AUTO_INCREMENT=18 DEFAULT CHARSET=utf8mb4 COLLATE=utf8mb4_unicode_ci;
/*!40101 SET character_set_client = @saved_cs_client */;

--
-- Dumping data for table `category`
--

LOCK TABLES `category` WRITE;
/*!40000 ALTER TABLE `category` DISABLE KEYS */;
INSERT INTO `category` VALUES (1,'Mobiles & Accessories','','1','2025-01-16 13:44:05'),(2,'Computer Accessories','data:image/png;base64,iVBORw0KGgoAAAANSUhEUgAABUUAAAH/CAIAAAD/niubAAAAAXNSR0IArs4c6QAAAARnQU1BAACxjwv8YQUAAAAJcEhZcwAAEnQAABJ0Ad5mH3gAAAwYSURBVHhe7ddBCQAwDACxCemz/p3Vw3QcBGIi72YBAACAFp8HAACAHp8HAACAHp8HAACAHp8HAACAHp8HAACAHp8HAACAHp8HAACAHp8HAACAHp8HAACAHp8HAACAHp8HAACAHp8HAACAHp8HAACAHp8HAACAHp8HAACAHp8HAACAHp8HAACAHp8HAACAHp8HAACAHp8HAACAHp8HAACAHp8HAACAHp8HAACAHp8HAACAHp8HAACAHp8HAACAHp8HAACAHp8HAACAHp8HAACAHp8HAACAHp8HAACAHp8HAACAHp8HAACAHp8HAACAHp8HAACAHp8HAACAHp8HAACAHp8HAACAHp8HAACAHp8HAACAHp8HAACAHp8HAACAHp8HAACAHp8HAACAHp8HAACAHp8HAACAHp8HAACAHp8HAACAHp8HAACAHp8HAACAHp8HAACAHp8HAACAHp8HAACAHp8HAACAHp8HAACAHp8HAACAHp8HAACAHp8HAACAHp8HAACAHp8HAACAHp8HAACAHp8HAACAHp8HAACAHp8HAACAHp8HAACAHp8HAACAHp8HAACAHp8HAACAHp8HAACAHp8HAACAHp8HAACAHp8HAACAHp8HAACAHp8HAACAHp8HAACAHp8HAACAHp8HAACAHp8HAACAHp8HAACAHp8HAACAHp8HAACAHp8HAACAHp8HAACAHp8HAACAHp8HAACAHp8HAACAHp8HAACAHp8HAACAHp8HAACAHp8HAACAHp8HAACAHp8HAACAHp8HAACAHp8HAACAHp8HAACAHp8HAACAHp8HAACAHp8HAACAHp8HAACAHp8HAACAHp8HAACAHp8HAACAHp8HAACAHp8HAACAHp8HAACAHp8HAACAHp8HAACAHp8HAACAHp8HAACAHp8HAACAHp8HAACAHp8HAACAHp8HAACAHp8HAACAHp8HAACAHp8HAACAHp8HAACAHp8HAACAHp8HAACAHp8HAACAHp8HAACAHp8HAACAHp8HAACAHp8HAACAHp8HAACAHp8HAACAHp8HAACAHp8HAACAHp8HAACAHp8HAACAHp8HAACAHp8HAACAHp8HAACAHp8HAACAHp8HAACAHp8HAACAHp8HAACAHp8HAACAHp8HAACAHp8HAACAHp8HAACAHp8HAACAHp8HAACAHp8HAACAHp8HAACAHp8HAACAHp8HAACAHp8HAACAHp8HAACAHp8HAACAHp8HAACAHp8HAACAHp8HAACAHp8HAACAHp8HAACAHp8HAACAHp8HAACAHp8HAACAHp8HAACAHp8HAACAHp8HAACAHp8HAACAHp8HAACAHp8HAACAHp8HAACAHp8HAACAHp8HAACAHp8HAACAHp8HAACAHp8HAACAHp8HAACAHp8HAACAHp8HAACAHp8HAACAHp8HAACAHp8HAACAHp8HAACAHp8HAACAHp8HAACAHp8HAACAHp8HAACAHp8HAACAHp8HAACAHp8HAACAHp8HAACAHp8HAACAHp8HAACAHp8HAACAHp8HAACAHp8HAACAHp8HAACAHp8HAACAHp8HAACAHp8HAACAHp8HAACAHp8HAACAHp8HAACAHp8HAACAHp8HAACAHp8HAACAHp8HAACAHp8HAACAHp8HAACAHp8HAACAHp8HAACAHp8HAACAHp8HAACAHp8HAACAHp8HAACAHp8HAACAHp8HAACAHp8HAACAHp8HAACAHp8HAACAHp8HAACAHp8HAACAHp8HAACAHp8HAACAHp8HAACAHp8HAACAHp8HAACAHp8HAACAHp8HAACAHp8HAACAHp8HAACAHp8HAACAHp8HAACAHp8HAACAHp8HAACAHp8HAACAHp8HAACAHp8HAACAHp8HAACAHp8HAACAHp8HAACAHp8HAACAHp8HAACAHp8HAACAHp8HAACAHp8HAACAHp8HAACAHp8HAACAHp8HAACAHp8HAACAHp8HAACAHp8HAACAHp8HAACAHp8HAACAHp8HAACAHp8HAACAHp8HAACAHp8HAACAHp8HAACAHp8HAACAHp8HAACAHp8HAACAHp8HAACAHp8HAACAHp8HAACAHp8HAACAHp8HAACAHp8HAACAHp8HAACAHp8HAACAHp8HAACAHp8HAACAHp8HAACAHp8HAACAHp8HAACAHp8HAACAHp8HAACAHp8HAACAHp8HAACAHp8HAACAHp8HAACAHp8HAACAHp8HAACAHp8HAACAHp8HAACAHp8HAACAHp8HAACAHp8HAACAHp8HAACAHp8HAACAHp8HAACAHp8HAACAHp8HAACAHp8HAACAHp8HAACAHp8HAACAHp8HAACAHp8HAACAHp8HAACAHp8HAACAHp8HAACAHp8HAACAHp8HAACAHp8HAACAHp8HAACAHp8HAACAHp8HAACAHp8HAACAHp8HAACAHp8HAACAHp8HAACAHp8HAACAHp8HAACAHp8HAACAHp8HAACAHp8HAACAHp8HAACAHp8HAACAHp8HAACAHp8HAACAHp8HAACAHp8HAACAHp8HAACAHp8HAACAHp8HAACAHp8HAACAHp8HAACAHp8HAACAHp8HAACAHp8HAACAHp8HAACAHp8HAACAHp8HAACAHp8HAACAHp8HAACAHp8HAACAHp8HAACAHp8HAACAHp8HAACAHp8HAACAHp8HAACAHp8HAACAHp8HAACAHp8HAACAHp8HAACAHp8HAACAHp8HAACAHp8HAACAHp8HAACAHp8HAACAHp8HAACAHp8HAACAHp8HAACAHp8HAACAHp8HAACAHp8HAACAHp8HAACAHp8HAACAHp8HAACAHp8HAACAHp8HAACAHp8HAACAHp8HAACAHp8HAACAHp8HAACAHp8HAACAHp8HAACAHp8HAACAHp8HAACAHp8HAACAHp8HAACAHp8HAACAHp8HAACAHp8HAACAHp8HAACAHp8HAACAHp8HAACAHp8HAACAHp8HAACAHp8HAACAHp8HAACAHp8HAACAHp8HAACAHp8HAACAHp8HAACAHp8HAACAHp8HAACAHp8HAACAHp8HAACAHp8HAACAHp8HAACAHp8HAACAHp8HAACAHp8HAACAHp8HAACAHp8HAACAHp8HAACAHp8HAACAHp8HAACAHp8HAACAHp8HAACAHp8HAACAHp8HAACAHp8HAACAHp8HAACAHp8HAACAHp8HAACAHp8HAACAHp8HAACAHp8HAACAHp8HAACAHp8HAACAHp8HAACAHp8HAACAHp8HAACAHp8HAACAHp8HAACAHp8HAACAHp8HAACAHp8HAACAHp8HAACAHp8HAACAHp8HAACAHp8HAACAHp8HAACAHp8HAACAHp8HAACAHp8HAACAHp8HAACAHp8HAACAHp8HAACAHp8HAACAHp8HAACAHp8HAACAHp8HAACAHp8HAACAHp8HAACAHp8HAACAHp8HAACAHp8HAACAHp8HAACAHp8HAACAHp8HAACAHp8HAACAHp8HAACAHp8HAACAHp8HAACAHp8HAACAHp8HAACAHp8HAACAHp8HAACAHp8HAACAHp8HAACAHp8HAACAHp8HAACAHp8HAACAHp8HAACAHp8HAACAHp8HAACAHp8HAACAHp8HAACAHp8HAACAHp8HAACAHp8HAACAHp8HAACAHp8HAACAHp8HAACAHp8HAACAHp8HAACAHp8HAACAHp8HAACAHp8HAACAHp8HAACAHp8HAACAHp8HAACAHp8HAACAHp8HAACAHp8HAACAHp8HAACAHp8HAACAHp8HAACAHp8HAACAHp8HAACAHp8HAACAHp8HAACAHp8HAACAHp8HAACAHp8HAACAHp8HAACAHp8HAACAHp8HAACAHp8HAACAHp8HAACAHp8HAACAHp8HAACAHp8HAACAHp8HAACAHp8HAACAHp8HAACAHp8HAACAHp8HAACAHp8HAACAHp8HAACAHp8HAACAHp8HAACAHp8HAACAHp8HAACAHp8HAACAHp8HAACAHp8HAACAHp8HAACAHp8HAACAHp8HAACAHp8HAACAHp8HAACAHp8HAACAmtkPMAnJYn/2jf0AAAAASUVORK5CYII=','1','2025-01-16 13:44:05'),(3,'TV & Home Entertainment','','1','2025-01-16 13:44:05'),(4,'Laptops & Accessories','','1','2025-01-16 13:44:06'),(5,'Audio','','1','2025-01-16 13:44:06'),(6,'Cameras','','1','2025-01-16 13:44:06'),(7,'Computer Peripherals','','1','2025-01-16 13:44:06'),(8,'Smart Technology','','1','2025-01-16 13:44:06'),(9,'Musical Instruemnts','','1','2025-01-16 13:44:06'),(10,'Office & Stationary','','1','2025-01-16 13:44:06'),(14,'sadasd sad1','data:image/png;base64,iVBORw0KGgoAAAANSUhEUgAABUUAAAH/CAIAAAD/niubAAAAAXNSR0IArs4c6QAAAARnQU1BAACxjwv8YQUAAAAJcEhZcwAAEnQAABJ0Ad5mH3gAAAwYSURBVHhe7ddBCQAwDACxCemz/p3Vw3QcBGIi72YBAACAFp8HAACAHp8HAACAHp8HAACAHp8HAACAHp8HAACAHp8HAACAHp8HAACAHp8HAACAHp8HAACAHp8HAACAHp8HAACAHp8HAACAHp8HAACAHp8HAACAHp8HAACAHp8HAACAHp8HAACAHp8HAACAHp8HAACAHp8HAACAHp8HAACAHp8HAACAHp8HAACAHp8HAACAHp8HAACAHp8HAACAHp8HAACAHp8HAACAHp8HAACAHp8HAACAHp8HAACAHp8HAACAHp8HAACAHp8HAACAHp8HAACAHp8HAACAHp8HAACAHp8HAACAHp8HAACAHp8HAACAHp8HAACAHp8HAACAHp8HAACAHp8HAACAHp8HAACAHp8HAACAHp8HAACAHp8HAACAHp8HAACAHp8HAACAHp8HAACAHp8HAACAHp8HAACAHp8HAACAHp8HAACAHp8HAACAHp8HAACAHp8HAACAHp8HAACAHp8HAACAHp8HAACAHp8HAACAHp8HAACAHp8HAACAHp8HAACAHp8HAACAHp8HAACAHp8HAACAHp8HAACAHp8HAACAHp8HAACAHp8HAACAHp8HAACAHp8HAACAHp8HAACAHp8HAACAHp8HAACAHp8HAACAHp8HAACAHp8HAACAHp8HAACAHp8HAACAHp8HAACAHp8HAACAHp8HAACAHp8HAACAHp8HAACAHp8HAACAHp8HAACAHp8HAACAHp8HAACAHp8HAACAHp8HAACAHp8HAACAHp8HAACAHp8HAACAHp8HAACAHp8HAACAHp8HAACAHp8HAACAHp8HAACAHp8HAACAHp8HAACAHp8HAACAHp8HAACAHp8HAACAHp8HAACAHp8HAACAHp8HAACAHp8HAACAHp8HAACAHp8HAACAHp8HAACAHp8HAACAHp8HAACAHp8HAACAHp8HAACAHp8HAACAHp8HAACAHp8HAACAHp8HAACAHp8HAACAHp8HAACAHp8HAACAHp8HAACAHp8HAACAHp8HAACAHp8HAACAHp8HAACAHp8HAACAHp8HAACAHp8HAACAHp8HAACAHp8HAACAHp8HAACAHp8HAACAHp8HAACAHp8HAACAHp8HAACAHp8HAACAHp8HAACAHp8HAACAHp8HAACAHp8HAACAHp8HAACAHp8HAACAHp8HAACAHp8HAACAHp8HAACAHp8HAACAHp8HAACAHp8HAACAHp8HAACAHp8HAACAHp8HAACAHp8HAACAHp8HAACAHp8HAACAHp8HAACAHp8HAACAHp8HAACAHp8HAACAHp8HAACAHp8HAACAHp8HAACAHp8HAACAHp8HAACAHp8HAACAHp8HAACAHp8HAACAHp8HAACAHp8HAACAHp8HAACAHp8HAACAHp8HAACAHp8HAACAHp8HAACAHp8HAACAHp8HAACAHp8HAACAHp8HAACAHp8HAACAHp8HAACAHp8HAACAHp8HAACAHp8HAACAHp8HAACAHp8HAACAHp8HAACAHp8HAACAHp8HAACAHp8HAACAHp8HAACAHp8HAACAHp8HAACAHp8HAACAHp8HAACAHp8HAACAHp8HAACAHp8HAACAHp8HAACAHp8HAACAHp8HAACAHp8HAACAHp8HAACAHp8HAACAHp8HAACAHp8HAACAHp8HAACAHp8HAACAHp8HAACAHp8HAACAHp8HAACAHp8HAACAHp8HAACAHp8HAACAHp8HAACAHp8HAACAHp8HAACAHp8HAACAHp8HAACAHp8HAACAHp8HAACAHp8HAACAHp8HAACAHp8HAACAHp8HAACAHp8HAACAHp8HAACAHp8HAACAHp8HAACAHp8HAACAHp8HAACAHp8HAACAHp8HAACAHp8HAACAHp8HAACAHp8HAACAHp8HAACAHp8HAACAHp8HAACAHp8HAACAHp8HAACAHp8HAACAHp8HAACAHp8HAACAHp8HAACAHp8HAACAHp8HAACAHp8HAACAHp8HAACAHp8HAACAHp8HAACAHp8HAACAHp8HAACAHp8HAACAHp8HAACAHp8HAACAHp8HAACAHp8HAACAHp8HAACAHp8HAACAHp8HAACAHp8HAACAHp8HAACAHp8HAACAHp8HAACAHp8HAACAHp8HAACAHp8HAACAHp8HAACAHp8HAACAHp8HAACAHp8HAACAHp8HAACAHp8HAACAHp8HAACAHp8HAACAHp8HAACAHp8HAACAHp8HAACAHp8HAACAHp8HAACAHp8HAACAHp8HAACAHp8HAACAHp8HAACAHp8HAACAHp8HAACAHp8HAACAHp8HAACAHp8HAACAHp8HAACAHp8HAACAHp8HAACAHp8HAACAHp8HAACAHp8HAACAHp8HAACAHp8HAACAHp8HAACAHp8HAACAHp8HAACAHp8HAACAHp8HAACAHp8HAACAHp8HAACAHp8HAACAHp8HAACAHp8HAACAHp8HAACAHp8HAACAHp8HAACAHp8HAACAHp8HAACAHp8HAACAHp8HAACAHp8HAACAHp8HAACAHp8HAACAHp8HAACAHp8HAACAHp8HAACAHp8HAACAHp8HAACAHp8HAACAHp8HAACAHp8HAACAHp8HAACAHp8HAACAHp8HAACAHp8HAACAHp8HAACAHp8HAACAHp8HAACAHp8HAACAHp8HAACAHp8HAACAHp8HAACAHp8HAACAHp8HAACAHp8HAACAHp8HAACAHp8HAACAHp8HAACAHp8HAACAHp8HAACAHp8HAACAHp8HAACAHp8HAACAHp8HAACAHp8HAACAHp8HAACAHp8HAACAHp8HAACAHp8HAACAHp8HAACAHp8HAACAHp8HAACAHp8HAACAHp8HAACAHp8HAACAHp8HAACAHp8HAACAHp8HAACAHp8HAACAHp8HAACAHp8HAACAHp8HAACAHp8HAACAHp8HAACAHp8HAACAHp8HAACAHp8HAACAHp8HAACAHp8HAACAHp8HAACAHp8HAACAHp8HAACAHp8HAACAHp8HAACAHp8HAACAHp8HAACAHp8HAACAHp8HAACAHp8HAACAHp8HAACAHp8HAACAHp8HAACAHp8HAACAHp8HAACAHp8HAACAHp8HAACAHp8HAACAHp8HAACAHp8HAACAHp8HAACAHp8HAACAHp8HAACAHp8HAACAHp8HAACAHp8HAACAHp8HAACAHp8HAACAHp8HAACAHp8HAACAHp8HAACAHp8HAACAHp8HAACAHp8HAACAHp8HAACAHp8HAACAHp8HAACAHp8HAACAHp8HAACAHp8HAACAHp8HAACAHp8HAACAHp8HAACAHp8HAACAHp8HAACAHp8HAACAHp8HAACAHp8HAACAHp8HAACAHp8HAACAHp8HAACAHp8HAACAHp8HAACAHp8HAACAHp8HAACAHp8HAACAHp8HAACAHp8HAACAHp8HAACAHp8HAACAHp8HAACAHp8HAACAHp8HAACAHp8HAACAHp8HAACAHp8HAACAHp8HAACAHp8HAACAHp8HAACAHp8HAACAHp8HAACAHp8HAACAHp8HAACAHp8HAACAHp8HAACAHp8HAACAHp8HAACAHp8HAACAHp8HAACAHp8HAACAHp8HAACAHp8HAACAHp8HAACAHp8HAACAHp8HAACAHp8HAACAHp8HAACAHp8HAACAHp8HAACAHp8HAACAHp8HAACAHp8HAACAHp8HAACAHp8HAACAHp8HAACAHp8HAACAHp8HAACAHp8HAACAHp8HAACAHp8HAACAHp8HAACAHp8HAACAHp8HAACAHp8HAACAHp8HAACAHp8HAACAHp8HAACAHp8HAACAHp8HAACAHp8HAACAHp8HAACAHp8HAACAHp8HAACAHp8HAACAHp8HAACAHp8HAACAHp8HAACAHp8HAACAHp8HAACAHp8HAACAHp8HAACAHp8HAACAHp8HAACAHp8HAACAHp8HAACAHp8HAACAHp8HAACAHp8HAACAHp8HAACAHp8HAACAHp8HAACAHp8HAACAHp8HAACAHp8HAACAmtkPMAnJYn/2jf0AAAAASUVORK5CYII=','1','2025-01-21 23:53:46');
/*!40000 ALTER TABLE `category` ENABLE KEYS */;
UNLOCK TABLES;

--
-- Table structure for table `category_sequence`
--

DROP TABLE IF EXISTS `category_sequence`;
/*!40101 SET @saved_cs_client     = @@character_set_client */;
/*!40101 SET character_set_client = utf8 */;
CREATE TABLE `category_sequence` (
  `id_category_sequence` int(11) NOT NULL AUTO_INCREMENT,
  `category_id` int(11) NOT NULL,
  `sequence_number` int(11) NOT NULL,
  `is_active` enum('0','1') DEFAULT NULL,
  `added_on` datetime DEFAULT current_timestamp(),
  PRIMARY KEY (`id_category_sequence`)
) ENGINE=InnoDB AUTO_INCREMENT=91 DEFAULT CHARSET=latin1 COLLATE=latin1_swedish_ci;
/*!40101 SET character_set_client = @saved_cs_client */;

--
-- Dumping data for table `category_sequence`
--

LOCK TABLES `category_sequence` WRITE;
/*!40000 ALTER TABLE `category_sequence` DISABLE KEYS */;
INSERT INTO `category_sequence` VALUES (1,1,1,'0','2025-01-22 01:28:42'),(2,2,10,'0','2025-01-22 01:28:42'),(3,3,6,'0','2025-01-22 01:28:42'),(4,4,9,'0','2025-01-22 01:28:42'),(5,5,8,'0','2025-01-22 01:28:42'),(6,6,7,'0','2025-01-22 01:28:42'),(7,7,2,'0','2025-01-22 01:28:42'),(8,8,14,'0','2025-01-22 01:28:42'),(9,9,4,'0','2025-01-22 01:28:42'),(10,10,5,'0','2025-01-22 01:28:42'),(11,14,3,'0','2025-01-22 01:28:42'),(12,5,1,'0','2025-01-22 02:32:10'),(13,1,2,'0','2025-01-22 02:32:10'),(14,7,3,'0','2025-01-22 02:32:10'),(15,14,4,'0','2025-01-22 02:32:10'),(16,9,5,'0','2025-01-22 02:32:10'),(17,10,6,'0','2025-01-22 02:32:10'),(18,3,7,'0','2025-01-22 02:32:10'),(19,6,8,'0','2025-01-22 02:32:10'),(20,4,9,'0','2025-01-22 02:32:10'),(21,2,10,'0','2025-01-22 02:32:10'),(22,8,11,'0','2025-01-22 02:32:10'),(23,5,1,'0','2025-01-22 02:32:47'),(24,1,2,'0','2025-01-22 02:32:47'),(25,7,3,'0','2025-01-22 02:32:47'),(26,14,4,'0','2025-01-22 02:32:47'),(27,9,5,'0','2025-01-22 02:32:47'),(28,10,6,'0','2025-01-22 02:32:47'),(29,3,7,'0','2025-01-22 02:32:47'),(30,6,8,'0','2025-01-22 02:32:47'),(31,4,9,'0','2025-01-22 02:32:47'),(32,2,10,'0','2025-01-22 02:32:47'),(33,8,11,'0','2025-01-22 02:32:47'),(34,5,1,'0','2025-01-22 02:33:16'),(35,1,2,'0','2025-01-22 02:33:16'),(36,7,3,'0','2025-01-22 02:33:16'),(37,14,4,'0','2025-01-22 02:33:16'),(38,9,5,'0','2025-01-22 02:33:16'),(39,10,6,'0','2025-01-22 02:33:16'),(40,3,7,'0','2025-01-22 02:33:16'),(41,6,8,'0','2025-01-22 02:33:16'),(42,4,9,'0','2025-01-22 02:33:16'),(43,2,10,'0','2025-01-22 02:33:16'),(44,8,11,'0','2025-01-22 02:33:16'),(45,10,1,'0','2025-01-22 02:35:00'),(46,5,2,'0','2025-01-22 02:35:00'),(47,1,3,'0','2025-01-22 02:35:00'),(48,7,4,'0','2025-01-22 02:35:00'),(49,14,5,'0','2025-01-22 02:35:00'),(50,9,6,'0','2025-01-22 02:35:00'),(51,3,7,'0','2025-01-22 02:35:00'),(52,6,8,'0','2025-01-22 02:35:00'),(53,4,9,'0','2025-01-22 02:35:00'),(54,2,10,'0','2025-01-22 02:35:00'),(55,8,11,'0','2025-01-22 02:35:00'),(56,10,1,'0','2025-01-22 02:37:10'),(57,5,2,'0','2025-01-22 02:37:10'),(58,1,3,'0','2025-01-22 02:37:10'),(59,7,4,'0','2025-01-22 02:37:10'),(60,14,5,'0','2025-01-22 02:37:10'),(61,9,6,'0','2025-01-22 02:37:10'),(62,3,7,'0','2025-01-22 02:37:10'),(63,6,8,'0','2025-01-22 02:37:10'),(64,4,9,'0','2025-01-22 02:37:10'),(65,2,10,'0','2025-01-22 02:37:10'),(66,8,11,'0','2025-01-22 02:37:10'),(67,10,1,'0','2025-01-22 02:37:48'),(68,5,2,'0','2025-01-22 02:37:48'),(69,1,3,'0','2025-01-22 02:37:48'),(70,7,4,'0','2025-01-22 02:37:48'),(71,14,5,'0','2025-01-22 02:37:48'),(72,9,6,'0','2025-01-22 02:37:48'),(73,3,7,'0','2025-01-22 02:37:48'),(74,6,8,'0','2025-01-22 02:37:48'),(75,4,9,'0','2025-01-22 02:37:48'),(76,2,10,'0','2025-01-22 02:37:48'),(77,8,11,'0','2025-01-22 02:37:48'),(80,10,1,'1','2025-02-03 01:43:21'),(81,9,2,'1','2025-02-03 01:43:21'),(82,5,3,'1','2025-02-03 01:43:21'),(83,1,4,'1','2025-02-03 01:43:21'),(84,7,5,'1','2025-02-03 01:43:21'),(85,14,6,'1','2025-02-03 01:43:21'),(86,3,7,'1','2025-02-03 01:43:21'),(87,6,8,'1','2025-02-03 01:43:21'),(88,4,9,'1','2025-02-03 01:43:21'),(89,2,10,'1','2025-02-03 01:43:21'),(90,8,11,'1','2025-02-03 01:43:21');
/*!40000 ALTER TABLE `category_sequence` ENABLE KEYS */;
UNLOCK TABLES;

--
-- Table structure for table `category_vs_subcategory`
--

DROP TABLE IF EXISTS `category_vs_subcategory`;
/*!40101 SET @saved_cs_client     = @@character_set_client */;
/*!40101 SET character_set_client = utf8 */;
CREATE TABLE `category_vs_subcategory` (
  `cat_subcat_id` int(11) NOT NULL AUTO_INCREMENT,
  `category_id` int(11) NOT NULL,
  `sub_category_id` int(11) NOT NULL,
  `is_active` enum('0','1') NOT NULL DEFAULT '1',
  `added_on` timestamp NOT NULL DEFAULT current_timestamp(),
  PRIMARY KEY (`cat_subcat_id`),
  UNIQUE KEY `UNIQUE_CAT_SUB_ADD` (`category_id`,`sub_category_id`,`is_active`,`added_on`),
  KEY `subCategoryIdCheck` (`sub_category_id`),
  KEY `categoryIdCheck_idx` (`category_id`),
  CONSTRAINT `categoryIdCheck` FOREIGN KEY (`category_id`) REFERENCES `category` (`category_id`) ON DELETE NO ACTION ON UPDATE NO ACTION,
  CONSTRAINT `subCategoryIdCheck` FOREIGN KEY (`sub_category_id`) REFERENCES `sub_category` (`sub_category_id`)
) ENGINE=InnoDB AUTO_INCREMENT=104 DEFAULT CHARSET=utf8mb4 COLLATE=utf8mb4_unicode_ci;
/*!40101 SET character_set_client = @saved_cs_client */;

--
-- Dumping data for table `category_vs_subcategory`
--

LOCK TABLES `category_vs_subcategory` WRITE;
/*!40000 ALTER TABLE `category_vs_subcategory` DISABLE KEYS */;
INSERT INTO `category_vs_subcategory` VALUES (1,1,1,'1','2025-01-16 08:35:47'),(2,1,2,'1','2025-01-16 08:35:47'),(3,1,3,'1','2025-01-16 08:35:47'),(4,1,4,'1','2025-01-16 08:35:47'),(5,1,5,'1','2025-01-16 08:35:47'),(6,1,6,'1','2025-01-16 08:35:47'),(7,1,7,'1','2025-01-16 08:35:47'),(8,1,8,'1','2025-01-16 08:35:47'),(9,1,9,'1','2025-01-16 08:35:48'),(101,1,97,'0','2025-01-27 20:00:39'),(103,1,97,'1','2025-01-27 20:14:45'),(10,2,10,'1','2025-01-16 08:35:48'),(11,2,11,'1','2025-01-16 08:35:48'),(12,2,12,'1','2025-01-16 08:35:48'),(13,2,13,'1','2025-01-16 08:35:48'),(14,3,14,'1','2025-01-16 08:35:48'),(15,3,15,'1','2025-01-16 08:35:48'),(16,3,16,'1','2025-01-16 08:35:48'),(17,3,17,'1','2025-01-16 08:35:48'),(18,3,18,'1','2025-01-16 08:35:48'),(19,3,19,'1','2025-01-16 08:35:48'),(20,3,20,'1','2025-01-16 08:35:48'),(21,3,21,'1','2025-01-16 08:35:48'),(22,3,22,'1','2025-01-16 08:35:48'),(23,3,23,'1','2025-01-16 08:35:48'),(24,3,24,'1','2025-01-16 08:35:48'),(25,3,25,'1','2025-01-16 08:35:48'),(102,3,97,'0','2025-01-27 20:05:54'),(26,4,1,'1','2025-01-16 08:35:48'),(27,4,2,'1','2025-01-16 08:35:48'),(28,4,3,'1','2025-01-16 08:35:48'),(29,4,4,'1','2025-01-16 08:35:48'),(30,4,5,'1','2025-01-16 08:35:48'),(31,4,6,'1','2025-01-16 08:35:48'),(32,4,7,'1','2025-01-16 08:35:48'),(33,4,8,'1','2025-01-16 08:35:48'),(34,4,9,'1','2025-01-16 08:35:48'),(37,5,18,'1','2025-01-16 08:35:48'),(35,5,26,'1','2025-01-16 08:35:48'),(36,5,27,'1','2025-01-16 08:35:48'),(38,5,28,'1','2025-01-16 08:35:48'),(39,5,29,'1','2025-01-16 08:35:48'),(40,5,30,'1','2025-01-16 08:35:48'),(56,6,20,'1','2025-01-16 08:35:48'),(41,6,31,'1','2025-01-16 08:35:48'),(42,6,32,'1','2025-01-16 08:35:48'),(43,6,33,'1','2025-01-16 08:35:48'),(44,6,34,'1','2025-01-16 08:35:48'),(45,6,36,'1','2025-01-16 08:35:48'),(46,6,37,'1','2025-01-16 08:35:48'),(47,6,38,'1','2025-01-16 08:35:48'),(48,6,39,'1','2025-01-16 08:35:48'),(49,6,40,'1','2025-01-16 08:35:48'),(50,6,41,'1','2025-01-16 08:35:48'),(51,6,42,'1','2025-01-16 08:35:48'),(52,6,43,'1','2025-01-16 08:35:48'),(53,6,44,'1','2025-01-16 08:35:48'),(54,6,45,'1','2025-01-16 08:35:48'),(55,6,46,'1','2025-01-16 08:35:48'),(57,7,47,'1','2025-01-16 08:35:48'),(58,7,48,'1','2025-01-16 08:35:48'),(59,7,49,'1','2025-01-16 08:35:48'),(60,7,50,'1','2025-01-16 08:35:48'),(61,7,51,'1','2025-01-16 08:35:48'),(62,7,52,'1','2025-01-16 08:35:48'),(63,7,53,'1','2025-01-16 08:35:48'),(64,7,54,'1','2025-01-16 08:35:48'),(65,7,55,'1','2025-01-16 08:35:48'),(66,7,56,'1','2025-01-16 08:35:48'),(67,7,57,'1','2025-01-16 08:35:48'),(68,7,58,'1','2025-01-16 08:35:48'),(69,7,59,'1','2025-01-16 08:35:48'),(70,7,60,'1','2025-01-16 08:35:48'),(71,7,61,'1','2025-01-16 08:35:48'),(72,7,62,'1','2025-01-16 08:35:48'),(73,7,63,'1','2025-01-16 08:35:48'),(74,7,64,'1','2025-01-16 08:35:48'),(75,8,65,'1','2025-01-16 08:35:48'),(76,8,66,'1','2025-01-16 08:35:48'),(77,8,67,'1','2025-01-16 08:35:48'),(78,8,69,'1','2025-01-16 08:35:48'),(79,9,70,'1','2025-01-16 08:35:48'),(80,9,71,'1','2025-01-16 08:35:48'),(81,9,72,'1','2025-01-16 08:35:48'),(82,9,73,'1','2025-01-16 08:35:48'),(83,9,74,'1','2025-01-16 08:35:48'),(84,9,75,'1','2025-01-16 08:35:48'),(85,9,76,'1','2025-01-16 08:35:48'),(86,9,77,'1','2025-01-16 08:35:48'),(87,9,78,'1','2025-01-16 08:35:48'),(88,9,79,'1','2025-01-16 08:35:48'),(89,9,80,'1','2025-01-16 08:35:48'),(90,9,81,'1','2025-01-16 08:35:48'),(91,10,82,'1','2025-01-16 08:35:48'),(92,10,83,'1','2025-01-16 08:35:48'),(93,10,84,'1','2025-01-16 08:35:48'),(94,10,85,'1','2025-01-16 08:35:48'),(95,10,86,'1','2025-01-16 08:35:48'),(96,10,87,'1','2025-01-16 08:35:48');
/*!40000 ALTER TABLE `category_vs_subcategory` ENABLE KEYS */;
UNLOCK TABLES;

--
-- Table structure for table `contact_form`
--

DROP TABLE IF EXISTS `contact_form`;
/*!40101 SET @saved_cs_client     = @@character_set_client */;
/*!40101 SET character_set_client = utf8 */;
CREATE TABLE `contact_form` (
  `id_contact_form` int(10) NOT NULL AUTO_INCREMENT,
  `name` varchar(250) NOT NULL,
  `mobile_number` bigint(11) NOT NULL,
  `email` varchar(250) NOT NULL,
  `subject` text NOT NULL,
  `message` text NOT NULL,
  `added_on` datetime NOT NULL DEFAULT current_timestamp(),
  PRIMARY KEY (`id_contact_form`)
) ENGINE=InnoDB DEFAULT CHARSET=utf8mb4 COLLATE=utf8mb4_general_ci;
/*!40101 SET character_set_client = @saved_cs_client */;

--
-- Dumping data for table `contact_form`
--

LOCK TABLES `contact_form` WRITE;
/*!40000 ALTER TABLE `contact_form` DISABLE KEYS */;
/*!40000 ALTER TABLE `contact_form` ENABLE KEYS */;
UNLOCK TABLES;

--
-- Table structure for table `offers`
--

DROP TABLE IF EXISTS `offers`;
/*!40101 SET @saved_cs_client     = @@character_set_client */;
/*!40101 SET character_set_client = utf8 */;
CREATE TABLE `offers` (
  `offer_id` int(11) NOT NULL,
  `offercode` varchar(50) NOT NULL,
  `discount_type` varchar(50) NOT NULL,
  `discount_value` decimal(10,2) NOT NULL,
  `min_order_amount` decimal(10,2) NOT NULL,
  `max_order_discount` decimal(10,2) DEFAULT NULL,
  `valid_from` date DEFAULT NULL,
  `valid_to` date NOT NULL DEFAULT current_timestamp(),
  `added_on` datetime NOT NULL DEFAULT current_timestamp(),
  PRIMARY KEY (`offer_id`),
  UNIQUE KEY `offercode_UNIQUE` (`offercode`)
) ENGINE=InnoDB DEFAULT CHARSET=latin1 COLLATE=latin1_swedish_ci;
/*!40101 SET character_set_client = @saved_cs_client */;

--
-- Dumping data for table `offers`
--

LOCK TABLES `offers` WRITE;
/*!40000 ALTER TABLE `offers` DISABLE KEYS */;
/*!40000 ALTER TABLE `offers` ENABLE KEYS */;
UNLOCK TABLES;

--
-- Table structure for table `order_offers`
--

DROP TABLE IF EXISTS `order_offers`;
/*!40101 SET @saved_cs_client     = @@character_set_client */;
/*!40101 SET character_set_client = utf8 */;
CREATE TABLE `order_offers` (
  `id_order_offers` int(11) NOT NULL,
  `order_id` int(11) NOT NULL,
  `offer_id` int(11) NOT NULL,
  `discount_amount` decimal(10,2) NOT NULL,
  `added_on` datetime DEFAULT current_timestamp(),
  PRIMARY KEY (`id_order_offers`),
  KEY `idx_order_offers_order_id_idx` (`order_id`),
  KEY `idx_order_offers_offercode_id_idx` (`offer_id`),
  CONSTRAINT `idx_order_offers_offercode_id` FOREIGN KEY (`offer_id`) REFERENCES `order_offers` (`id_order_offers`) ON DELETE NO ACTION ON UPDATE NO ACTION,
  CONSTRAINT `idx_order_offers_order_id` FOREIGN KEY (`order_id`) REFERENCES `orders` (`order_id`) ON DELETE NO ACTION ON UPDATE NO ACTION
) ENGINE=InnoDB DEFAULT CHARSET=latin1 COLLATE=latin1_swedish_ci;
/*!40101 SET character_set_client = @saved_cs_client */;

--
-- Dumping data for table `order_offers`
--

LOCK TABLES `order_offers` WRITE;
/*!40000 ALTER TABLE `order_offers` DISABLE KEYS */;
/*!40000 ALTER TABLE `order_offers` ENABLE KEYS */;
UNLOCK TABLES;

--
-- Table structure for table `order_vs_product`
--

DROP TABLE IF EXISTS `order_vs_product`;
/*!40101 SET @saved_cs_client     = @@character_set_client */;
/*!40101 SET character_set_client = utf8 */;
CREATE TABLE `order_vs_product` (
  `id_order_vs_product` int(11) NOT NULL AUTO_INCREMENT,
  `order_id` int(11) NOT NULL,
  `product_id` int(11) NOT NULL,
  `product_weight` decimal(10,0) NOT NULL,
  `quantity` int(11) NOT NULL,
  `amount_product` decimal(10,2) NOT NULL,
  `amount_gst` decimal(10,2) DEFAULT NULL,
  `amount_total` decimal(10,2) NOT NULL,
  `added_on` datetime DEFAULT current_timestamp(),
  `product_description` text DEFAULT NULL,
  `product_name` varchar(1000) DEFAULT NULL,
  `category_id` int(11) NOT NULL,
  `subcategory_id` int(11) NOT NULL,
  `brand_id` int(11) NOT NULL,
  `category_name` varchar(255) DEFAULT NULL,
  `subcategory_name` varchar(255) DEFAULT NULL,
  `brand_name` varchar(1000) DEFAULT NULL,
  PRIMARY KEY (`id_order_vs_product`),
  KEY `idx_orders_vs_product_order_id_idx` (`order_id`),
  KEY `idx_orders_vs_product_product_id_idx` (`product_id`),
  KEY `idx_orders_vs_product_category_id_idx` (`category_id`),
  KEY `idx_orders_vs_product_subcategory_id_idx` (`subcategory_id`),
  KEY `idx_orders_vs_product_brand_id_idx` (`brand_id`),
  CONSTRAINT `idx_orders_vs_product_brand_id` FOREIGN KEY (`brand_id`) REFERENCES `brands` (`brand_id`) ON DELETE NO ACTION ON UPDATE NO ACTION,
  CONSTRAINT `idx_orders_vs_product_category_id` FOREIGN KEY (`category_id`) REFERENCES `category` (`category_id`) ON DELETE NO ACTION ON UPDATE NO ACTION,
  CONSTRAINT `idx_orders_vs_product_order_id` FOREIGN KEY (`order_id`) REFERENCES `orders` (`order_id`) ON DELETE NO ACTION ON UPDATE NO ACTION,
  CONSTRAINT `idx_orders_vs_product_product_id` FOREIGN KEY (`product_id`) REFERENCES `products` (`product_id`) ON DELETE NO ACTION ON UPDATE NO ACTION,
  CONSTRAINT `idx_orders_vs_product_subcategory_id` FOREIGN KEY (`subcategory_id`) REFERENCES `sub_category` (`sub_category_id`) ON DELETE NO ACTION ON UPDATE NO ACTION
) ENGINE=InnoDB DEFAULT CHARSET=latin1 COLLATE=latin1_swedish_ci;
/*!40101 SET character_set_client = @saved_cs_client */;

--
-- Dumping data for table `order_vs_product`
--

LOCK TABLES `order_vs_product` WRITE;
/*!40000 ALTER TABLE `order_vs_product` DISABLE KEYS */;
/*!40000 ALTER TABLE `order_vs_product` ENABLE KEYS */;
UNLOCK TABLES;

--
-- Table structure for table `orders`
--

DROP TABLE IF EXISTS `orders`;
/*!40101 SET @saved_cs_client     = @@character_set_client */;
/*!40101 SET character_set_client = utf8 */;
CREATE TABLE `orders` (
  `order_id` int(11) NOT NULL AUTO_INCREMENT,
  `order_date` date NOT NULL DEFAULT current_timestamp(),
  `user_id` int(11) NOT NULL,
  `address_id` int(11) NOT NULL,
  `amount_shipping` decimal(10,2) DEFAULT NULL,
  `amount_gst` decimal(10,2) NOT NULL,
  `amount_discount` decimal(10,2) DEFAULT NULL,
  `amount_total` decimal(10,2) NOT NULL,
  `amount_final` decimal(10,2) NOT NULL,
  `payment_method` varchar(50) NOT NULL DEFAULT 'cash_on_delivery',
  `transaction_id` varchar(255) DEFAULT NULL,
  `shipping_method` varchar(45) DEFAULT NULL,
  `status` varchar(50) NOT NULL,
  `added_on` datetime NOT NULL DEFAULT current_timestamp(),
  `edited_on` datetime DEFAULT NULL,
  `product_count` int(11) NOT NULL,
  PRIMARY KEY (`order_id`),
  KEY `idx_prders_user_id_idx` (`user_id`),
  KEY `idx_order_address_id_idx` (`address_id`),
  CONSTRAINT `idx_order_address_id` FOREIGN KEY (`address_id`) REFERENCES `user_vs_address` (`id_user_vs_address`) ON DELETE NO ACTION ON UPDATE NO ACTION,
  CONSTRAINT `idx_orders_user_id` FOREIGN KEY (`user_id`) REFERENCES `users` (`user_id`) ON DELETE NO ACTION ON UPDATE NO ACTION
) ENGINE=InnoDB DEFAULT CHARSET=utf8mb4 COLLATE=utf8mb4_unicode_ci;
/*!40101 SET character_set_client = @saved_cs_client */;

--
-- Dumping data for table `orders`
--

LOCK TABLES `orders` WRITE;
/*!40000 ALTER TABLE `orders` DISABLE KEYS */;
/*!40000 ALTER TABLE `orders` ENABLE KEYS */;
UNLOCK TABLES;

--
-- Table structure for table `product_images`
--

DROP TABLE IF EXISTS `product_images`;
/*!40101 SET @saved_cs_client     = @@character_set_client */;
/*!40101 SET character_set_client = utf8 */;
CREATE TABLE `product_images` (
  `prod_img_id` int(11) NOT NULL AUTO_INCREMENT,
  `product_id` int(11) NOT NULL,
  `file_name` text NOT NULL,
  `is_active` enum('0','1') NOT NULL,
  `added_on` timestamp NOT NULL DEFAULT current_timestamp(),
  `data` blob DEFAULT NULL,
  PRIMARY KEY (`prod_img_id`),
  KEY `idx_prodImage_prod_id` (`product_id`),
  CONSTRAINT `idx_prodImage_prod_id` FOREIGN KEY (`product_id`) REFERENCES `products` (`product_id`)
) ENGINE=InnoDB AUTO_INCREMENT=141 DEFAULT CHARSET=utf8mb4 COLLATE=utf8mb4_unicode_ci;
/*!40101 SET character_set_client = @saved_cs_client */;

--
-- Dumping data for table `product_images`
--

LOCK TABLES `product_images` WRITE;
/*!40000 ALTER TABLE `product_images` DISABLE KEYS */;
INSERT INTO `product_images` VALUES (1,1,'71nTwoiWQIL._SX522_.jpg','1','2025-01-16 19:02:12',NULL),(2,1,'61F1S1V5chL._SX522_.jpg','1','2025-01-16 19:02:12',NULL),(3,1,'61JbOmmHjSL._SX522_.jpg','1','2025-01-16 19:02:12',NULL),(4,2,'81y5M1xVgKL._SX522_.jpg','1','2025-01-16 19:02:12',NULL),(5,2,'81hwM+O36bL._SX522_.jpg','1','2025-01-16 19:02:12',NULL),(6,2,'71uNfJgnrYL._SX522_.jpg','1','2025-01-16 19:02:12',NULL),(7,3,'819cvkE--kL._SX679_.jpg','1','2025-01-16 19:02:12',NULL),(8,3,'81qU9HN4E+L._SX679_.jpg','1','2025-01-16 19:02:12',NULL),(9,3,'81OLJHvnAML._SX679_.jpg','1','2025-01-16 19:02:12',NULL),(10,4,'61wt6u4yXEL._SX679_.jpg','1','2025-01-16 19:02:12',NULL),(11,4,'71bzRKPLHcL._SX679_.jpg','1','2025-01-16 19:02:12',NULL),(12,4,'81tP0fMaJML._SX679_.jpg','1','2025-01-16 19:02:12',NULL),(13,5,'71u2F4bIzXL._SX679_.jpg','1','2025-01-16 19:02:12',NULL),(14,5,'71QR6AY4M6L._SX679_.jpg','1','2025-01-16 19:02:12',NULL),(15,5,'611mEARqOnL._SX679_.jpg','1','2025-01-16 19:02:12',NULL),(16,5,'612FGLxoQDL._SX679_.jpg','1','2025-01-16 19:02:12',NULL),(17,6,'61Tedl8bksL._SX679_.jpg','0','2025-01-16 19:02:12',NULL),(18,6,'71Ce7JmgS6L._SX679_.jpg','0','2025-01-16 19:02:12',NULL),(19,7,'71bBCTIvIIL._SX679_.jpg','0','2025-01-16 19:02:12',NULL),(20,8,'71ai4yZJUgL._SX679_.jpg','1','2025-01-16 19:02:12',NULL),(21,8,'51yvHIQUPgL._SX679_.jpg','1','2025-01-16 19:02:12',NULL),(22,8,'41xDwVVxTWL._SX679_.jpg','1','2025-01-16 19:02:12',NULL),(23,8,'518YeDMbgmL._SX679_.jpg','1','2025-01-16 19:02:12',NULL),(24,8,'71Tflh-kCeL._SY879_.jpg','1','2025-01-16 19:02:12',NULL),(25,9,'81E+P0-L1VL._SX679_.jpg','1','2025-01-16 19:02:12',NULL),(26,9,'81Paie44TSL._SX679_.jpg','1','2025-01-16 19:02:12',NULL),(27,10,'71t2GDCrIbL._SX679_.jpg','1','2025-01-16 19:02:12',NULL),(28,10,'81ceMuSihLL._SX679_.jpg','1','2025-01-16 19:02:12',NULL),(29,10,'61fsBFww9DL._SX679_.jpg','1','2025-01-16 19:02:12',NULL),(30,11,'61-Y-eWXqtL._SX679_.jpg','1','2025-01-16 19:02:12',NULL),(31,11,'61Egbtl06bL._SX679_.jpg','1','2025-01-16 19:02:12',NULL),(32,11,'51O+exD+3jL._SL1000_.jpg','1','2025-01-16 19:02:12',NULL),(33,12,'61JNbQnIUDL._SX522_.jpg','1','2025-01-16 19:02:12',NULL),(34,12,'417UynCAixL._SX522_.jpg','1','2025-01-16 19:02:12',NULL),(35,13,'81TB5JcEKkL._SX679_.jpg','1','2025-01-16 19:02:12',NULL),(36,14,'314BnT0d8FL._SY300_SX300_QL70_FMwebp_.webp','1','2025-01-16 19:02:12',NULL),(37,15,'51TgRks3kIL._SX679_.jpg','1','2025-01-16 19:02:12',NULL),(38,15,'61vbnkR36zL._SX679_.jpg','1','2025-01-16 19:02:12',NULL),(39,15,'71ricz+ENhL._SX679_.jpg','1','2025-01-16 19:02:12',NULL),(40,16,'61e8xgi7jrL._SX679_.jpg','1','2025-01-16 19:02:12',NULL),(41,17,'61N1RFGVVCL._SX522_.jpg','1','2025-01-16 19:02:12',NULL),(42,17,'81oz4DcvD4L._SX522_.jpg','1','2025-01-16 19:02:12',NULL),(43,17,'7135E0xd7xL._SX522_.jpg','1','2025-01-16 19:02:12',NULL),(44,18,'61tslaYWLjL._SX522_.jpg','1','2025-01-16 19:02:12',NULL),(45,18,'51jgG3xLVnL._SX522_.jpg','1','2025-01-16 19:02:12',NULL),(46,18,'51HCGpeU88L._SX522_.jpg','1','2025-01-16 19:02:12',NULL),(47,18,'7163MSZRX3L._SL1500_.jpg','1','2025-01-16 19:02:12',NULL),(48,18,'71NblC5DpxL._SL1500_.jpg','1','2025-01-16 19:02:12',NULL),(108,6,'2025130233959NaN0.png','0','2025-01-30 18:14:03',NULL),(109,6,'2025130233959NaN1.png','0','2025-01-30 18:14:03',NULL),(110,6,'2025130233959NaN2.png','0','2025-01-30 18:14:03',NULL),(111,6,'2025130233959NaN0.png','0','2025-01-30 18:17:56',NULL),(112,6,'2025130233959NaN1.png','0','2025-01-30 18:17:56',NULL),(113,6,'2025130233959NaN2.png','0','2025-01-30 18:17:56',NULL),(114,6,'2025130233959NaN0.png','0','2025-01-30 18:18:58',NULL),(115,6,'2025130233959NaN1.png','0','2025-01-30 18:18:58',NULL),(116,6,'2025130233959NaN2.png','0','2025-01-30 18:18:58',NULL),(117,6,'2025130233959NaN0.png','0','2025-01-30 18:19:49',NULL),(118,6,'2025130233959NaN1.png','0','2025-01-30 18:19:49',NULL),(119,6,'2025130233959NaN2.png','0','2025-01-30 18:19:49',NULL),(120,6,'2025130233959NaN0.png','0','2025-01-30 18:20:57',NULL),(121,6,'2025130233959NaN1.png','0','2025-01-30 18:20:57',NULL),(122,6,'2025130233959NaN2.png','0','2025-01-30 18:20:57',NULL),(123,6,'2025130235130NaN0.png','0','2025-01-30 18:21:30',NULL),(124,6,'2025130235130NaN1.png','0','2025-01-30 18:21:30',NULL),(125,6,'2025130235215NaN0.png','0','2025-01-30 18:22:15',NULL),(126,6,'2025130235215NaN1.png','0','2025-01-30 18:22:15',NULL),(127,6,'2025130235215NaN2.png','0','2025-01-30 18:22:15',NULL),(128,6,'2025130235343NaN0.png','0','2025-01-30 18:23:43',NULL),(129,6,'2025130235343NaN1.png','0','2025-01-30 18:23:43',NULL),(130,6,'2025130235419NaN0.png','0','2025-01-30 18:24:19',NULL),(131,6,'2025130235419NaN1.png','0','2025-01-30 18:24:19',NULL),(132,6,'20252301735NaN0.png','0','2025-02-02 18:47:35',NULL),(133,6,'20252301735NaN1.png','0','2025-02-02 18:47:35',NULL),(134,6,'20252301735NaN2.png','0','2025-02-02 18:47:35',NULL),(135,6,'20252301827NaN0.png','0','2025-02-02 18:48:28',NULL),(136,6,'20252301827NaN1.png','0','2025-02-02 18:48:28',NULL),(137,6,'20252301827NaN2.png','0','2025-02-02 18:48:28',NULL),(138,6,'20252301924NaN0.png','1','2025-02-02 18:49:24',NULL),(139,6,'20252301924NaN1.png','1','2025-02-02 18:49:24',NULL),(140,44,'2025213144215NaN0.png','1','2025-02-13 09:12:15',NULL);
/*!40000 ALTER TABLE `product_images` ENABLE KEYS */;
UNLOCK TABLES;

--
-- Table structure for table `product_mapping`
--

DROP TABLE IF EXISTS `product_mapping`;
/*!40101 SET @saved_cs_client     = @@character_set_client */;
/*!40101 SET character_set_client = utf8 */;
CREATE TABLE `product_mapping` (
  `product_mapping_id` int(11) NOT NULL AUTO_INCREMENT,
  `product_id` int(11) NOT NULL,
  `brand_id` int(11) NOT NULL,
  `category_id` int(11) NOT NULL,
  `sub_category_id` int(11) NOT NULL,
  `added_on` timestamp NOT NULL DEFAULT current_timestamp(),
  `is_active` enum('0','1') NOT NULL DEFAULT '1',
  PRIMARY KEY (`product_mapping_id`),
  UNIQUE KEY `uniqueIndex` (`product_id`,`brand_id`,`category_id`,`sub_category_id`,`is_active`),
  KEY `idx_mapping_prod_id` (`product_id`),
  KEY `idx_mapping_brand_id` (`brand_id`),
  KEY `idx_mapping_cat_id` (`category_id`),
  KEY `idx_mapping_sub_cat_id` (`sub_category_id`),
  CONSTRAINT `idx_mapping_brand_id` FOREIGN KEY (`brand_id`) REFERENCES `brands` (`brand_id`),
  CONSTRAINT `idx_mapping_cat_id` FOREIGN KEY (`category_id`) REFERENCES `category` (`category_id`),
  CONSTRAINT `idx_mapping_prod_id` FOREIGN KEY (`product_id`) REFERENCES `products` (`product_id`),
  CONSTRAINT `idx_mapping_sub_cat_id` FOREIGN KEY (`sub_category_id`) REFERENCES `sub_category` (`sub_category_id`)
) ENGINE=InnoDB AUTO_INCREMENT=40 DEFAULT CHARSET=utf8mb4 COLLATE=utf8mb4_unicode_ci;
/*!40101 SET character_set_client = @saved_cs_client */;

--
-- Dumping data for table `product_mapping`
--

LOCK TABLES `product_mapping` WRITE;
/*!40000 ALTER TABLE `product_mapping` DISABLE KEYS */;
INSERT INTO `product_mapping` VALUES (1,1,3,2,1,'2025-01-16 19:14:11','1'),(2,2,5,2,1,'2025-01-16 19:14:11','1'),(3,3,6,2,1,'2025-01-16 19:14:11','1'),(4,4,1,2,2,'2025-01-16 19:14:11','1'),(5,5,7,2,2,'2025-01-16 19:14:11','1'),(6,6,8,2,2,'2025-01-16 19:14:11','1'),(7,7,9,2,3,'2025-01-16 19:14:11','1'),(8,8,10,2,3,'2025-01-16 19:14:11','1'),(9,9,1,2,3,'2025-01-16 19:14:11','1'),(10,10,11,2,4,'2025-01-16 19:14:11','1'),(11,11,2,2,4,'2025-01-16 19:14:11','1'),(12,12,12,2,5,'2025-01-16 19:14:11','1'),(13,13,3,2,5,'2025-01-16 19:14:11','1'),(14,14,13,2,6,'2025-01-16 19:14:11','1'),(15,15,14,2,7,'2025-01-16 19:14:11','1'),(16,16,15,2,8,'2025-01-16 19:14:11','1'),(17,17,16,2,9,'2025-01-16 19:14:11','1'),(18,18,17,2,9,'2025-01-16 19:14:11','1'),(39,44,17,14,97,'2025-02-13 09:12:15','1');
/*!40000 ALTER TABLE `product_mapping` ENABLE KEYS */;
UNLOCK TABLES;

--
-- Table structure for table `products`
--

DROP TABLE IF EXISTS `products`;
/*!40101 SET @saved_cs_client     = @@character_set_client */;
/*!40101 SET character_set_client = utf8 */;
CREATE TABLE `products` (
  `product_id` int(11) NOT NULL AUTO_INCREMENT,
  `product_name` varchar(1000) NOT NULL,
  `product_description` text NOT NULL,
  `price` float NOT NULL,
  `weight` float NOT NULL,
  `is_active` enum('0','1') NOT NULL DEFAULT '1',
  `added_on` timestamp NOT NULL DEFAULT current_timestamp(),
  `edited_on` timestamp NULL DEFAULT NULL,
  `is_featured` enum('0','1') DEFAULT '0',
  PRIMARY KEY (`product_id`)
) ENGINE=InnoDB AUTO_INCREMENT=45 DEFAULT CHARSET=utf8mb4 COLLATE=utf8mb4_unicode_ci;
/*!40101 SET character_set_client = @saved_cs_client */;

--
-- Dumping data for table `products`
--

LOCK TABLES `products` WRITE;
/*!40000 ALTER TABLE `products` DISABLE KEYS */;
INSERT INTO `products` VALUES (1,'ZEB-SD52 SSD 512GB, SATA II and SATA III Interface, QLC, Silent Operation','About this itemFaster performance, Smart & Silent operation512GB, Ultra low power consumptionFlash Interface QLCSequential Read Speed 550MB/s Sequential Write Speed 480MB/s',2099,40,'1','2025-01-16 18:41:06',NULL,'1'),(2,'FRONTECH 775/1155 CPU Cooling Fan with Universal Socket & Heat Sink for Better Air Circulation, Super Silent, De-Vibrating, HS Sunflower Design, (CPF-0002, Black)','Give your PC a way to ventilate hot air and keep air flow for a cooled system. Fan speed 3000 RPM. Max Airflow. 55 CFM.Make your CPU cooler with this super cooling fan. It creates a flow of air that pushes heat out of your system preventing any overheating.An easy to install application that gets attached to your PCs CPU effortlessly. With a sunflower design that also improves the looks of your frame.Dissipate heat effectively with more air flow and less heat present. Helps you perform heavy tasks without damaging any internal parts.The super silent performance with de-vibration helps you perform your task in peace.',239,15,'1','2025-01-16 18:41:06',NULL,'1'),(3,'Galaxy Microsystems Ltd., Galaxy Microsystems Ltd., Hong Kong, Kowloon Bay, Wang Chiu Rd, 33, Exchange Tower, Room 1601, 16th Floor','Advanced Cooling System: Equipped with 4 vibrant RGB cooling fans and a high-performance mesh front panel for superior airflow, ensuring optimal cooling efficiency even during intense gaming sessions.Crystal-Clear Display: The innovative hinged magnetic tempered glass door provides a clear view of your PC\'s components, showcasing your high-performance hardware in style.Enhanced Connectivity: Features 1x USB 3.0, 2x USB 2.0 ports, alongside dedicated 3.5mm microphone and headphone jacks for seamless connectivity. Includes a convenient reset button and a responsive power button for easy operation.Versatile Liquid Cooling Support: Supports various liquid cooling configurations including front (240mm/280mm/360mm), top (240mm/280mm), and rear (120mm), enabling you to unleash the full potential of advanced cooling solutions for overclocking and intensive tasks.Spacious Interior Design: Offers ample room to accommodate ATX, M-ATX, and ITX motherboards, ensuring compatibility with a wide range of gaming setups and hardware configurations.Optimized Graphics Card Compatibility: Supports graphics cards up to 330mm in length, allowing you to install the latest high-performance GPUs without compromise.Sleek and Modern Aesthetic: Boasts a minimalist design with clean lines, adding a sophisticated touch to your gaming rig while complementing any gaming environment.',3379,4300,'1','2025-01-16 18:41:06',NULL,'1'),(4,'HP All-in-One PC, Windows 11 Home, Intel Processor N200, 21.45-Inch (54.5 Cm), FHD, Intel UHD Graphics, 720P HD Camera W/Privacy Shutter, Dual Speakers (Win 11, White, 4.17 Kg), Dg0154In','4-core Intel Processor N200 Experience reliable performance with a processor that features 4 threads and 6MB L3 cache for smooth multitasking and fast processing.Intel UHD graphics Enjoy immersive visuals with Intel UHD graphics. Perfect for both work and entertainment, it delivers crystal-clear images for an enhanced viewing experience.Substantial memory and storage The 8GB DDR5 RAM ensures efficient multitasking, while the 512GB PCIe NVMe SSD provides ample storage space for all your files and applications.Micro-edge display Immerse yourself in the 21.45\" FHD, anti-glare, and micro-edge display. Experience vivid colors and sharp details with 99% sRGB for an unforgettable viewing experience.Seamless connectivity Stay connected with Wi-Fi 6 (1x1) and Bluetooth 5.3. It also features 1 x USB Type-C, 4 x USB Type-A, 1 x RJ-45, and 1 x HDMI-out 1.4 port for easy connectivity.HD Conferencing The HP True Vision 720p HD camera with temporal noise reduction ensures clear video calls. The dual speakers offer high-quality audio for an improved conferencing experience.Why HP Choose HP, India\'s No.1 PC brand, for cutting-edge technology, robust performance, and reliable service. Enjoy peace of mind with HP\'s extensive network of service centers.',30990,4170,'1','2025-01-16 18:41:06',NULL,'0'),(5,'Lenovo IdeaCentre AIO 13th Gen Core i3-1315U 27\" FHD IPS (8GB RAM/512GB SSD/Windows11/MS Office 2021/3Wx2 Harman Speakers/Alexa Built-in/Wireless Keyboard & Mouse, Grey), F0HM00G4IN All-in-One Desktop','Processor: Intel Core i3-1315U | Speed: Base 1.2Ghz, Max 4.5Ghz, E-Core 0.9/3.3Ghz | 6 Cores | 8 Threads | 10MB CacheOS: Pre-Loaded Windows 11 Home with Lifetime Validity | Office Home & Student 2021Memory and Storage: 1x8GB DDR5-5200 RAM, Two DDR5 SO-DIMM slots, dual-channel capable, Up to 32GB DDR5-5200 | Storage: 512GB SSD M.2 2280 PCIe 4.0x4 NVMe || Graphics: Integrated Intel UHD GraphicsDisplay: 27-inch Full HD IPS (1920x1080) | Brightness: 300 nits | IPS Display | Anti Glare | 99% sRGB | 3-side borderless, hardware low blue light, Non-TouchCamera:- 5.0 MP | Speakers:- 3Wx2, HARMAN',49490,7100,'1','2025-01-16 18:41:06',NULL,'1'),(6,'Apple 2023 iMac (24-inch, Apple M3 chip with 8?core CPU and 8?core GPU, 8GB Unified Memory, 256GB) - Silver','<p>SUPERCHARGED BY M3 ? Get more done faster with a next-generation chip from Apple. From creating presentations to gaming, you?ll fly through work and play.FITS PERFECTLY IN YOUR SPACE ? The all-in-one desktop design is strikingly thin, comes in vibrant colours and becomes the centrepiece of any room.IMMERSIVE DISPLAY ? The 60.96 cm (24?) 4.5K Retina display features 500 nits of brightness and support for one billion colours. Everything from streaming movies to editing photos is sharp and colourful.ADVANCED CAMERA AND AUDIO ? Look and sound your best with a 1080p FaceTime HD camera, a studio-quality three-mic array and a six-speaker sound system with Spatial Audio.WORKS WITH YOUR FAVOURITE APPS ? All your go-to apps run lightning fast ? including Microsoft 365, Adobe Creative Cloud and Zoom. You can even run many of your favourite iPhone and iPad apps directly on your iMac.WORKS WITH ALL YOUR APPLE DEVICES ? You can do amazing things when you use your Apple devices together. Copy something on iPhone and paste it on iMac. Use your iMac to answer FaceTime calls or send texts with Messages. And that?s just the beginning.MAGIC ACCESSORIES INCLUDED ? iMac comes with a colour-matched Magic Mouse and Magic Keyboard.</p>',119990,4480,'1','2025-01-16 18:41:06',NULL,'0'),(7,'Sandisk 1TB Portable SSD, 800MB/s R, USB 3.2 Gen 2, Rugged SSD with Upto 2 Meter Drop Protection, Type-C to Type-A Cable, PC & Mac Compatible, 3 Y Warranty, External SSD (SDSSDE30-1T00-G26)','Get fast solid state performance with 800MB/s read speeds in a portable driveBack up your content and memories on a storage solution that fits seamlessly into your mobile lifestyleTake it with you on your adventuresup to two-meter drop protection means this durable drive can take a beatingSecure it to your belt loop or backpack for extra peace of mind thanks to the tough rubber hookFrom SanDisk, a brand professional photographers trust to take on assignments',6997,40.8,'1','2025-01-16 18:41:06',NULL,'0'),(8,'SAMSUNG EVO Plus 256GB Micro w/SD Adaptor SDXC, Up-to 160MB/s, Expanded Storage for Gaming Devices, Android Tablets and Smart Phones, Memory Card, MB-MC256SA/IN','FAST AND SMOOTH: With speeds of up to 160 MB/s, you can store, save, and share instantly. Even with huge files, EVO Plus is incredibly quick with superfast U3, Class 10 rated transfer speeds of up to 160MB/s; Big apps load and run smoothly, while 4K video remains sharp with A2, V30, and UHS-I Interface**ALL THE SPACE YOU NEED: Enhanced speed + compatibility = dependable performance; EVO Plus + Adapter lets you load games to your console, or download more apps on your tablet; Top-notch speed makes transfers seamless and reliable*EXPAND AND STORE BIG: Options available from 64GB to a 1TB. choose your EVO Plus and expand your capacity for hi-resolution images and 4K video files.; With so many sizes select the perfect capacity for all your memories***d 4K video files.YOU\'RE FULLY PROTECTED: The EVO Plus takes on lifes adventures with water, temperature, X-ray, magnet, drop, and wearout protection; Your experiences are irreplaceable and deserves reliable storage, backed by a 10-year limited warranty****WORLD\'S NO. 1 FLASH MEMORY BRAND: Performance and reliability you can count on from the world\'s number one brand for flash memory since 2003;***** All firmware and components are produced in-house, including our world-renowned DRAM and NAND, for quality you can trust',1748,50,'1','2025-01-16 18:41:06',NULL,'0'),(9,'HP x796w 256GB USB 3.2 Flash Drive','[Storage] : Offers a mobile storage solution to store and share your music, photos, les and more.[Design] : Durable metal casing. It is ideal as external storage.',2399,14,'1','2025-01-16 18:41:06',NULL,'0'),(10,'ASUS Vivobook 16\" FHD+ (1920 X 1200), 60Hz 300Nits, Core i5-12500H, (16GB RAM/512GB SSD/Intel Iris X? Graphics/Win 11/Office Home/Fingerprint/42Whr Battery/Transparent Silver/1.88Kg), X1605ZAC-MB541WS','Processor : Intel Core i5-12500H Processor 2.5 GHz (18M Cache, up to 4.5 GHz, 4P+8E cores) Perfect for multitasking and entertainmentMemory : 16GB DDR4 RAM| Storage : 512GB M.2 NVMe PCIe 4.0 SSDGraphics : Intergrated Intel Iris X GraphicsDisplay :16.0-inch, WUXGA (1920 x 1200) 16:10 aspect ratio, 60Hz refresh rate, 300nits Brightness| Keyboard : Backlit Chiclet KeyboardBattery : 42WHrs, 3S1P, 3-cell Li-ionI/O Ports : 1x USB 2.0 Type-A, 1x USB 3.2 Gen 1 Type-C, 2x USB 3.2 Gen 1 Type-A, 1x HDMI 1.4, 1x DC-inAudio : 1x 3.5mm Combo Audio Jack, Webcam : 720p HD camera with privacy shutter, Mic : Built-in array microphoneOn Board Wireless : Wi-Fi 5(802.11ac) (Dual band) 1*1 + Bluetooth 5.1 Wireless Card (*Bluetooth version may change with OS version different.)',51990,188,'1','2025-01-16 18:41:06',NULL,'0'),(11,'Dell 15 [Smartchoice] Intel Core i3-1215U Processor, 12th Gen (8GB RAM/512GB SSD/FHD/Window 11/MS Office\' 21/15\"(38 cm) Display/15 Month McAfee/Black/1.69kg Thin & Light Laptop','Processor: Intel Core i3-1215U 12th Generation (up to 4.40 GHz, 10MB 6 Cores)RAM & Storage: 8 GB, 1 x 8 GB, DDR4, 2666 MHz, (2 DIMM Slots, Expandable up to 16GB) & 512GB SSDSoftware: Pre-Loaded Windows 11 Home with Lifetime Validity | MS Office Home and Student 2021 with lifetime validity| McAfee Multi-Device Security 15-month subscriptionGraphics & Keyboard: Integrated Onboard Graphics & Standard Keyboard // Display: 15.6\" FHD WVA AG 120Hz 250 nits Narrow BorderPorts: 2 USB 3.2 Gen 1 ports, 1 USB 2.0 port, 1 Headset jack, 1 HDMI 1.4 port, 1 SD 3.0 card slot, 1 Flip-Down RJ-45 port 10/100/1000 Mbps',33990,1690,'1','2025-01-16 18:41:06',NULL,'0'),(12,'LG UltraWide 29 inch (73 cm) IPS FHD, 2560x1080 Pixels, Color Calibrated, 100Hz, 7W x 2 Inbuilt Speaker, USB-C, Display Port, HDMI, White Color-29WQ600','Display: 29 inch (73cm) 21:9 UltraWide IPS FHD (2560 x 1080) , sRGB 99%, Color Calibrated, HDR10Connectivity: USB-C, Display Port , HDMI Port, Headphone outGaming Features: 100hz Refresh rate, Motion Blur Reduction , AMD FreeSync, Black StablizerSpecial Feature : Inbuilt Speaker 7W x 2 with Max Audio, Tilt Adjustment, White ColorWarranty: 3 Years Parts and Labour',16999,4500,'1','2025-01-16 18:41:06',NULL,'0'),(13,'ZEBRONICS New Launch N24A 24\"(60.4 cm) Gaming Monitor, FHD 1920x1080, IPS-Antiglare Display, 280Nits, 180Hz, 1ms MPRT, HDR10, 99% sRGB, Adaptive Sync, 1 x DP | 1 x HDMI | 1 x 3.5mm','Anti-glare screen: The 60.4cm screen of the ZEB-N24A is treated with an anti-glare coating, which reduces reflections and minimizes eye strain during prolonged gaming sessions.Built-in Speakers: Equipped with built-in speakers, the ZEB-N24A offers a convenient audio solution without the need for external speakers.Bezel-Less Design: The ZEB-N24A boasts a sleek, bezel-less design, providing an expansive viewing area that enhances the sense of immersion. Its 16:9 aspect ratio offers a wider viewing experience.Refresh Rate: The monitor\'s 180Hz refresh rate and 1ms MPRT ensure smooth gameplay with reduced motion blur and more frames per second.High-resolution: The monitor\'s IPS display and Full HD 1920x1080 resolution deliver sharp, clear visuals, offering an ideal balance between performance and quality for gaming.Brightness: The ZEB-N24A offers 280 nits of brightness and supports HDR10 for enhanced contrast and a broader color range.Connectivity: The ZEB-N24A features one DisplayPort, one HDMI port, and a headphone jack, providing flexible connectivity.',7998,2750,'1','2025-01-16 18:41:06',NULL,'0'),(14,'D-Link DIR-825 |1200Mbps Dual Band Wi-Fi Router| Speeds 2.4 GHz up to 300Mbps & 5 GHz up to 867Mbps | Gigabit Ethernet Ports | High-Gain Antennas | Easy Setup |MTCTE Certified','AC 1200 Mbps WAVE 2 Concurrent dual band wireless Router with 4 High gain Omni Antenna802.11 a/b/g/n/ac standards with speed of 300 Mbps on 2.4Ghz & 867 Mbps on 5GhzGigabit Ports -- One Gigabit WAN & Four Gigabit LAN ports for high speed wired connectivity.MU-MIMO -- MU-MIMO, which transmits data to multiple wireless devices simultaneously to increase speed and efficiencyMultiple Operating modes: Router mode : to access the internet. Access Point mode : to extend wired network over wireless .Repeater mode : to extend the range of existing wireless router.Easy Setup: Super simple set-up with the D-Link Assistant Mobile APP Or with intuitive WEB GUI setup wizard',1699,1040,'1','2025-01-16 18:41:06',NULL,'0'),(15,'Canon Pixma MG2577s All-in-One Inkjet Colour Printer (Blue/White)','Printer Type - Inkjet; Functionality - All-in-One (Print, Scan, Copy), Scanner type - Flatbed ; Printer Output - ColourConnectivity - USB ; Compatibility - Windows XP or newer and Mac OS X v10.7.5 or newerPages per minute - 8 pages (Black), 4 pages (Colour) ; Cost per page - Rs 5.3 (Black & White), Rs 7.8 (Colour) - As per ISO standardsIdeal usage - Home & Small Office, Low usage ( less than 100 pages per month)Page size supported - 4.0\"x6.0\" till A4 / Letter / Legal ; Duplex Print - Manual ; Print resolution - 4800x600Compatible Ink Cartridge - PG-745 (Black), CL-746 (Colour) ; Page Yield - 180 pages ; Includes 1 Black and 1 Colour cartridge in the boxWarranty Details: 1 year manufacturer warranty from the date of purchase',2899,4800,'1','2025-01-16 18:41:06',NULL,'0'),(16,'Epson Perfection V39 Scanner','4800 x 4800 dpi scanningUSB poweredBuilt-in kickstandDetachable lidEasy Photo ScanWith Epson Easy Photo Fix software, improve the quality of your scans by removing dust, restoring faded colours and correcting backlight',5349,1200,'1','2025-01-16 18:41:06',NULL,'0'),(17,'Xiaomi Pad 6| Qualcomm Snapdragon 870| Powered by HyperOS |144Hz Refresh Rate| 8GB, 256GB| 2.8K+ Display (11-inch/27.81cm) Tablet| Dolby Vision Atmos| Quad Speakers| Wi-Fi| Gray','Snapdragon 870 Octa-Core Processor | Adreno 650 | Qualcomm AI engine | LPDDR5 RAM | UFS 3.1 | Up to 8GB RAM144Hz 7-Stage Refresh Rate | 27.9cm(11) Display Tablet | 2.8K Resolution | 1 Billion Colors | 2880*1800 High ResolutionQuad Speakers with Dolby Atmos | Long Lasting 8840mAh Battery | Android 13 | MIUI 14 with Android & Security Updates8MP Front Camera with Focus Frame | 13MP Rear Camera | Metal Unibody Design',21999,1700,'1','2025-01-16 18:41:06',NULL,'0'),(18,'OnePlus Pad 2(12.1 Inch)LCD Display,12GB RAM, 256GB Storage,Snapdragon 8 Gen 3,144Hz Refresh Rate,Dolby Vision & Atmos,Open Canvas,AI features,6 speakers,Wi-Fi with Cellular Data Sharing [Nimbus Gray]','[Display]: 3K+ Display (30.73cm), 7:5 ReadFit ratio; Display type: IPS LCD; Display resolution: 3000x2120 Dolby Vision display, 304 PPI; Peak Display brightness (900 nits); Screen refresh rate: 144Hz.[AI-enhanced Productivity]: AI Eraser 2.0 to remove unwanted objects in photos, Smart Cutout to quickly create stickers, & the AI Toolbox set of features like AI Summary & AI Writer.[Design & Storage]: 12GB RAM+ 256GB storage. All-metal unibody seamless design for lasting beauty and durability. Anodization enhances durability, ensuring a scratch-free look.[Processor]: Snapdragon 8 Gen 3 is one of the fastest SoC in the smartphone industry, and with stable diffusion. The upgraded Qualcomm Adreno GPU yields 25% faster graphics rendering and 25% improved GPU power efficiency, enhancing gaming and streaming[Speakers]: Equipped with 6 speakers (3 on each side), it delivers a more impactful bass effect, clearer high-frequency performance, and a more immersive stereo sound experience.[Battery & Charging]: 9510mAh Battery with 67W SUPERVOOC fast charging which can fully charge the Pad 2 in just 80 minutes.[Camera]: Front 8MP & Rear 13MP cameras which clearly capture memorable moments, scan files/documents easily along with lots of AI features',40999,1710,'1','2025-01-16 18:41:06',NULL,'0'),(41,'adjskdhgsh djahs djsag djahs djgsa j 123','<p>sadasdsad asdas d asd asd 123</p>',100,200,'1','2025-01-30 10:07:55',NULL,'0'),(42,'adjskdhgsh djahs djsag djahs djgsa j','<p>asdasd</p>',100,200,'1','2025-01-30 17:27:13',NULL,'0'),(43,'adjskdhgsh djahs djsag djahs djgsa j','<p>sdasdasd</p>',100,200,'1','2025-01-30 18:08:42',NULL,'0'),(44,'adjskdhgsh djahs djsag djahs djgsa j','<p>sadsd asd sd sad as d</p>',100,200,'1','2025-02-13 09:12:15',NULL,'0');
/*!40000 ALTER TABLE `products` ENABLE KEYS */;
UNLOCK TABLES;

--
-- Table structure for table `rating_review`
--

DROP TABLE IF EXISTS `rating_review`;
/*!40101 SET @saved_cs_client     = @@character_set_client */;
/*!40101 SET character_set_client = utf8 */;
CREATE TABLE `rating_review` (
  `id` int(11) NOT NULL AUTO_INCREMENT,
  `order_id` int(11) NOT NULL,
  `product_id` int(11) NOT NULL,
  `user_id` int(11) NOT NULL,
  `rating` int(11) NOT NULL,
  `message` text NOT NULL,
  `added_on` datetime NOT NULL,
  `status` text NOT NULL,
  PRIMARY KEY (`id`)
) ENGINE=InnoDB AUTO_INCREMENT=2 DEFAULT CHARSET=utf8mb4 COLLATE=utf8mb4_unicode_ci;
/*!40101 SET character_set_client = @saved_cs_client */;

--
-- Dumping data for table `rating_review`
--

LOCK TABLES `rating_review` WRITE;
/*!40000 ALTER TABLE `rating_review` DISABLE KEYS */;
INSERT INTO `rating_review` VALUES (1,1,38,1,4,'Cras non velit nec nisi vulputate nonummy. Maecenas tincidunt lacus at velit. Vivamus vel nulla eget eros elementum pellentesque.','2025-01-21 00:00:00','Active');
/*!40000 ALTER TABLE `rating_review` ENABLE KEYS */;
UNLOCK TABLES;

--
-- Table structure for table `sub_category`
--

DROP TABLE IF EXISTS `sub_category`;
/*!40101 SET @saved_cs_client     = @@character_set_client */;
/*!40101 SET character_set_client = utf8 */;
CREATE TABLE `sub_category` (
  `sub_category_id` int(11) NOT NULL AUTO_INCREMENT,
  `sub_category_name` varchar(255) NOT NULL,
  `sub_category_value` varchar(255) NOT NULL,
  `added_on` timestamp NOT NULL DEFAULT current_timestamp(),
  `is_active` enum('0','1') NOT NULL,
  PRIMARY KEY (`sub_category_id`),
  UNIQUE KEY `sub_category_name` (`sub_category_name`)
) ENGINE=InnoDB AUTO_INCREMENT=98 DEFAULT CHARSET=utf8mb4 COLLATE=utf8mb4_unicode_ci;
/*!40101 SET character_set_client = @saved_cs_client */;

--
-- Dumping data for table `sub_category`
--

LOCK TABLES `sub_category` WRITE;
/*!40000 ALTER TABLE `sub_category` DISABLE KEYS */;
INSERT INTO `sub_category` VALUES (1,'Components','','2025-01-16 08:23:31','1'),(2,'Desktops','','2025-01-16 08:23:31','1'),(3,'External Devices & Data Storage','','2025-01-16 08:23:31','1'),(4,'Laptops','','2025-01-16 08:23:31','1'),(5,'Monitors','','2025-01-16 08:23:31','1'),(6,'Networking Devices','','2025-01-16 08:23:31','1'),(7,'Printers, Inks & Accessories','','2025-01-16 08:23:31','1'),(8,'Scanners','','2025-01-16 08:23:31','1'),(9,'Tablets','','2025-01-16 08:23:31','1'),(10,'Mobile Accessories','','2025-01-16 08:23:31','1'),(11,'Data Cards & Dongles','','2025-01-16 08:23:31','1'),(12,'Smartphones & Basic Mobiles','','2025-01-16 08:23:31','1'),(13,'Smart Watches','','2025-01-16 08:23:31','1'),(14,'Home Cinema, TV & Video Accessories','','2025-01-16 08:23:31','1'),(15,'AV Receivers & Amplifiers','','2025-01-16 08:23:31','1'),(16,'DVD Players & Recorders','','2025-01-16 08:23:31','1'),(17,'Home Theater Systems','','2025-01-16 08:23:31','1'),(18,'Media Streaming Devices','','2025-01-16 08:23:31','1'),(19,'Portable DVD & Blu-ray Players','','2025-01-16 08:23:31','1'),(20,'Home Cinema Projectors','','2025-01-16 08:23:31','1'),(21,'Satellite Dishes','','2025-01-16 08:23:31','1'),(22,'Satellite TV Dish Equipment','','2025-01-16 08:23:31','1'),(23,'Home Cinema Speakers','','2025-01-16 08:23:31','1'),(24,'Televisions','','2025-01-16 08:23:31','1'),(25,'TV Receivers','','2025-01-16 08:23:31','1'),(26,'Hi-Fi & Home Audio Accessories','','2025-01-16 08:23:31','1'),(27,'Hi-Fi Compact Stereo Systems','','2025-01-16 08:23:31','1'),(28,'Radios & Boomboxes','','2025-01-16 08:23:31','1'),(29,'Receivers & Separates','','2025-01-16 08:23:31','1'),(30,'Hi-Fi & Home Audio Speakers','','2025-01-16 08:23:31','1'),(31,'Camera & Photo Accessories','','2025-01-16 08:23:31','1'),(32,'Action Cameras','','2025-01-16 08:23:31','1'),(33,'Binoculars, Telescopes & Optics','','2025-01-16 08:23:31','1'),(34,'Cases & Bags for Camera & Photo','','2025-01-16 08:23:31','1'),(35,'Digital Cameras','','2025-01-16 08:23:31','1'),(36,'Film Scanners','','2025-01-16 08:23:31','1'),(37,'Film Cameras','','2025-01-16 08:23:31','1'),(38,'Camera Flashes','','2025-01-16 08:23:31','1'),(39,'Camcorder & Camera Lenses','','2025-01-16 08:23:31','1'),(40,'Photo Printers','','2025-01-16 08:23:31','1'),(41,'Photo Studio & Lighting','','2025-01-16 08:23:31','1'),(42,'Security Cameras','','2025-01-16 08:23:31','1'),(43,'Simulated Cameras','','2025-01-16 08:23:31','1'),(44,'Slide Photo Viewers','','2025-01-16 08:23:31','1'),(45,'Underwater Video & Photography','','2025-01-16 08:23:31','1'),(46,'Video Cameras','','2025-01-16 08:23:31','1'),(47,'Adapters','','2025-01-16 08:23:31','1'),(48,'Webcams & VoIP Equipment','','2025-01-16 08:23:31','1'),(49,'Blank Media','','2025-01-16 08:23:31','1'),(50,'Blank Media Cases & Wallets','','2025-01-16 08:23:31','1'),(51,'Cables & Accessories','','2025-01-16 08:23:31','1'),(52,'Hard Disk Bags','','2025-01-16 08:23:31','1'),(53,'Hard Drive Accessories','','2025-01-16 08:23:31','1'),(54,'Keyboards, Mice & Input Devices','','2025-01-16 08:23:31','1'),(55,'KVM Switches','','2025-01-16 08:23:31','1'),(56,'Laptop Accessories','','2025-01-16 08:23:31','1'),(57,'Media Storage Sleeves','','2025-01-16 08:23:31','1'),(58,'Monitor Accessories','','2025-01-16 08:23:31','1'),(59,'Office Equipment Cleaners','','2025-01-16 08:23:31','1'),(60,'PC Gaming Peripherals','','2025-01-16 08:23:31','1'),(61,'Tablet Accessories','','2025-01-16 08:23:31','1'),(62,'Uninterrupted Power Supplies','','2025-01-16 08:23:31','1'),(63,'USB Gadgets','','2025-01-16 08:23:31','1'),(64,'USB Hubs','','2025-01-16 08:23:31','1'),(65,'Electronics','','2025-01-16 08:23:31','1'),(66,'Home & Kitchen','','2025-01-16 08:23:31','1'),(67,'Home Improvement','','2025-01-16 08:23:31','1'),(68,'Industrial & Scientific','','2025-01-16 08:23:31','1'),(69,'Sports, Fitness & Outdoors','','2025-01-16 08:23:31','1'),(70,'DJ & VJ Equipment','','2025-01-16 08:23:31','1'),(71,'Drums & Percussion','','2025-01-16 08:23:31','1'),(72,'General Music-Making Accessories','','2025-01-16 08:23:31','1'),(73,'Guitars, Basses & Gear','','2025-01-16 08:23:31','1'),(74,'Karaoke Equipment','','2025-01-16 08:23:31','1'),(75,'Microphones','','2025-01-16 08:23:31','1'),(76,'PA & Stage','','2025-01-16 08:23:31','1'),(77,'Piano & Keyboard','','2025-01-16 08:23:31','1'),(78,'Recording & Computer','','2025-01-16 08:23:31','1'),(79,'String Instruments','','2025-01-16 08:23:31','1'),(80,'Synthesisers, Samplers & Digital Instruments','','2025-01-16 08:23:31','1'),(81,'Wind Instruments','','2025-01-16 08:23:31','1'),(82,'Calendars, Planners & Personal Organisers','','2025-01-16 08:23:31','1'),(83,'Envelopes & Postal Supplies','','2025-01-16 08:23:31','1'),(84,'Furniture & Lighting','','2025-01-16 08:23:31','1'),(85,'Office Electronics','','2025-01-16 08:23:31','1'),(86,'Office Paper Products','','2025-01-16 08:23:31','1'),(87,'Office Supplies','','2025-01-16 08:23:31','1'),(88,' Wind Instruments','','2025-01-21 10:18:19','1'),(97,'Testing','','2025-01-27 20:00:39','1');
/*!40000 ALTER TABLE `sub_category` ENABLE KEYS */;
UNLOCK TABLES;

--
-- Table structure for table `user_vs_address`
--

DROP TABLE IF EXISTS `user_vs_address`;
/*!40101 SET @saved_cs_client     = @@character_set_client */;
/*!40101 SET character_set_client = utf8 */;
CREATE TABLE `user_vs_address` (
  `id_user_vs_address` int(11) NOT NULL AUTO_INCREMENT,
  `user_id` int(11) DEFAULT NULL,
  `address_line_1` varchar(1000) DEFAULT NULL,
  `address_line_2` text DEFAULT NULL,
  `taluka` varchar(255) DEFAULT NULL,
  `city` varchar(255) DEFAULT NULL,
  `state` varchar(255) DEFAULT NULL,
  `pincode` int(6) DEFAULT NULL,
  `is_active` enum('0','1') DEFAULT '1',
  `added_on` datetime DEFAULT current_timestamp(),
  `updated_on` datetime DEFAULT NULL,
  `address_type` enum('home','work','other') DEFAULT NULL,
  PRIMARY KEY (`id_user_vs_address`),
  KEY `user_vs_address_user_id_idx` (`user_id`),
  CONSTRAINT `user_vs_address_user_id` FOREIGN KEY (`user_id`) REFERENCES `users` (`user_id`) ON DELETE NO ACTION ON UPDATE NO ACTION
) ENGINE=InnoDB AUTO_INCREMENT=604 DEFAULT CHARSET=latin1 COLLATE=latin1_swedish_ci;
/*!40101 SET character_set_client = @saved_cs_client */;

--
-- Dumping data for table `user_vs_address`
--

LOCK TABLES `user_vs_address` WRITE;
/*!40000 ALTER TABLE `user_vs_address` DISABLE KEYS */;
INSERT INTO `user_vs_address` VALUES (1,492,'47 MySakila Drive','','Alberta','Lethbridge','Canada',123456,'0','0000-00-00 00:00:00','0000-00-00 00:00:00','other'),(2,222,'28 MySQL Boulevard','','QLD','Woodridge','Australia',655448,'1','0000-00-00 00:00:00','0000-00-00 00:00:00','work'),(3,490,'23 Workhaven Lane','','Alberta','Lethbridge','Canada',562328,'1','0000-00-00 00:00:00','0000-00-00 00:00:00','work'),(4,215,'1411 Lillydale Drive','','QLD','Woodridge','Australia',569961,'1','0000-00-00 00:00:00','0000-00-00 00:00:00','work'),(5,310,'1913 Hanoi Way','','Nagasaki','Sasebo','Japan',35200,'1','0000-00-00 00:00:00','0000-00-00 00:00:00','work'),(6,144,'1121 Loja Avenue','','California','San Bernardino','United States',17886,'1','0000-00-00 00:00:00','0000-00-00 00:00:00','work'),(7,472,'692 Joliet Street','','Attika','Athenai','Greece',83579,'1','0000-00-00 00:00:00','0000-00-00 00:00:00','other'),(8,120,'1566 Inegl Manor','','Mandalay','Myingyan','Myanmar',53561,'1','0000-00-00 00:00:00','0000-00-00 00:00:00','work'),(9,179,'53 Idfu Parkway','','Nantou','Nantou','Taiwan',42399,'1','0000-00-00 00:00:00','0000-00-00 00:00:00','work'),(10,128,'1795 Santiago de Compostela Way','','Texas','Laredo','United States',18743,'0','0000-00-00 00:00:00','0000-00-00 00:00:00','work'),(11,209,'900 Santiago de Compostela Parkway','','Central Serbia','Kragujevac','Yugoslavia',93896,'0','0000-00-00 00:00:00','0000-00-00 00:00:00','work'),(12,94,'478 Joliet Way','','Hamilton','Hamilton','New Zealand',77948,'1','0000-00-00 00:00:00','0000-00-00 00:00:00','other'),(13,345,'613 Korolev Drive','','Masqat','Masqat','Oman',45844,'1','0000-00-00 00:00:00','0000-00-00 00:00:00','work'),(14,70,'1531 Sal Drive','','Esfahan','Esfahan','Iran',53628,'0','0000-00-00 00:00:00','0000-00-00 00:00:00','home'),(15,74,'1542 Tarlac Parkway','','Kanagawa','Sagamihara','Japan',1027,'1','0000-00-00 00:00:00','0000-00-00 00:00:00','home'),(16,200,'808 Bhopal Manor','','Haryana','Yamuna Nagar','India',10672,'1','0000-00-00 00:00:00','0000-00-00 00:00:00','other'),(17,474,'270 Amroha Parkway','','Osmaniye','Osmaniye','Turkey',29610,'1','0000-00-00 00:00:00','0000-00-00 00:00:00','home'),(18,389,'770 Bydgoszcz Avenue','','California','Citrus Heights','United States',16266,'1','0000-00-00 00:00:00','0000-00-00 00:00:00','home'),(19,400,'419 Iligan Lane','','Madhya Pradesh','Bhopal','India',72878,'1','0000-00-00 00:00:00','0000-00-00 00:00:00','other'),(20,379,'360 Toulouse Parkway','','England','Southend-on-Sea','United Kingdom',54308,'1','0000-00-00 00:00:00','0000-00-00 00:00:00','other'),(21,253,'270 Toulon Boulevard','','Kalmykia','Elista','Russian Federation',81766,'1','0000-00-00 00:00:00','0000-00-00 00:00:00','home'),(22,155,'320 Brest Avenue','','Kaduna','Kaduna','Nigeria',43331,'1','0000-00-00 00:00:00','0000-00-00 00:00:00','other'),(23,370,'1417 Lancaster Avenue','','Northern Cape','Kimberley','South Africa',72192,'1','0000-00-00 00:00:00','0000-00-00 00:00:00','work'),(24,220,'1688 Okara Way','','Nothwest Border Prov','Mardan','Pakistan',21954,'1','0000-00-00 00:00:00','0000-00-00 00:00:00','home'),(25,450,'262 A Corua (La Corua) Parkway','','Dhaka','Tangail','Bangladesh',34418,'1','0000-00-00 00:00:00','0000-00-00 00:00:00','work'),(26,107,'28 Charlotte Amalie Street','','Rabat-Sal-Zammour-Z','Sal','Morocco',37551,'1','0000-00-00 00:00:00','0000-00-00 00:00:00','home'),(27,161,'1780 Hino Boulevard','','Liepaja','Liepaja','Latvia',7716,'1','0000-00-00 00:00:00','0000-00-00 00:00:00','home'),(28,355,'96 Tafuna Way','','Crdoba','Crdoba','Argentina',99865,'1','0000-00-00 00:00:00','0000-00-00 00:00:00','home'),(29,318,'934 San Felipe de Puerto Plata Street','','Sind','Shikarpur','Pakistan',99780,'0','0000-00-00 00:00:00','0000-00-00 00:00:00','other'),(30,419,'18 Duisburg Boulevard','','','Citt del Vaticano','Holy See (Vatican City State)',58327,'1','0000-00-00 00:00:00','0000-00-00 00:00:00','home'),(31,37,'217 Botshabelo Place','','Southern Mindanao','Davao','Philippines',49521,'1','0000-00-00 00:00:00','0000-00-00 00:00:00','work'),(32,401,'1425 Shikarpur Manor','','Bihar','Munger (Monghyr)','India',65599,'1','0000-00-00 00:00:00','0000-00-00 00:00:00','work'),(33,331,'786 Aurora Avenue','','Yamaguchi','Shimonoseki','Japan',65750,'1','0000-00-00 00:00:00','0000-00-00 00:00:00','work'),(34,294,'1668 Anpolis Street','','Taipei','Lungtan','Taiwan',50199,'1','0000-00-00 00:00:00','0000-00-00 00:00:00','work'),(35,90,'33 Gorontalo Way','','West Bengali','Kamarhati','India',30348,'1','0000-00-00 00:00:00','0000-00-00 00:00:00','work'),(36,170,'176 Mandaluyong Place','','Uttar Pradesh','Jhansi','India',65213,'1','0000-00-00 00:00:00','0000-00-00 00:00:00','home'),(37,269,'127 Purnea (Purnia) Manor','','Piemonte','Alessandria','Italy',79388,'1','0000-00-00 00:00:00','0000-00-00 00:00:00','home'),(38,305,'61 Tama Street','','Okayama','Kurashiki','Japan',94065,'1','0000-00-00 00:00:00','0000-00-00 00:00:00','other'),(39,291,'391 Callao Drive','','Midi-Pyrnes','Toulouse','France',34021,'1','0000-00-00 00:00:00','0000-00-00 00:00:00','work'),(40,43,'334 Munger (Monghyr) Lane','','Markazi','Arak','Iran',38145,'1','0000-00-00 00:00:00','0000-00-00 00:00:00','home'),(41,365,'1440 Fukuyama Loop','','Henan','Nanyang','China',47929,'1','0000-00-00 00:00:00','0000-00-00 00:00:00','home'),(42,316,'269 Cam Ranh Parkway','','Chisinau','Chisinau','Moldova',34689,'1','0000-00-00 00:00:00','0000-00-00 00:00:00','work'),(43,192,'306 Antofagasta Place','','Esprito Santo','Vila Velha','Brazil',3989,'1','0000-00-00 00:00:00','0000-00-00 00:00:00','home'),(44,346,'671 Graz Street','','Oriental','Nador','Morocco',94399,'1','0000-00-00 00:00:00','0000-00-00 00:00:00','home'),(45,13,'42 Brindisi Place','','Yerevan','Yerevan','Armenia',16744,'1','0000-00-00 00:00:00','0000-00-00 00:00:00','work'),(46,61,'1632 Bislig Avenue','','Nonthaburi','Pak Kret','Thailand',61117,'1','0000-00-00 00:00:00','0000-00-00 00:00:00','home'),(47,491,'1447 Imus Way','','Tahiti','Faaa','French Polynesia',48942,'1','0000-00-00 00:00:00','0000-00-00 00:00:00','home'),(48,481,'1998 Halifax Drive','','Lipetsk','Lipetsk','Russian Federation',76022,'1','0000-00-00 00:00:00','0000-00-00 00:00:00','work'),(49,18,'1718 Valencia Street','','Antofagasta','Antofagasta','Chile',37359,'1','0000-00-00 00:00:00','0000-00-00 00:00:00','other'),(50,340,'46 Pjatigorsk Lane','','Moscow (City)','Moscow','Russian Federation',23616,'1','0000-00-00 00:00:00','0000-00-00 00:00:00','work'),(51,169,'686 Garland Manor','','Cear','Juazeiro do Norte','Brazil',52535,'1','0000-00-00 00:00:00','0000-00-00 00:00:00','work'),(52,224,'909 Garland Manor','','Tatarstan','Niznekamsk','Russian Federation',69367,'1','0000-00-00 00:00:00','0000-00-00 00:00:00','home'),(53,159,'725 Isesaki Place','','Mekka','Jedda','Saudi Arabia',74428,'0','0000-00-00 00:00:00','0000-00-00 00:00:00','work'),(54,6,'115 Hidalgo Parkway','','Khartum','Omdurman','Sudan',80168,'1','0000-00-00 00:00:00','0000-00-00 00:00:00','other'),(55,251,'1135 Izumisano Parkway','','California','Fontana','United States',48150,'0','0000-00-00 00:00:00','0000-00-00 00:00:00','work'),(56,500,'939 Probolinggo Loop','','Galicia','A Corua (La Corua)','Spain',4166,'1','0000-00-00 00:00:00','0000-00-00 00:00:00','work'),(57,217,'17 Kabul Boulevard','','Chiba','Nagareyama','Japan',38594,'1','0000-00-00 00:00:00','0000-00-00 00:00:00','work'),(58,485,'1964 Allappuzha (Alleppey) Street','','Yamaguchi','Iwakuni','Japan',48980,'1','0000-00-00 00:00:00','0000-00-00 00:00:00','home'),(59,183,'1697 Kowloon and New Kowloon Loop','','Moskova','Balaiha','Russian Federation',57807,'1','0000-00-00 00:00:00','0000-00-00 00:00:00','home'),(60,118,'1668 Saint Louis Place','','Tahiti','Papeete','French Polynesia',39072,'0','0000-00-00 00:00:00','0000-00-00 00:00:00','work'),(61,491,'943 Tokat Street','','Vaduz','Vaduz','Liechtenstein',45428,'1','0000-00-00 00:00:00','0000-00-00 00:00:00','other'),(62,373,'1114 Liepaja Street','','Sarawak','Kuching','Malaysia',69226,'1','0000-00-00 00:00:00','0000-00-00 00:00:00','work'),(63,448,'1213 Ranchi Parkway','','Karnataka','Mysore','India',94352,'1','0000-00-00 00:00:00','0000-00-00 00:00:00','work'),(64,365,'81 Hodeida Way','','Rajasthan','Jaipur','India',55561,'1','0000-00-00 00:00:00','0000-00-00 00:00:00','work'),(65,8,'915 Ponce Place','','Basel-Stadt','Basel','Switzerland',83980,'1','0000-00-00 00:00:00','0000-00-00 00:00:00','other'),(66,58,'1717 Guadalajara Lane','','Missouri','Saint Louis','United States',85505,'1','0000-00-00 00:00:00','0000-00-00 00:00:00','home'),(67,202,'1214 Hanoi Way','','Nebraska','Lincoln','United States',67055,'1','0000-00-00 00:00:00','0000-00-00 00:00:00','home'),(68,246,'1966 Amroha Avenue','','Sichuan','Daxian','China',70385,'1','0000-00-00 00:00:00','0000-00-00 00:00:00','work'),(69,270,'698 Otsu Street','','Cayenne','Cayenne','French Guiana',71110,'1','0000-00-00 00:00:00','0000-00-00 00:00:00','work'),(70,320,'1150 Kimchon Manor','','Skne ln','Malm','Sweden',96109,'1','0000-00-00 00:00:00','0000-00-00 00:00:00','home'),(71,472,'1586 Guaruj Place','','Hunan','Xiangtan','China',5135,'1','0000-00-00 00:00:00','0000-00-00 00:00:00','home'),(72,334,'57 Arlington Manor','','Madhya Pradesh','Shivapuri','India',48960,'1','0000-00-00 00:00:00','0000-00-00 00:00:00','work'),(73,425,'1031 Daugavpils Parkway','','Bchar','Bchar','Algeria',59025,'1','0000-00-00 00:00:00','0000-00-00 00:00:00','work'),(74,359,'1124 Buenaventura Drive','','Mekka','al-Hawiya','Saudi Arabia',6856,'1','0000-00-00 00:00:00','0000-00-00 00:00:00','work'),(75,286,'492 Cam Ranh Street','','Eastern Visayas','Baybay','Philippines',50805,'1','0000-00-00 00:00:00','0000-00-00 00:00:00','work'),(76,405,'89 Allappuzha (Alleppey) Manor','','National Capital Reg','Taguig','Philippines',75444,'1','0000-00-00 00:00:00','0000-00-00 00:00:00','home'),(77,134,'1947 Poos de Caldas Boulevard','','Chiayi','Chiayi','Taiwan',60951,'1','0000-00-00 00:00:00','0000-00-00 00:00:00','work'),(78,65,'1206 Dos Quebradas Place','','So Paulo','Rio Claro','Brazil',20207,'1','0000-00-00 00:00:00','0000-00-00 00:00:00','other'),(79,226,'1551 Rampur Lane','','Changhwa','Changhwa','Taiwan',72394,'1','0000-00-00 00:00:00','0000-00-00 00:00:00','home'),(80,438,'602 Paarl Street','','Pavlodar','Pavlodar','Kazakstan',98889,'1','0000-00-00 00:00:00','0000-00-00 00:00:00','home'),(81,4,'1692 Ede Loop','','So Paulo','Araatuba','Brazil',9223,'1','0000-00-00 00:00:00','0000-00-00 00:00:00','home'),(82,364,'936 Salzburg Lane','','Uttar Pradesh','Rae Bareli','India',96709,'0','0000-00-00 00:00:00','0000-00-00 00:00:00','home'),(83,186,'586 Tete Way','','Kanagawa','Kamakura','Japan',1079,'1','0000-00-00 00:00:00','0000-00-00 00:00:00','other'),(84,328,'1888 Kabul Drive','','Oyo & Osun','Ife','Nigeria',20936,'1','0000-00-00 00:00:00','0000-00-00 00:00:00','work'),(85,401,'320 Baiyin Parkway','','Mahajanga','Mahajanga','Madagascar',37307,'1','0000-00-00 00:00:00','0000-00-00 00:00:00','work'),(86,81,'927 Baha Blanca Parkway','','Krim','Simferopol','Ukraine',9495,'1','0000-00-00 00:00:00','0000-00-00 00:00:00','home'),(87,133,'929 Tallahassee Loop','','Gauteng','Springs','South Africa',74671,'1','0000-00-00 00:00:00','0000-00-00 00:00:00','home'),(88,157,'125 Citt del Vaticano Boulevard','','Puebla','Atlixco','Mexico',67912,'1','0000-00-00 00:00:00','0000-00-00 00:00:00','other'),(89,490,'1557 Ktahya Boulevard','','England','Bradford','United Kingdom',88002,'1','0000-00-00 00:00:00','0000-00-00 00:00:00','work'),(90,269,'870 Ashqelon Loop','','Songkhla','Songkhla','Thailand',84931,'1','0000-00-00 00:00:00','0000-00-00 00:00:00','home'),(91,397,'1740 Portoviejo Avenue','','Sucre','Sincelejo','Colombia',29932,'1','0000-00-00 00:00:00','0000-00-00 00:00:00','work'),(92,234,'1942 Ciparay Parkway','','Cheju','Cheju','South Korea',82624,'1','0000-00-00 00:00:00','0000-00-00 00:00:00','home'),(93,293,'1926 El Alto Avenue','','Buenos Aires','La Plata','Argentina',75543,'1','0000-00-00 00:00:00','0000-00-00 00:00:00','other'),(94,295,'1952 Chatsworth Drive','','Guangdong','Meixian','China',25958,'1','0000-00-00 00:00:00','0000-00-00 00:00:00','other'),(95,235,'1370 Le Mans Avenue','','Brunei and Muara','Bandar Seri Begawan','Brunei',52163,'1','0000-00-00 00:00:00','0000-00-00 00:00:00','work'),(96,173,'984 Effon-Alaiye Avenue','','Gois','Goinia','Brazil',17119,'1','0000-00-00 00:00:00','0000-00-00 00:00:00','home'),(97,120,'832 Nakhon Sawan Manor','','Inner Mongolia','Zalantun','China',49021,'0','0000-00-00 00:00:00','0000-00-00 00:00:00','home'),(98,312,'152 Kitwe Parkway','','Caraga','Bislig','Philippines',53182,'1','0000-00-00 00:00:00','0000-00-00 00:00:00','work'),(99,135,'1697 Tanauan Lane','','Punjab','Pathankot','India',22870,'1','0000-00-00 00:00:00','0000-00-00 00:00:00','work'),(100,328,'1308 Arecibo Way','','Georgia','Augusta-Richmond County','United States',30695,'1','0000-00-00 00:00:00','0000-00-00 00:00:00','home'),(101,288,'1599 Plock Drive','','Tete','Tete','Mozambique',71986,'1','0000-00-00 00:00:00','0000-00-00 00:00:00','work'),(102,101,'669 Firozabad Loop','','Abu Dhabi','al-Ayn','United Arab Emirates',92265,'1','0000-00-00 00:00:00','0000-00-00 00:00:00','home'),(103,196,'588 Vila Velha Manor','','Kyongsangbuk','Kimchon','South Korea',51540,'1','0000-00-00 00:00:00','0000-00-00 00:00:00','home'),(104,474,'1913 Kamakura Place','','Lipetsk','Jelets','Russian Federation',97287,'1','0000-00-00 00:00:00','0000-00-00 00:00:00','work'),(105,129,'733 Mandaluyong Place','','Asir','Abha','Saudi Arabia',77459,'1','0000-00-00 00:00:00','0000-00-00 00:00:00','other'),(106,316,'659 Vaduz Drive','','Ha Darom','Ashdod','Israel',49708,'1','0000-00-00 00:00:00','0000-00-00 00:00:00','home'),(107,3,'1177 Jelets Way','','Kwara & Kogi','Ilorin','Nigeria',3305,'1','0000-00-00 00:00:00','0000-00-00 00:00:00','work'),(108,162,'1386 Yangor Avenue','','Provence-Alpes-Cte','Toulon','France',80720,'1','0000-00-00 00:00:00','0000-00-00 00:00:00','work'),(109,212,'454 Nakhon Sawan Boulevard','','Funafuti','Funafuti','Tuvalu',76383,'0','0000-00-00 00:00:00','0000-00-00 00:00:00','home'),(110,259,'1867 San Juan Bautista Tuxtepec Avenue','','Ivanovo','Ivanovo','Russian Federation',78311,'0','0000-00-00 00:00:00','0000-00-00 00:00:00','work'),(111,127,'1532 Dzerzinsk Way','','Buenos Aires','Merlo','Argentina',9599,'1','0000-00-00 00:00:00','0000-00-00 00:00:00','work'),(112,387,'1002 Ahmadnagar Manor','','Mxico','Huixquilucan','Mexico',93026,'1','0000-00-00 00:00:00','0000-00-00 00:00:00','home'),(113,169,'682 Junan Way','','North West','Klerksdorp','South Africa',30418,'1','0000-00-00 00:00:00','0000-00-00 00:00:00','work'),(114,410,'804 Elista Drive','','Hubei','Enshi','China',61069,'1','0000-00-00 00:00:00','0000-00-00 00:00:00','other'),(115,339,'1378 Alvorada Avenue','','Distrito Federal','Caracas','Venezuela',75834,'1','0000-00-00 00:00:00','0000-00-00 00:00:00','work'),(116,290,'793 Cam Ranh Avenue','','California','Lancaster','United States',87057,'1','0000-00-00 00:00:00','0000-00-00 00:00:00','home'),(117,303,'1079 Tel Aviv-Jaffa Boulevard','','Sucre','Cuman','Venezuela',10885,'1','0000-00-00 00:00:00','0000-00-00 00:00:00','other'),(118,415,'442 Rae Bareli Place','','Nordrhein-Westfalen','Duisburg','Germany',24321,'1','0000-00-00 00:00:00','0000-00-00 00:00:00','home'),(119,71,'1107 Nakhon Sawan Avenue','','Mxico','Nezahualcyotl','Mexico',75149,'0','0000-00-00 00:00:00','0000-00-00 00:00:00','other'),(120,188,'544 Malm Parkway','','Central Java','Pemalang','Indonesia',63502,'1','0000-00-00 00:00:00','0000-00-00 00:00:00','work'),(121,448,'1967 Sincelejo Place','','Gujarat','Gandhinagar','India',73644,'1','0000-00-00 00:00:00','0000-00-00 00:00:00','work'),(122,17,'333 Goinia Way','','Texas','Grand Prairie','United States',78625,'1','0000-00-00 00:00:00','0000-00-00 00:00:00','work'),(123,190,'1987 Coacalco de Berriozbal Loop','','al-Qalyubiya','Shubra al-Khayma','Egypt',96065,'1','0000-00-00 00:00:00','0000-00-00 00:00:00','work'),(124,362,'241 Mosul Lane','','Risaralda','Dos Quebradas','Colombia',76157,'1','0000-00-00 00:00:00','0000-00-00 00:00:00','work'),(125,321,'211 Chiayi Drive','','Uttar Pradesh','Etawah','India',58186,'1','0000-00-00 00:00:00','0000-00-00 00:00:00','home'),(126,248,'1175 Tanauan Way','','Lima','Lima','Peru',64615,'1','0000-00-00 00:00:00','0000-00-00 00:00:00','home'),(127,20,'117 Boa Vista Way','','Uttar Pradesh','Varanasi (Benares)','India',6804,'1','0000-00-00 00:00:00','0000-00-00 00:00:00','other'),(128,154,'848 Tafuna Manor','','Ktahya','Ktahya','Turkey',45142,'1','0000-00-00 00:00:00','0000-00-00 00:00:00','home'),(129,62,'569 Baicheng Lane','','Gauteng','Boksburg','South Africa',60304,'1','0000-00-00 00:00:00','0000-00-00 00:00:00','home'),(130,231,'1666 Qomsheh Drive','','So Paulo','Po','Brazil',66255,'1','0000-00-00 00:00:00','0000-00-00 00:00:00','home'),(131,464,'801 Hagonoy Drive','','Smolensk','Smolensk','Russian Federation',8439,'1','0000-00-00 00:00:00','0000-00-00 00:00:00','work'),(132,340,'1050 Garden Grove Avenue','','Slaskie','Jastrzebie-Zdrj','Poland',4999,'1','0000-00-00 00:00:00','0000-00-00 00:00:00','work'),(133,116,'1854 Tieli Street','','Shandong','Liaocheng','China',15819,'1','0000-00-00 00:00:00','0000-00-00 00:00:00','home'),(134,348,'758 Junan Lane','','Gois','guas Lindas de Gois','Brazil',82639,'1','0000-00-00 00:00:00','0000-00-00 00:00:00','work'),(135,316,'1752 So Leopoldo Parkway','','Taka-Karpatia','Mukateve','Ukraine',14014,'1','0000-00-00 00:00:00','0000-00-00 00:00:00','other'),(136,232,'898 Belm Manor','','Free State','Botshabelo','South Africa',49757,'1','0000-00-00 00:00:00','0000-00-00 00:00:00','work'),(137,391,'261 Saint Louis Way','','Coahuila de Zaragoza','Torren','Mexico',83401,'0','0000-00-00 00:00:00','0000-00-00 00:00:00','work'),(138,465,'765 Southampton Drive','','al-Qalyubiya','Qalyub','Egypt',4285,'1','0000-00-00 00:00:00','0000-00-00 00:00:00','home'),(139,435,'943 Johannesburg Avenue','','Maharashtra','Pune','India',5892,'1','0000-00-00 00:00:00','0000-00-00 00:00:00','other'),(140,267,'788 Atinsk Street','','Karnataka','Hubli-Dharwad','India',81691,'1','0000-00-00 00:00:00','0000-00-00 00:00:00','other'),(141,390,'1749 Daxian Place','','Gelderland','Apeldoorn','Netherlands',11044,'1','0000-00-00 00:00:00','0000-00-00 00:00:00','home'),(142,246,'1587 Sullana Lane','','Inner Mongolia','Hohhot','China',85769,'1','0000-00-00 00:00:00','0000-00-00 00:00:00','other'),(143,243,'1029 Dzerzinsk Manor','','Ynlin','Touliu','Taiwan',57519,'1','0000-00-00 00:00:00','0000-00-00 00:00:00','home'),(144,212,'1666 Beni-Mellal Place','','Tennessee','Clarksville','United States',13377,'1','0000-00-00 00:00:00','0000-00-00 00:00:00','other'),(145,347,'928 Jaffna Loop','','Hiroshima','Fukuyama','Japan',93762,'1','0000-00-00 00:00:00','0000-00-00 00:00:00','home'),(146,268,'483 Ljubertsy Parkway','','Scotland','Dundee','United Kingdom',60562,'1','0000-00-00 00:00:00','0000-00-00 00:00:00','work'),(147,74,'374 Bat Yam Boulevard','','Kilis','Kilis','Turkey',97700,'1','0000-00-00 00:00:00','0000-00-00 00:00:00','other'),(148,253,'1027 Songkhla Manor','','Minsk','Molodetno','Belarus',30861,'1','0000-00-00 00:00:00','0000-00-00 00:00:00','work'),(149,107,'999 Sanaa Loop','','Gauteng','Soshanguve','South Africa',3439,'0','0000-00-00 00:00:00','0000-00-00 00:00:00','other'),(150,257,'879 Newcastle Way','','Michigan','Sterling Heights','United States',90732,'1','0000-00-00 00:00:00','0000-00-00 00:00:00','work'),(151,111,'1337 Lincoln Parkway','','Saitama','Urawa','Japan',99457,'1','0000-00-00 00:00:00','0000-00-00 00:00:00','home'),(152,163,'1952 Pune Lane','','Saint-Denis','Saint-Denis','Runion',92150,'1','0000-00-00 00:00:00','0000-00-00 00:00:00','home'),(153,155,'782 Mosul Street','','Massachusetts','Brockton','United States',25545,'1','0000-00-00 00:00:00','0000-00-00 00:00:00','other'),(154,336,'781 Shimonoseki Drive','','Michoacn de Ocampo','Hidalgo','Mexico',95444,'1','0000-00-00 00:00:00','0000-00-00 00:00:00','home'),(155,464,'1560 Jelets Boulevard','','Shandong','Laiwu','China',77777,'1','0000-00-00 00:00:00','0000-00-00 00:00:00','work'),(156,415,'1963 Moscow Place','','Assam','Nagaon','India',64863,'1','0000-00-00 00:00:00','0000-00-00 00:00:00','home'),(157,193,'456 Escobar Way','','Jakarta Raya','Jakarta','Indonesia',36061,'1','0000-00-00 00:00:00','0000-00-00 00:00:00','other'),(158,109,'798 Cianjur Avenue','','Shanxi','Yuncheng','China',76990,'1','0000-00-00 00:00:00','0000-00-00 00:00:00','home'),(159,426,'185 Novi Sad Place','','Bern','Bern','Switzerland',41778,'0','0000-00-00 00:00:00','0000-00-00 00:00:00','other'),(160,132,'1367 Yantai Manor','','Ondo & Ekiti','Ondo','Nigeria',21294,'1','0000-00-00 00:00:00','0000-00-00 00:00:00','work'),(161,205,'1386 Nakhon Sawan Boulevard','','Pyongyang-si','Pyongyang','North Korea',53502,'0','0000-00-00 00:00:00','0000-00-00 00:00:00','home'),(162,104,'369 Papeete Way','','North Carolina','Greensboro','United States',66639,'1','0000-00-00 00:00:00','0000-00-00 00:00:00','work'),(163,108,'1440 Compton Place','','North Austria','Linz','Austria',81037,'1','0000-00-00 00:00:00','0000-00-00 00:00:00','work'),(164,191,'1623 Baha Blanca Manor','','Moskova','Ljubertsy','Russian Federation',81511,'1','0000-00-00 00:00:00','0000-00-00 00:00:00','other'),(165,42,'97 Shimoga Avenue','','Tel Aviv','Tel Aviv-Jaffa','Israel',44660,'1','0000-00-00 00:00:00','0000-00-00 00:00:00','other'),(166,433,'1740 Le Mans Loop','','Pays de la Loire','Le Mans','France',22853,'1','0000-00-00 00:00:00','0000-00-00 00:00:00','work'),(167,217,'1287 Xiangfan Boulevard','','Gifu','Kakamigahara','Japan',57844,'1','0000-00-00 00:00:00','0000-00-00 00:00:00','work'),(168,240,'842 Salzburg Lane','','Adana','Tarsus','Turkey',3313,'0','0000-00-00 00:00:00','0000-00-00 00:00:00','home'),(169,145,'154 Tallahassee Loop','','Xinxiang','Hami','China',62250,'1','0000-00-00 00:00:00','0000-00-00 00:00:00','work'),(170,275,'710 San Felipe del Progreso Avenue','','Lilongwe','Lilongwe','Malawi',76901,'0','0000-00-00 00:00:00','0000-00-00 00:00:00','other'),(171,493,'1540 Wroclaw Drive','','Maharashtra','Chandrapur','India',62686,'1','0000-00-00 00:00:00','0000-00-00 00:00:00','home'),(172,369,'475 Atinsk Way','','Gansu','Jinchang','China',59571,'1','0000-00-00 00:00:00','0000-00-00 00:00:00','other'),(173,105,'1294 Firozabad Drive','','Jiangxi','Pingxiang','China',70618,'1','0000-00-00 00:00:00','0000-00-00 00:00:00','work'),(174,245,'1877 Ezhou Lane','','Rajasthan','Udaipur','India',63337,'1','0000-00-00 00:00:00','0000-00-00 00:00:00','home'),(175,31,'316 Uruapan Street','','Perak','Ipoh','Malaysia',58194,'1','0000-00-00 00:00:00','0000-00-00 00:00:00','other'),(176,104,'29 Pyongyang Loop','','Batman','Batman','Turkey',47753,'1','0000-00-00 00:00:00','0000-00-00 00:00:00','work'),(177,23,'1010 Klerksdorp Way','','Steiermark','Graz','Austria',6802,'1','0000-00-00 00:00:00','0000-00-00 00:00:00','work'),(178,265,'1848 Salala Boulevard','','Miranda','Ocumare del Tuy','Venezuela',25220,'0','0000-00-00 00:00:00','0000-00-00 00:00:00','work'),(179,373,'431 Xiangtan Avenue','','Kerala','Allappuzha (Alleppey)','India',4854,'1','0000-00-00 00:00:00','0000-00-00 00:00:00','other'),(180,96,'757 Rustenburg Avenue','','Skikda','Skikda','Algeria',89668,'1','0000-00-00 00:00:00','0000-00-00 00:00:00','other'),(181,490,'146 Johannesburg Way','','Tamaulipas','Matamoros','Mexico',54132,'1','0000-00-00 00:00:00','0000-00-00 00:00:00','work'),(182,237,'1891 Rizhao Boulevard','','So Paulo','Santa Brbara dOeste','Brazil',47288,'1','0000-00-00 00:00:00','0000-00-00 00:00:00','work'),(183,451,'1089 Iwatsuki Avenue','','Kirov','Kirovo-Tepetsk','Russian Federation',35109,'1','0000-00-00 00:00:00','0000-00-00 00:00:00','work'),(184,201,'1410 Benin City Parkway','','Risaralda','Pereira','Colombia',29747,'1','0000-00-00 00:00:00','0000-00-00 00:00:00','other'),(185,274,'682 Garden Grove Place','','Tennessee','Memphis','United States',67497,'1','0000-00-00 00:00:00','0000-00-00 00:00:00','home'),(186,99,'533 al-Ayn Boulevard','','California','Compton','United States',8862,'1','0000-00-00 00:00:00','0000-00-00 00:00:00','work'),(187,255,'1839 Szkesfehrvr Parkway','','Gois','Luzinia','Brazil',55709,'1','0000-00-00 00:00:00','0000-00-00 00:00:00','home'),(188,106,'741 Ambattur Manor','','Noord-Brabant','s-Hertogenbosch','Netherlands',43310,'1','0000-00-00 00:00:00','0000-00-00 00:00:00','work'),(189,104,'927 Barcelona Street','','Chaharmahal va Bakht','Shahr-e Kord','Iran',65121,'1','0000-00-00 00:00:00','0000-00-00 00:00:00','work'),(190,174,'435 0 Way','','West Bengali','Haldia','India',74750,'1','0000-00-00 00:00:00','0000-00-00 00:00:00','home'),(191,86,'140 Chiayi Parkway','','Sumy','Sumy','Ukraine',38982,'1','0000-00-00 00:00:00','0000-00-00 00:00:00','other'),(192,60,'1166 Changhwa Street','','Caraga','Bayugan','Philippines',58852,'1','0000-00-00 00:00:00','0000-00-00 00:00:00','home'),(193,346,'891 Novi Sad Manor','','Ontario','Oshawa','Canada',5379,'0','0000-00-00 00:00:00','0000-00-00 00:00:00','work'),(194,399,'605 Rio Claro Parkway','','Tabora','Tabora','Tanzania',49348,'1','0000-00-00 00:00:00','0000-00-00 00:00:00','home'),(195,127,'1077 San Felipe de Puerto Plata Place','','Rostov-na-Donu','Novoterkassk','Russian Federation',65387,'0','0000-00-00 00:00:00','0000-00-00 00:00:00','other'),(196,277,'9 San Miguel de Tucumn Manor','','Uttar Pradesh','Firozabad','India',90845,'0','0000-00-00 00:00:00','0000-00-00 00:00:00','work'),(197,467,'447 Surakarta Loop','','Nyanza','Kisumu','Kenya',10428,'1','0000-00-00 00:00:00','0000-00-00 00:00:00','other'),(198,465,'345 Oshawa Boulevard','','Tokyo-to','Hino','Japan',32114,'1','0000-00-00 00:00:00','0000-00-00 00:00:00','work'),(199,337,'1792 Valle de la Pascua Place','','Nordrhein-Westfalen','Siegen','Germany',15540,'1','0000-00-00 00:00:00','0000-00-00 00:00:00','home'),(200,178,'1074 Binzhou Manor','','Baden-Wrttemberg','Mannheim','Germany',36490,'1','0000-00-00 00:00:00','0000-00-00 00:00:00','other'),(201,170,'817 Bradford Loop','','Jiangsu','Changzhou','China',89459,'1','0000-00-00 00:00:00','0000-00-00 00:00:00','home'),(202,462,'955 Bamenda Way','','Ondo & Ekiti','Ikerre','Nigeria',1545,'1','0000-00-00 00:00:00','0000-00-00 00:00:00','home'),(203,66,'1149 A Corua (La Corua) Boulevard','','Haiphong','Haiphong','Vietnam',95824,'1','0000-00-00 00:00:00','0000-00-00 00:00:00','other'),(204,221,'387 Mwene-Ditu Drive','','Ahal','Ashgabat','Turkmenistan',8073,'1','0000-00-00 00:00:00','0000-00-00 00:00:00','home'),(205,272,'68 Molodetno Manor','','Nordrhein-Westfalen','Witten','Germany',4662,'1','0000-00-00 00:00:00','0000-00-00 00:00:00','home'),(206,269,'642 Nador Drive','','Maharashtra','Bhusawal','India',3924,'1','0000-00-00 00:00:00','0000-00-00 00:00:00','work'),(207,394,'1688 Nador Lane','','Sulawesi Utara','Gorontalo','Indonesia',61613,'1','0000-00-00 00:00:00','0000-00-00 00:00:00','work'),(208,147,'1215 Pyongyang Parkway','','Usak','Usak','Turkey',25238,'1','0000-00-00 00:00:00','0000-00-00 00:00:00','other'),(209,495,'1679 Antofagasta Street','','Alto Paran','Ciudad del Este','Paraguay',86599,'1','0000-00-00 00:00:00','0000-00-00 00:00:00','other'),(210,241,'1304 s-Hertogenbosch Way','','Santa Catarina','Blumenau','Brazil',10925,'1','0000-00-00 00:00:00','0000-00-00 00:00:00','home'),(211,157,'850 Salala Loop','','Kitaa','Nuuk','Greenland',10800,'0','0000-00-00 00:00:00','0000-00-00 00:00:00','home'),(212,124,'624 Oshawa Boulevard','','West Bengali','Balurghat','India',89959,'1','0000-00-00 00:00:00','0000-00-00 00:00:00','home'),(213,395,'43 Dadu Avenue','','Rajasthan','Bhilwara','India',4855,'1','0000-00-00 00:00:00','0000-00-00 00:00:00','work'),(214,117,'751 Lima Loop','','Aden','Aden','Yemen',99405,'1','0000-00-00 00:00:00','0000-00-00 00:00:00','home'),(215,466,'1333 Haldia Street','','Jilin','Fuyu','China',82161,'1','0000-00-00 00:00:00','0000-00-00 00:00:00','work'),(216,57,'660 Jedda Boulevard','','Washington','Bellevue','United States',25053,'1','0000-00-00 00:00:00','0000-00-00 00:00:00','home'),(217,322,'1001 Miyakonojo Lane','','Taizz','Taizz','Yemen',67924,'1','0000-00-00 00:00:00','0000-00-00 00:00:00','home'),(218,302,'226 Brest Manor','','California','Sunnyvale','United States',2299,'1','0000-00-00 00:00:00','0000-00-00 00:00:00','work'),(219,490,'1229 Valencia Parkway','','Haskovo','Stara Zagora','Bulgaria',99124,'1','0000-00-00 00:00:00','0000-00-00 00:00:00','work'),(220,147,'1201 Qomsheh Manor','','Gois','Aparecida de Goinia','Brazil',21464,'1','0000-00-00 00:00:00','0000-00-00 00:00:00','home'),(221,200,'866 Shivapuri Manor','','Uttar Pradesh','Sambhal','India',22474,'1','0000-00-00 00:00:00','0000-00-00 00:00:00','work'),(222,384,'1168 Najafabad Parkway','','Kabol','Kabul','Afghanistan',40301,'1','0000-00-00 00:00:00','0000-00-00 00:00:00','home'),(223,217,'1244 Allappuzha (Alleppey) Place','','Buenos Aires','Vicente Lpez','Argentina',20657,'1','0000-00-00 00:00:00','0000-00-00 00:00:00','home'),(224,135,'1842 Luzinia Boulevard','','Zanzibar West','Zanzibar','Tanzania',94420,'1','0000-00-00 00:00:00','0000-00-00 00:00:00','work'),(225,274,'1926 Gingoog Street','','Sisilia','Syrakusa','Italy',22824,'1','0000-00-00 00:00:00','0000-00-00 00:00:00','home'),(226,413,'810 Palghat (Palakkad) Boulevard','','Jaroslavl','Jaroslavl','Russian Federation',73431,'1','0000-00-00 00:00:00','0000-00-00 00:00:00','work'),(227,276,'1820 Maring Parkway','','Punjab','Mandi Bahauddin','Pakistan',88307,'1','0000-00-00 00:00:00','0000-00-00 00:00:00','work'),(228,101,'60 Poos de Caldas Street','','Rajasthan','Jodhpur','India',82338,'1','0000-00-00 00:00:00','0000-00-00 00:00:00','home'),(229,338,'1014 Loja Manor','','Tamil Nadu','Ambattur','India',66851,'1','0000-00-00 00:00:00','0000-00-00 00:00:00','work'),(230,167,'201 Effon-Alaiye Way','','Asuncin','Asuncin','Paraguay',64344,'1','0000-00-00 00:00:00','0000-00-00 00:00:00','other'),(231,100,'430 Alessandria Loop','','Saarland','Saarbrcken','Germany',47446,'0','0000-00-00 00:00:00','0000-00-00 00:00:00','work'),(232,205,'754 Valencia Place','','Phnom Penh','Phnom Penh','Cambodia',87911,'1','0000-00-00 00:00:00','0000-00-00 00:00:00','home'),(233,296,'356 Olomouc Manor','','Gois','Anpolis','Brazil',93323,'1','0000-00-00 00:00:00','0000-00-00 00:00:00','work'),(234,378,'1256 Bislig Boulevard','','Botosani','Botosani','Romania',50598,'1','0000-00-00 00:00:00','0000-00-00 00:00:00','other'),(235,486,'954 Kimchon Place','','West Bengali','Uttarpara-Kotrung','India',42420,'1','0000-00-00 00:00:00','0000-00-00 00:00:00','other'),(236,354,'885 Yingkou Manor','','Kaduna','Zaria','Nigeria',31390,'1','0000-00-00 00:00:00','0000-00-00 00:00:00','work'),(237,357,'1736 Cavite Place','','Qina','Idfu','Egypt',98775,'1','0000-00-00 00:00:00','0000-00-00 00:00:00','home'),(238,378,'346 Skikda Parkway','','Hawalli','Jalib al-Shuyukh','Kuwait',90628,'1','0000-00-00 00:00:00','0000-00-00 00:00:00','work'),(239,325,'98 Stara Zagora Boulevard','','Valle','Buenaventura','Colombia',76448,'1','0000-00-00 00:00:00','0000-00-00 00:00:00','home'),(240,235,'1479 Rustenburg Boulevard','','Southern Tagalog','Tanza','Philippines',18727,'1','0000-00-00 00:00:00','0000-00-00 00:00:00','home'),(241,334,'647 A Corua (La Corua) Street','','Chollanam','Naju','South Korea',36971,'1','0000-00-00 00:00:00','0000-00-00 00:00:00','other'),(242,283,'1964 Gijn Manor','','Karnataka','Shimoga','India',14408,'1','0000-00-00 00:00:00','0000-00-00 00:00:00','work'),(243,243,'47 Syktyvkar Lane','','West Java','Ciomas','Indonesia',22236,'1','0000-00-00 00:00:00','0000-00-00 00:00:00','home'),(244,285,'1148 Saarbrcken Parkway','','Fukushima','Iwaki','Japan',1921,'0','0000-00-00 00:00:00','0000-00-00 00:00:00','work'),(245,486,'1103 Bilbays Parkway','','Hubei','Xiangfan','China',87660,'1','0000-00-00 00:00:00','0000-00-00 00:00:00','home'),(246,23,'1246 Boksburg Parkway','','Hebei','Qinhuangdao','China',28349,'1','0000-00-00 00:00:00','0000-00-00 00:00:00','home'),(247,355,'1483 Pathankot Street','','Tucumn','San Miguel de Tucumn','Argentina',37288,'1','0000-00-00 00:00:00','0000-00-00 00:00:00','home'),(248,56,'582 Papeete Loop','','Central Visayas','Lapu-Lapu','Philippines',27722,'1','0000-00-00 00:00:00','0000-00-00 00:00:00','home'),(249,203,'300 Junan Street','','Kyonggi','Uijongbu','South Korea',81314,'1','0000-00-00 00:00:00','0000-00-00 00:00:00','other'),(250,21,'829 Grand Prairie Way','','Paran','Maring','Brazil',6461,'1','0000-00-00 00:00:00','0000-00-00 00:00:00','work'),(251,217,'1473 Changhwa Parkway','','Mxico','Coacalco de Berriozbal','Mexico',75933,'1','0000-00-00 00:00:00','0000-00-00 00:00:00','work'),(252,400,'1309 Weifang Street','','Florida','Tallahassee','United States',57338,'1','0000-00-00 00:00:00','0000-00-00 00:00:00','work'),(253,471,'1760 Oshawa Manor','','Tianjin','Tianjin','China',38140,'1','0000-00-00 00:00:00','0000-00-00 00:00:00','other'),(254,121,'786 Stara Zagora Way','','Oyo & Osun','Oyo','Nigeria',98332,'1','0000-00-00 00:00:00','0000-00-00 00:00:00','other'),(255,174,'1966 Tonghae Street','','Anhalt Sachsen','Halle/Saale','Germany',36481,'1','0000-00-00 00:00:00','0000-00-00 00:00:00','home'),(256,478,'1497 Yuzhou Drive','','England','London','United Kingdom',3433,'1','0000-00-00 00:00:00','0000-00-00 00:00:00','home'),(257,21,'752 Ondo Loop','','Miyazaki','Miyakonojo','Japan',32474,'1','0000-00-00 00:00:00','0000-00-00 00:00:00','home'),(258,116,'1338 Zalantun Lane','','Minas Gerais','Poos de Caldas','Brazil',45403,'1','0000-00-00 00:00:00','0000-00-00 00:00:00','home'),(259,134,'127 Iwakuni Boulevard','','Central Luzon','Hagonoy','Philippines',20777,'1','0000-00-00 00:00:00','0000-00-00 00:00:00','work'),(260,422,'51 Laredo Avenue','','Sagaing','Monywa','Myanmar',68146,'1','0000-00-00 00:00:00','0000-00-00 00:00:00','other'),(261,273,'771 Yaound Manor','','Sofala','Beira','Mozambique',86768,'1','0000-00-00 00:00:00','0000-00-00 00:00:00','work'),(262,122,'532 Toulon Street','','Santiago','Santiago de los Caballeros','Dominican Republic',69517,'1','0000-00-00 00:00:00','0000-00-00 00:00:00','other'),(263,145,'1027 Banjul Place','','West Bengali','Halisahar','India',50390,'1','0000-00-00 00:00:00','0000-00-00 00:00:00','work'),(264,98,'1158 Mandi Bahauddin Parkway','','Shanxi','Datong','China',98484,'1','0000-00-00 00:00:00','0000-00-00 00:00:00','work'),(265,421,'862 Xintai Lane','','Cagayan Valley','Tuguegarao','Philippines',30065,'1','0000-00-00 00:00:00','0000-00-00 00:00:00','work'),(266,156,'816 Cayenne Parkway','','Manab','Portoviejo','Ecuador',93629,'1','0000-00-00 00:00:00','0000-00-00 00:00:00','home'),(267,336,'1831 Nam Dinh Loop','','National Capital Reg','Mandaluyong','Philippines',51990,'1','0000-00-00 00:00:00','0000-00-00 00:00:00','work'),(268,433,'446 Kirovo-Tepetsk Lane','','Osaka','Higashiosaka','Japan',19428,'1','0000-00-00 00:00:00','0000-00-00 00:00:00','work'),(269,288,'682 Halisahar Place','','Severn Morava','Olomouc','Czech Republic',20536,'0','0000-00-00 00:00:00','0000-00-00 00:00:00','home'),(270,322,'1587 Loja Manor','','Salzburg','Salzburg','Austria',5410,'1','0000-00-00 00:00:00','0000-00-00 00:00:00','home'),(271,65,'1762 Paarl Parkway','','Hunan','Lengshuijiang','China',53928,'1','0000-00-00 00:00:00','0000-00-00 00:00:00','home'),(272,11,'1519 Ilorin Place','','Kerala','Palghat (Palakkad)','India',49298,'1','0000-00-00 00:00:00','0000-00-00 00:00:00','work'),(273,385,'920 Kumbakonam Loop','','California','Salinas','United States',75090,'1','0000-00-00 00:00:00','0000-00-00 00:00:00','other'),(274,358,'906 Goinia Way','','Wielkopolskie','Kalisz','Poland',83565,'1','0000-00-00 00:00:00','0000-00-00 00:00:00','work'),(275,95,'1675 Xiangfan Manor','','Tamil Nadu','Kumbakonam','India',11763,'1','0000-00-00 00:00:00','0000-00-00 00:00:00','home'),(276,371,'85 San Felipe de Puerto Plata Drive','','Shandong','Yantai','China',46063,'0','0000-00-00 00:00:00','0000-00-00 00:00:00','work'),(277,94,'144 South Hill Loop','','Guanajuato','Salamanca','Mexico',2012,'1','0000-00-00 00:00:00','0000-00-00 00:00:00','home'),(278,495,'1884 Shikarpur Avenue','','Haryana','Karnal','India',85548,'1','0000-00-00 00:00:00','0000-00-00 00:00:00','home'),(279,374,'1980 Kamjanets-Podilskyi Street','','Illinois','Peoria','United States',89502,'1','0000-00-00 00:00:00','0000-00-00 00:00:00','home'),(280,9,'1944 Bamenda Way','','Michigan','Warren','United States',24645,'1','0000-00-00 00:00:00','0000-00-00 00:00:00','work'),(281,472,'556 Baybay Manor','','Oyo & Osun','Ogbomosho','Nigeria',55802,'1','0000-00-00 00:00:00','0000-00-00 00:00:00','other'),(282,214,'457 Tongliao Loop','','Bursa','Inegl','Turkey',56254,'1','0000-00-00 00:00:00','0000-00-00 00:00:00','work'),(283,225,'600 Bradford Street','','East Azerbaidzan','Tabriz','Iran',96204,'1','0000-00-00 00:00:00','0000-00-00 00:00:00','work'),(284,276,'1006 Santa Brbara dOeste Manor','','Ondo & Ekiti','Owo','Nigeria',36229,'0','0000-00-00 00:00:00','0000-00-00 00:00:00','other'),(285,300,'1308 Sumy Loop','','Fujian','Fuzhou','China',30657,'1','0000-00-00 00:00:00','0000-00-00 00:00:00','work'),(286,273,'1405 Chisinau Place','','Ponce','Ponce','Puerto Rico',8160,'1','0000-00-00 00:00:00','0000-00-00 00:00:00','work'),(287,141,'226 Halifax Street','','Xinxiang','Korla','China',58492,'1','0000-00-00 00:00:00','0000-00-00 00:00:00','work'),(288,346,'1279 Udine Parkway','','Edo & Delta','Benin City','Nigeria',75860,'1','0000-00-00 00:00:00','0000-00-00 00:00:00','work'),(289,138,'1336 Benin City Drive','','Shiga','Otsu','Japan',46044,'1','0000-00-00 00:00:00','0000-00-00 00:00:00','home'),(290,67,'1155 Liaocheng Place','','Oyo & Osun','Effon-Alaiye','Nigeria',22650,'1','0000-00-00 00:00:00','0000-00-00 00:00:00','work'),(291,133,'1993 Tabuk Lane','','Tamil Nadu','Tambaram','India',64221,'1','0000-00-00 00:00:00','0000-00-00 00:00:00','work'),(292,268,'86 Higashiosaka Lane','','Guanajuato','Valle de Santiago','Mexico',33768,'0','0000-00-00 00:00:00','0000-00-00 00:00:00','home'),(293,261,'1912 Allende Manor','','Kowloon and New Kowl','Kowloon and New Kowloon','Hong Kong',58124,'1','0000-00-00 00:00:00','0000-00-00 00:00:00','other'),(294,382,'544 Tarsus Boulevard','','Gurico','Valle de la Pascua','Venezuela',53145,'1','0000-00-00 00:00:00','0000-00-00 00:00:00','work'),(295,64,'1936 Cuman Avenue','','Virginia','Roanoke','United States',61195,'1','0000-00-00 00:00:00','0000-00-00 00:00:00','work'),(296,193,'1192 Tongliao Street','','Sharja','Sharja','United Arab Emirates',19065,'1','0000-00-00 00:00:00','0000-00-00 00:00:00','home'),(297,138,'44 Najafabad Way','','Baskimaa','Donostia-San Sebastin','Spain',61391,'1','0000-00-00 00:00:00','0000-00-00 00:00:00','home'),(298,489,'32 Pudukkottai Lane','','Ohio','Dayton','United States',38834,'1','0000-00-00 00:00:00','0000-00-00 00:00:00','home'),(299,457,'661 Chisinau Lane','','Pietari','Kolpino','Russian Federation',8856,'1','0000-00-00 00:00:00','0000-00-00 00:00:00','work'),(300,73,'951 Stara Zagora Manor','','Punjab','Patiala','India',98573,'1','0000-00-00 00:00:00','0000-00-00 00:00:00','other'),(301,16,'922 Vila Velha Loop','','Maharashtra','Ahmadnagar','India',4085,'1','0000-00-00 00:00:00','0000-00-00 00:00:00','home'),(302,418,'898 Jining Lane','','Pohjois-Pohjanmaa','Oulu','Finland',40070,'1','0000-00-00 00:00:00','0000-00-00 00:00:00','home'),(303,303,'1635 Kuwana Boulevard','','Hiroshima','Hiroshima','Japan',52137,'1','0000-00-00 00:00:00','0000-00-00 00:00:00','home'),(304,368,'41 El Alto Parkway','','Maharashtra','Parbhani','India',56883,'1','0000-00-00 00:00:00','0000-00-00 00:00:00','home'),(305,161,'1883 Maikop Lane','','Kaliningrad','Kaliningrad','Russian Federation',68469,'1','0000-00-00 00:00:00','0000-00-00 00:00:00','home'),(306,480,'1908 Gaziantep Place','','Liaoning','Tiefa','China',58979,'1','0000-00-00 00:00:00','0000-00-00 00:00:00','work'),(307,20,'687 Alessandria Parkway','','Sanaa','Sanaa','Yemen',57587,'0','0000-00-00 00:00:00','0000-00-00 00:00:00','work'),(308,175,'827 Yuncheng Drive','','Callao','Callao','Peru',79047,'1','0000-00-00 00:00:00','0000-00-00 00:00:00','home'),(309,256,'913 Coacalco de Berriozbal Loop','','Texas','Arlington','United States',42141,'1','0000-00-00 00:00:00','0000-00-00 00:00:00','home'),(310,45,'715 So Bernardo do Campo Lane','','Kedah','Sungai Petani','Malaysia',84804,'1','0000-00-00 00:00:00','0000-00-00 00:00:00','home'),(311,437,'1354 Siegen Street','','Rio de Janeiro','Angra dos Reis','Brazil',80184,'1','0000-00-00 00:00:00','0000-00-00 00:00:00','other'),(312,39,'1191 Sungai Petani Boulevard','','Missouri','Kansas City','United States',9668,'1','0000-00-00 00:00:00','0000-00-00 00:00:00','home'),(313,132,'1224 Huejutla de Reyes Boulevard','','Lombardia','Brescia','Italy',70923,'1','0000-00-00 00:00:00','0000-00-00 00:00:00','home'),(314,389,'543 Bergamo Avenue','','Minas Gerais','Ibirit','Brazil',59686,'1','0000-00-00 00:00:00','0000-00-00 00:00:00','home'),(315,386,'746 Joliet Lane','','Kursk','Kursk','Russian Federation',94878,'1','0000-00-00 00:00:00','0000-00-00 00:00:00','work'),(316,442,'780 Kimberley Way','','Tabuk','Tabuk','Saudi Arabia',17032,'1','0000-00-00 00:00:00','0000-00-00 00:00:00','home'),(317,91,'1774 Yaound Place','','Hubei','Ezhou','China',91400,'1','0000-00-00 00:00:00','0000-00-00 00:00:00','work'),(318,473,'1957 Yantai Lane','','So Paulo','Sorocaba','Brazil',59255,'1','0000-00-00 00:00:00','0000-00-00 00:00:00','work'),(319,14,'1542 Lubumbashi Boulevard','','Tel Aviv','Bat Yam','Israel',62472,'1','0000-00-00 00:00:00','0000-00-00 00:00:00','work'),(320,239,'651 Pathankot Loop','','Maharashtra','Miraj','India',59811,'1','0000-00-00 00:00:00','0000-00-00 00:00:00','work'),(321,439,'1359 Zhoushan Parkway','','Streymoyar','Trshavn','Faroe Islands',29763,'1','0000-00-00 00:00:00','0000-00-00 00:00:00','work'),(322,488,'1769 Iwaki Lane','','Kujawsko-Pomorskie','Bydgoszcz','Poland',25787,'1','0000-00-00 00:00:00','0000-00-00 00:00:00','work'),(323,303,'1145 Vilnius Manor','','Mxico','San Felipe del Progreso','Mexico',73170,'1','0000-00-00 00:00:00','0000-00-00 00:00:00','home'),(324,34,'1892 Nabereznyje Telny Lane','','Tutuila','Tafuna','American Samoa',28396,'1','0000-00-00 00:00:00','0000-00-00 00:00:00','home'),(325,319,'470 Boksburg Street','','Central','Birgunj','Nepal',97960,'1','0000-00-00 00:00:00','0000-00-00 00:00:00','home'),(326,205,'1427 A Corua (La Corua) Place','','Buenos Aires','Baha Blanca','Argentina',85799,'1','0000-00-00 00:00:00','0000-00-00 00:00:00','work'),(327,173,'479 San Felipe del Progreso Avenue','','Morelos','Cuautla','Mexico',54949,'0','0000-00-00 00:00:00','0000-00-00 00:00:00','home'),(328,21,'867 Benin City Avenue','','Henan','Yuzhou','China',78543,'1','0000-00-00 00:00:00','0000-00-00 00:00:00','home'),(329,452,'981 Kumbakonam Place','','Distrito Federal','Braslia','Brazil',87611,'1','0000-00-00 00:00:00','0000-00-00 00:00:00','work'),(330,393,'1016 Iwakuni Street','','St George','Kingstown','Saint Vincent and the Grenadines',49833,'1','0000-00-00 00:00:00','0000-00-00 00:00:00','other'),(331,463,'663 Baha Blanca Parkway','','Adana','Adana','Turkey',33463,'1','0000-00-00 00:00:00','0000-00-00 00:00:00','work'),(332,55,'1860 Taguig Loop','','West Java','Ciparay','Indonesia',59550,'1','0000-00-00 00:00:00','0000-00-00 00:00:00','home'),(333,429,'1816 Bydgoszcz Loop','','Dhaka','Jamalpur','Bangladesh',64308,'1','0000-00-00 00:00:00','0000-00-00 00:00:00','home'),(334,39,'587 Benguela Manor','','Illinois','Aurora','United States',91590,'1','0000-00-00 00:00:00','0000-00-00 00:00:00','home'),(335,368,'430 Kumbakonam Drive','','Santa F','Santa F','Argentina',28814,'1','0000-00-00 00:00:00','0000-00-00 00:00:00','work'),(336,55,'1838 Tabriz Lane','','Dhaka','Dhaka','Bangladesh',1195,'1','0000-00-00 00:00:00','0000-00-00 00:00:00','home'),(337,469,'431 Szkesfehrvr Avenue','','Baki','Baku','Azerbaijan',57828,'1','0000-00-00 00:00:00','0000-00-00 00:00:00','work'),(338,454,'503 Sogamoso Loop','','Sumqayit','Sumqayit','Azerbaijan',49812,'1','0000-00-00 00:00:00','0000-00-00 00:00:00','home'),(339,196,'507 Smolensk Loop','','Sousse','Sousse','Tunisia',22971,'1','0000-00-00 00:00:00','0000-00-00 00:00:00','work'),(340,361,'1920 Weifang Avenue','','Uttar Pradesh','Rampur','India',15643,'1','0000-00-00 00:00:00','0000-00-00 00:00:00','home'),(341,15,'124 al-Manama Way','','Hiroshima','Onomichi','Japan',52368,'1','0000-00-00 00:00:00','0000-00-00 00:00:00','home'),(342,418,'1443 Mardan Street','','Western Cape','Paarl','South Africa',31483,'1','0000-00-00 00:00:00','0000-00-00 00:00:00','home'),(343,181,'1909 Benguela Lane','','Henan','Xinxiang','China',19913,'1','0000-00-00 00:00:00','0000-00-00 00:00:00','work'),(344,156,'68 Ponce Parkway','','Hanoi','Hanoi','Vietnam',85926,'1','0000-00-00 00:00:00','0000-00-00 00:00:00','home'),(345,431,'1217 Konotop Avenue','','Gelderland','Ede','Netherlands',504,'1','0000-00-00 00:00:00','0000-00-00 00:00:00','work'),(346,150,'1293 Nam Dinh Way','','Roraima','Boa Vista','Brazil',71583,'1','0000-00-00 00:00:00','0000-00-00 00:00:00','home'),(347,489,'785 Vaduz Street','','Baja California','Mexicali','Mexico',36170,'1','0000-00-00 00:00:00','0000-00-00 00:00:00','home'),(348,357,'1516 Escobar Drive','','Tongatapu','Nukualofa','Tonga',46069,'1','0000-00-00 00:00:00','0000-00-00 00:00:00','home'),(349,265,'1628 Nagareyama Lane','','Central','San Lorenzo','Paraguay',60079,'1','0000-00-00 00:00:00','0000-00-00 00:00:00','work'),(350,51,'1157 Nyeri Loop','','Adygea','Maikop','Russian Federation',56380,'1','0000-00-00 00:00:00','0000-00-00 00:00:00','home'),(351,393,'1673 Tangail Drive','','Daugavpils','Daugavpils','Latvia',26857,'1','0000-00-00 00:00:00','0000-00-00 00:00:00','work'),(352,410,'381 Kabul Way','','Taipei','Hsichuh','Taiwan',87272,'1','0000-00-00 00:00:00','0000-00-00 00:00:00','work'),(353,175,'953 Hodeida Street','','Southern Tagalog','Imus','Philippines',18841,'1','0000-00-00 00:00:00','0000-00-00 00:00:00','other'),(354,244,'469 Nakhon Sawan Street','','Tuvassia','Teboksary','Russian Federation',58866,'0','0000-00-00 00:00:00','0000-00-00 00:00:00','home'),(355,420,'1378 Beira Loop','','Krasnojarsk','Zeleznogorsk','Russian Federation',40792,'1','0000-00-00 00:00:00','0000-00-00 00:00:00','other'),(356,437,'1641 Changhwa Place','','Nord-Ouest','Bamenda','Cameroon',37636,'1','0000-00-00 00:00:00','0000-00-00 00:00:00','home'),(357,222,'1698 Southport Loop','','Hidalgo','Pachuca de Soto','Mexico',49009,'1','0000-00-00 00:00:00','0000-00-00 00:00:00','work'),(358,24,'519 Nyeri Manor','','So Paulo','Santo Andr','Brazil',37650,'1','0000-00-00 00:00:00','0000-00-00 00:00:00','home'),(359,30,'619 Hunuco Avenue','','Shimane','Matsue','Japan',81508,'1','0000-00-00 00:00:00','0000-00-00 00:00:00','work'),(360,63,'45 Aparecida de Goinia Place','','Madhya Pradesh','Satna','India',7431,'1','0000-00-00 00:00:00','0000-00-00 00:00:00','home'),(361,146,'482 Kowloon and New Kowloon Manor','','Bratislava','Bratislava','Slovakia',97056,'1','0000-00-00 00:00:00','0000-00-00 00:00:00','home'),(362,298,'604 Bern Place','','Jharkhand','Ranchi','India',5373,'1','0000-00-00 00:00:00','0000-00-00 00:00:00','work'),(363,133,'1623 Kingstown Drive','','Buenos Aires','Almirante Brown','Argentina',91299,'1','0000-00-00 00:00:00','0000-00-00 00:00:00','home'),(364,309,'1009 Zanzibar Lane','','Arecibo','Arecibo','Puerto Rico',64875,'1','0000-00-00 00:00:00','0000-00-00 00:00:00','work'),(365,209,'114 Jalib al-Shuyukh Manor','','Centre','Yaound','Cameroon',60440,'1','0000-00-00 00:00:00','0000-00-00 00:00:00','home'),(366,108,'1163 London Parkway','','Par','Belm','Brazil',6066,'1','0000-00-00 00:00:00','0000-00-00 00:00:00','other'),(367,481,'1658 Jastrzebie-Zdrj Loop','','Central','Nyeri','Kenya',96584,'1','0000-00-00 00:00:00','0000-00-00 00:00:00','home'),(368,453,'817 Laredo Avenue','','Jalisco','Guadalajara','Mexico',77449,'1','0000-00-00 00:00:00','0000-00-00 00:00:00','home'),(369,11,'1565 Tangail Manor','','Okinawa','Okinawa','Japan',45750,'1','0000-00-00 00:00:00','0000-00-00 00:00:00','home'),(370,81,'1912 Emeishan Drive','','Balikesir','Balikesir','Turkey',33050,'1','0000-00-00 00:00:00','0000-00-00 00:00:00','work'),(371,192,'230 Urawa Drive','','Andhra Pradesh','Adoni','India',2738,'1','0000-00-00 00:00:00','0000-00-00 00:00:00','work'),(372,77,'1922 Miraj Way','','Esfahan','Najafabad','Iran',13203,'1','0000-00-00 00:00:00','0000-00-00 00:00:00','work'),(373,453,'433 Florencia Street','','Chihuahua','Jurez','Mexico',91330,'1','0000-00-00 00:00:00','0000-00-00 00:00:00','home'),(374,432,'1049 Matamoros Parkway','','Karnataka','Gulbarga','India',69640,'1','0000-00-00 00:00:00','0000-00-00 00:00:00','work'),(375,65,'1061 Ede Avenue','','Southern Tagalog','Cabuyao','Philippines',57810,'1','0000-00-00 00:00:00','0000-00-00 00:00:00','work'),(376,154,'154 Oshawa Manor','','East Java','Probolinggo','Indonesia',72771,'1','0000-00-00 00:00:00','0000-00-00 00:00:00','home'),(377,188,'1191 Tandil Drive','','Southern Tagalog','Tanauan','Philippines',6362,'1','0000-00-00 00:00:00','0000-00-00 00:00:00','home'),(378,347,'1133 Rizhao Avenue','','Pernambuco','Vitria de Santo Anto','Brazil',2800,'1','0000-00-00 00:00:00','0000-00-00 00:00:00','other'),(379,254,'1519 Santiago de los Caballeros Loop','','East Kasai','Mwene-Ditu','Congo, The Democratic Republic of the',22025,'0','0000-00-00 00:00:00','0000-00-00 00:00:00','work'),(380,416,'1618 Olomouc Manor','','Kurgan','Kurgan','Russian Federation',26385,'1','0000-00-00 00:00:00','0000-00-00 00:00:00','work'),(381,184,'220 Hidalgo Drive','','Kermanshah','Kermanshah','Iran',45298,'1','0000-00-00 00:00:00','0000-00-00 00:00:00','home'),(382,63,'686 Donostia-San Sebastin Lane','','Guangdong','Shenzhen','China',97390,'0','0000-00-00 00:00:00','0000-00-00 00:00:00','other'),(383,79,'97 Mogiljov Lane','','Gujarat','Bhavnagar','India',89294,'1','0000-00-00 00:00:00','0000-00-00 00:00:00','home'),(384,40,'1642 Charlotte Amalie Drive','','Slaskie','Tychy','Poland',75442,'1','0000-00-00 00:00:00','0000-00-00 00:00:00','home'),(385,148,'1368 Maracabo Boulevard','','','South Hill','Anguilla',32716,'1','0000-00-00 00:00:00','0000-00-00 00:00:00','work'),(386,373,'401 Sucre Boulevard','','New Hampshire','Manchester','United States',25007,'1','0000-00-00 00:00:00','0000-00-00 00:00:00','home'),(387,128,'368 Hunuco Boulevard','','Namibe','Namibe','Angola',17165,'1','0000-00-00 00:00:00','0000-00-00 00:00:00','home'),(388,279,'500 Lincoln Parkway','','Jiangsu','Huaian','China',95509,'1','0000-00-00 00:00:00','0000-00-00 00:00:00','work'),(389,10,'102 Chapra Drive','','Ibaragi','Tama','Japan',14073,'1','0000-00-00 00:00:00','0000-00-00 00:00:00','home'),(390,307,'1793 Meixian Place','','Hmelnytskyi','Kamjanets-Podilskyi','Ukraine',33535,'1','0000-00-00 00:00:00','0000-00-00 00:00:00','work'),(391,216,'514 Ife Way','','Shaba','Lubumbashi','Congo, The Democratic Republic of the',69973,'1','0000-00-00 00:00:00','0000-00-00 00:00:00','home'),(392,232,'717 Changzhou Lane','','Southern Tagalog','Cavite','Philippines',21615,'1','0000-00-00 00:00:00','0000-00-00 00:00:00','work'),(393,410,'753 Ilorin Avenue','','Sichuan','Emeishan','China',3656,'1','0000-00-00 00:00:00','0000-00-00 00:00:00','work'),(394,68,'1337 Mit Ghamr Avenue','','Nakhon Sawan','Nakhon Sawan','Thailand',29810,'1','0000-00-00 00:00:00','0000-00-00 00:00:00','other'),(395,468,'767 Pyongyang Drive','','Osaka','Izumisano','Japan',83536,'1','0000-00-00 00:00:00','0000-00-00 00:00:00','home'),(396,191,'614 Pak Kret Street','','Addis Abeba','Addis Abeba','Ethiopia',27796,'1','0000-00-00 00:00:00','0000-00-00 00:00:00','home'),(397,329,'954 Lapu-Lapu Way','','Moskova','Korolev','Russian Federation',8816,'1','0000-00-00 00:00:00','0000-00-00 00:00:00','home'),(398,262,'331 Bydgoszcz Parkway','','Asturia','Gijn','Spain',966,'1','0000-00-00 00:00:00','0000-00-00 00:00:00','home'),(399,377,'1152 Citrus Heights Manor','','al-Qadarif','al-Qadarif','Sudan',5239,'1','0000-00-00 00:00:00','0000-00-00 00:00:00','work'),(400,361,'168 Cianjur Manor','','Saitama','Iwatsuki','Japan',73824,'1','0000-00-00 00:00:00','0000-00-00 00:00:00','home'),(401,189,'616 Hagonoy Avenue','','Krasnojarsk','Atinsk','Russian Federation',46043,'1','0000-00-00 00:00:00','0000-00-00 00:00:00','home'),(402,399,'1190 0 Place','','Rio Grande do Sul','Bag','Brazil',10417,'1','0000-00-00 00:00:00','0000-00-00 00:00:00','work'),(403,238,'734 Bchar Place','','Punjab','Okara','Pakistan',30586,'1','0000-00-00 00:00:00','0000-00-00 00:00:00','work'),(404,210,'530 Lausanne Lane','','Texas','Dallas','United States',11067,'0','0000-00-00 00:00:00','0000-00-00 00:00:00','work'),(405,411,'454 Patiala Lane','','Fukushima','Koriyama','Japan',13496,'1','0000-00-00 00:00:00','0000-00-00 00:00:00','home'),(406,246,'1346 Mysore Drive','','Bretagne','Brest','France',61507,'1','0000-00-00 00:00:00','0000-00-00 00:00:00','work'),(407,383,'990 Etawah Loop','','Tamil Nadu','Valparai','India',79940,'1','0000-00-00 00:00:00','0000-00-00 00:00:00','work'),(408,62,'1266 Laredo Parkway','','Saitama','Omiya','Japan',7664,'1','0000-00-00 00:00:00','0000-00-00 00:00:00','home'),(409,123,'88 Nagaon Manor','','Buenos Aires','Tandil','Argentina',86868,'1','0000-00-00 00:00:00','0000-00-00 00:00:00','home'),(410,96,'264 Bhimavaram Manor','','St Thomas','Charlotte Amalie','Virgin Islands, U.S.',54749,'1','0000-00-00 00:00:00','0000-00-00 00:00:00','other'),(411,106,'1639 Saarbrcken Drive','','North West','Rustenburg','South Africa',9827,'0','0000-00-00 00:00:00','0000-00-00 00:00:00','work'),(412,239,'692 Amroha Drive','','Northern','Jaffna','Sri Lanka',35575,'1','0000-00-00 00:00:00','0000-00-00 00:00:00','home'),(413,482,'1936 Lapu-Lapu Parkway','','Bauchi & Gombe','Deba Habe','Nigeria',7122,'1','0000-00-00 00:00:00','0000-00-00 00:00:00','other'),(414,111,'432 Garden Grove Street','','Ontario','Richmond Hill','Canada',65630,'1','0000-00-00 00:00:00','0000-00-00 00:00:00','other'),(415,306,'1445 Carmen Parkway','','West Java','Cianjur','Indonesia',70809,'1','0000-00-00 00:00:00','0000-00-00 00:00:00','work'),(416,422,'791 Salinas Street','','Punjab','Hoshiarpur','India',40509,'0','0000-00-00 00:00:00','0000-00-00 00:00:00','work'),(417,262,'126 Acua Parkway','','West Bengali','Berhampore (Baharampur)','India',58888,'1','0000-00-00 00:00:00','0000-00-00 00:00:00','home'),(418,260,'397 Sunnyvale Avenue','','Guanajuato','Allende','Mexico',55566,'1','0000-00-00 00:00:00','0000-00-00 00:00:00','other'),(419,122,'992 Klerksdorp Loop','','Utrecht','Amersfoort','Netherlands',33711,'1','0000-00-00 00:00:00','0000-00-00 00:00:00','home'),(420,309,'966 Arecibo Loop','','Sind','Dadu','Pakistan',94018,'1','0000-00-00 00:00:00','0000-00-00 00:00:00','work'),(421,274,'289 Santo Andr Manor','','al-Sharqiya','al-Qatif','Saudi Arabia',72410,'0','0000-00-00 00:00:00','0000-00-00 00:00:00','home'),(422,81,'437 Chungho Drive','','Puerto Plata','San Felipe de Puerto Plata','Dominican Republic',59489,'1','0000-00-00 00:00:00','0000-00-00 00:00:00','home'),(423,457,'1948 Bayugan Parkway','','Bihar','Katihar','India',60622,'1','0000-00-00 00:00:00','0000-00-00 00:00:00','home'),(424,332,'1866 al-Qatif Avenue','','California','El Monte','United States',89420,'1','0000-00-00 00:00:00','0000-00-00 00:00:00','other'),(425,284,'1661 Abha Drive','','Tamil Nadu','Pudukkottai','India',14400,'1','0000-00-00 00:00:00','0000-00-00 00:00:00','home'),(426,469,'1557 Cape Coral Parkway','','Hubei','Laohekou','China',46875,'1','0000-00-00 00:00:00','0000-00-00 00:00:00','work'),(427,252,'1727 Matamoros Place','','Sawhaj','Sawhaj','Egypt',78813,'1','0000-00-00 00:00:00','0000-00-00 00:00:00','home'),(428,138,'1269 Botosani Manor','','Guangdong','Shanwei','China',47394,'0','0000-00-00 00:00:00','0000-00-00 00:00:00','home'),(429,309,'355 Vitria de Santo Anto Way','','Oaxaca','San Juan Bautista Tuxtepec','Mexico',81758,'0','0000-00-00 00:00:00','0000-00-00 00:00:00','work'),(430,424,'1596 Acua Parkway','','Jharkhand','Purnea (Purnia)','India',70425,'1','0000-00-00 00:00:00','0000-00-00 00:00:00','other'),(431,125,'259 Ipoh Drive','','So Paulo','Guaruj','Brazil',64964,'1','0000-00-00 00:00:00','0000-00-00 00:00:00','work'),(432,446,'1823 Hoshiarpur Lane','','Komi','Syktyvkar','Russian Federation',33191,'1','0000-00-00 00:00:00','0000-00-00 00:00:00','home'),(433,84,'1404 Taguig Drive','','Okayama','Tsuyama','Japan',87212,'1','0000-00-00 00:00:00','0000-00-00 00:00:00','home'),(434,128,'740 Udaipur Lane','','Nizni Novgorod','Dzerzinsk','Russian Federation',33505,'1','0000-00-00 00:00:00','0000-00-00 00:00:00','work'),(435,83,'287 Cuautla Boulevard','','Chuquisaca','Sucre','Bolivia',72736,'1','0000-00-00 00:00:00','0000-00-00 00:00:00','other'),(436,281,'1766 Almirante Brown Street','','KwaZulu-Natal','Newcastle','South Africa',63104,'1','0000-00-00 00:00:00','0000-00-00 00:00:00','home'),(437,41,'596 Huixquilucan Place','','Nampula','Naala-Porto','Mozambique',65892,'1','0000-00-00 00:00:00','0000-00-00 00:00:00','other'),(438,383,'1351 Aparecida de Goinia Parkway','','Northern Mindanao','Ozamis','Philippines',41775,'1','0000-00-00 00:00:00','0000-00-00 00:00:00','other'),(439,193,'722 Bradford Lane','','Shandong','Junan','China',90920,'1','0000-00-00 00:00:00','0000-00-00 00:00:00','work'),(440,328,'983 Santa F Way','','British Colombia','Vancouver','Canada',47472,'0','0000-00-00 00:00:00','0000-00-00 00:00:00','work'),(441,128,'1245 Ibirit Way','','La Romana','La Romana','Dominican Republic',40926,'1','0000-00-00 00:00:00','0000-00-00 00:00:00','work'),(442,371,'1836 Korla Parkway','','Copperbelt','Kitwe','Zambia',55405,'1','0000-00-00 00:00:00','0000-00-00 00:00:00','work'),(443,458,'231 Kaliningrad Place','','Lombardia','Bergamo','Italy',57833,'1','0000-00-00 00:00:00','0000-00-00 00:00:00','other'),(444,295,'495 Bhimavaram Lane','','Maharashtra','Dhule (Dhulia)','India',3,'1','0000-00-00 00:00:00','0000-00-00 00:00:00','other'),(445,439,'1924 Shimonoseki Drive','','Batna','Batna','Algeria',52625,'1','0000-00-00 00:00:00','0000-00-00 00:00:00','work'),(446,233,'105 Dzerzinsk Manor','','Inner Mongolia','Tongliao','China',48570,'1','0000-00-00 00:00:00','0000-00-00 00:00:00','work'),(447,228,'614 Denizli Parkway','','Rio Grande do Sul','So Leopoldo','Brazil',29444,'1','0000-00-00 00:00:00','0000-00-00 00:00:00','other'),(448,375,'1289 Belm Boulevard','','Tartumaa','Tartu','Estonia',88306,'1','0000-00-00 00:00:00','0000-00-00 00:00:00','work'),(449,191,'203 Tambaram Street','','Buenos Aires','Escobar','Argentina',73942,'1','0000-00-00 00:00:00','0000-00-00 00:00:00','work'),(450,298,'1704 Tambaram Manor','','West Bengali','Uluberia','India',2834,'1','0000-00-00 00:00:00','0000-00-00 00:00:00','work'),(451,84,'207 Cuernavaca Loop','','Tatarstan','Nabereznyje Telny','Russian Federation',52671,'1','0000-00-00 00:00:00','0000-00-00 00:00:00','home'),(452,375,'319 Springs Loop','','Baijeri','Erlangen','Germany',99552,'1','0000-00-00 00:00:00','0000-00-00 00:00:00','work'),(453,99,'956 Nam Dinh Manor','','Kerman','Sirjan','Iran',21872,'1','0000-00-00 00:00:00','0000-00-00 00:00:00','other'),(454,157,'1947 Paarl Way','','Central Java','Surakarta','Indonesia',23636,'1','0000-00-00 00:00:00','0000-00-00 00:00:00','other'),(455,258,'814 Simferopol Loop','','Sinaloa','El Fuerte','Mexico',48745,'1','0000-00-00 00:00:00','0000-00-00 00:00:00','home'),(456,320,'535 Ahmadnagar Manor','','Abu Dhabi','Abu Dhabi','United Arab Emirates',41136,'1','0000-00-00 00:00:00','0000-00-00 00:00:00','work'),(457,402,'138 Caracas Boulevard','','Zulia','Maracabo','Venezuela',16790,'1','0000-00-00 00:00:00','0000-00-00 00:00:00','other'),(458,258,'251 Florencia Drive','','Michoacn de Ocampo','Uruapan','Mexico',16119,'1','0000-00-00 00:00:00','0000-00-00 00:00:00','other'),(459,138,'659 Gatineau Boulevard','','La Paz','El Alto','Bolivia',28587,'1','0000-00-00 00:00:00','0000-00-00 00:00:00','work'),(460,120,'1889 Valparai Way','','Ziguinchor','Ziguinchor','Senegal',75559,'1','0000-00-00 00:00:00','0000-00-00 00:00:00','other'),(461,355,'1485 Bratislava Place','','Illinois','Rockford','United States',83183,'1','0000-00-00 00:00:00','0000-00-00 00:00:00','work'),(462,62,'935 Aden Boulevard','','Central Java','Tegal','Indonesia',64709,'1','0000-00-00 00:00:00','0000-00-00 00:00:00','home'),(463,487,'76 Kermanshah Manor','','Esfahan','Qomsheh','Iran',23343,'1','0000-00-00 00:00:00','0000-00-00 00:00:00','work'),(464,132,'734 Tanshui Avenue','','Caquet','Florencia','Colombia',70664,'1','0000-00-00 00:00:00','0000-00-00 00:00:00','work'),(465,281,'118 Jaffna Loop','','Northern Mindanao','Gingoog','Philippines',10447,'1','0000-00-00 00:00:00','0000-00-00 00:00:00','other'),(466,498,'1621 Tongliao Avenue','','Irkutsk','Usolje-Sibirskoje','Russian Federation',22173,'1','0000-00-00 00:00:00','0000-00-00 00:00:00','home'),(467,316,'1844 Usak Avenue','','Nova Scotia','Halifax','Canada',84461,'0','0000-00-00 00:00:00','0000-00-00 00:00:00','home'),(468,396,'1872 Toulon Loop','','OHiggins','Rancagua','Chile',7939,'1','0000-00-00 00:00:00','0000-00-00 00:00:00','work'),(469,352,'1088 Ibirit Place','','Jalisco','Zapopan','Mexico',88502,'1','0000-00-00 00:00:00','0000-00-00 00:00:00','work'),(470,205,'1322 Mosul Parkway','','Shandong','Dongying','China',95400,'1','0000-00-00 00:00:00','0000-00-00 00:00:00','work'),(471,180,'1447 Chatsworth Place','','Chihuahua','Cuauhtmoc','Mexico',41545,'1','0000-00-00 00:00:00','0000-00-00 00:00:00','work'),(472,356,'1257 Guadalajara Street','','Karnataka','Bijapur','India',33599,'1','0000-00-00 00:00:00','0000-00-00 00:00:00','other'),(473,273,'1469 Plock Lane','','Galicia','Ourense (Orense)','Spain',95835,'1','0000-00-00 00:00:00','0000-00-00 00:00:00','home'),(474,430,'434 Ourense (Orense) Manor','','Hodeida','Hodeida','Yemen',14122,'1','0000-00-00 00:00:00','0000-00-00 00:00:00','work'),(475,53,'270 Tambaram Parkway','','Gauteng','Johannesburg','South Africa',9668,'1','0000-00-00 00:00:00','0000-00-00 00:00:00','work'),(476,239,'1786 Salinas Place','','Nam Ha','Nam Dinh','Vietnam',66546,'0','0000-00-00 00:00:00','0000-00-00 00:00:00','home'),(477,362,'1078 Stara Zagora Drive','','Aceh','Lhokseumawe','Indonesia',69221,'1','0000-00-00 00:00:00','0000-00-00 00:00:00','work'),(478,406,'1854 Okara Boulevard','','Drenthe','Emmen','Netherlands',42123,'1','0000-00-00 00:00:00','0000-00-00 00:00:00','work'),(479,308,'421 Yaound Street','','Sumy','ostka','Ukraine',11363,'1','0000-00-00 00:00:00','0000-00-00 00:00:00','work'),(480,14,'1153 Allende Way','','Qubec','Gatineau','Canada',20336,'1','0000-00-00 00:00:00','0000-00-00 00:00:00','other'),(481,165,'808 Naala-Porto Parkway','','England','Stockport','United Kingdom',41060,'1','0000-00-00 00:00:00','0000-00-00 00:00:00','work'),(482,89,'632 Usolje-Sibirskoje Parkway','','Ha Darom','Ashqelon','Israel',73085,'1','0000-00-00 00:00:00','0000-00-00 00:00:00','work'),(483,295,'98 Pyongyang Boulevard','','Ohio','Akron','United States',88749,'1','0000-00-00 00:00:00','0000-00-00 00:00:00','work'),(484,21,'984 Novoterkassk Loop','','Gaziantep','Gaziantep','Turkey',28165,'1','0000-00-00 00:00:00','0000-00-00 00:00:00','work'),(485,74,'64 Korla Street','','Mwanza','Mwanza','Tanzania',25145,'1','0000-00-00 00:00:00','0000-00-00 00:00:00','work'),(486,65,'1785 So Bernardo do Campo Street','','Veracruz','Coatzacoalcos','Mexico',71182,'1','0000-00-00 00:00:00','0000-00-00 00:00:00','other'),(487,480,'698 Jelets Boulevard','','Denizli','Denizli','Turkey',2596,'1','0000-00-00 00:00:00','0000-00-00 00:00:00','work'),(488,140,'1297 Alvorada Parkway','','Ningxia','Yinchuan','China',11839,'1','0000-00-00 00:00:00','0000-00-00 00:00:00','work'),(489,428,'1909 Dayton Avenue','','Guangdong','Shaoguan','China',88513,'1','0000-00-00 00:00:00','0000-00-00 00:00:00','work'),(490,375,'1789 Saint-Denis Parkway','','Coahuila de Zaragoza','Acua','Mexico',8268,'0','0000-00-00 00:00:00','0000-00-00 00:00:00','work'),(491,491,'185 Mannheim Lane','','Stavropol','Pjatigorsk','Russian Federation',23661,'1','0000-00-00 00:00:00','0000-00-00 00:00:00','other'),(492,137,'184 Mandaluyong Street','','Baja California Sur','La Paz','Mexico',94239,'1','0000-00-00 00:00:00','0000-00-00 00:00:00','work'),(493,425,'591 Sungai Petani Drive','','Okayama','Okayama','Japan',46400,'1','0000-00-00 00:00:00','0000-00-00 00:00:00','home'),(494,129,'656 Matamoros Drive','','Boyac','Sogamoso','Colombia',19489,'1','0000-00-00 00:00:00','0000-00-00 00:00:00','other'),(495,148,'775 ostka Drive','','al-Daqahliya','Mit Ghamr','Egypt',22358,'1','0000-00-00 00:00:00','0000-00-00 00:00:00','work'),(496,368,'1013 Tabuk Boulevard','','West Bengali','Kanchrapara','India',96203,'1','0000-00-00 00:00:00','0000-00-00 00:00:00','work'),(497,213,'319 Plock Parkway','','Istanbul','Sultanbeyli','Turkey',26101,'1','0000-00-00 00:00:00','0000-00-00 00:00:00','work'),(498,210,'1954 Kowloon and New Kowloon Way','','Chimborazo','Robamba','Ecuador',63667,'1','0000-00-00 00:00:00','0000-00-00 00:00:00','home'),(499,498,'362 Rajkot Lane','','Gansu','Baiyin','China',98030,'1','0000-00-00 00:00:00','0000-00-00 00:00:00','other'),(500,170,'1060 Tandil Lane','','Shandong','Rizhao','China',72349,'1','0000-00-00 00:00:00','0000-00-00 00:00:00','home'),(501,245,'1515 Korla Way','','England','York','United Kingdom',57197,'1','0000-00-00 00:00:00','0000-00-00 00:00:00','work'),(502,287,'1416 San Juan Bautista Tuxtepec Avenue','','Zufar','Salala','Oman',50592,'0','0000-00-00 00:00:00','0000-00-00 00:00:00','work'),(503,206,'1 Valle de Santiago Avenue','','Apulia','Brindisi','Italy',86208,'0','0000-00-00 00:00:00','0000-00-00 00:00:00','home'),(504,481,'519 Brescia Parkway','','East Java','Madiun','Indonesia',69504,'1','0000-00-00 00:00:00','0000-00-00 00:00:00','work'),(505,197,'414 Mandaluyong Street','','Lubelskie','Lublin','Poland',16370,'1','0000-00-00 00:00:00','0000-00-00 00:00:00','other'),(506,482,'1197 Sokoto Boulevard','','West Bengali','Siliguri (Shiliguri)','India',87687,'1','0000-00-00 00:00:00','0000-00-00 00:00:00','work'),(507,372,'496 Celaya Drive','','Nagano','Ueda','Japan',90797,'1','0000-00-00 00:00:00','0000-00-00 00:00:00','other'),(508,393,'786 Matsue Way','','Illinois','Joliet','United States',37469,'1','0000-00-00 00:00:00','0000-00-00 00:00:00','home'),(509,482,'48 Maracabo Place','','Central Luzon','Talavera','Philippines',1570,'1','0000-00-00 00:00:00','0000-00-00 00:00:00','work'),(510,439,'1152 al-Qatif Lane','','Kalimantan Barat','Pontianak','Indonesia',44816,'1','0000-00-00 00:00:00','0000-00-00 00:00:00','work'),(511,218,'1269 Ipoh Avenue','','Eskisehir','Eskisehir','Turkey',54674,'1','0000-00-00 00:00:00','0000-00-00 00:00:00','work'),(512,57,'758 Korolev Parkway','','Andhra Pradesh','Vijayawada','India',75474,'1','0000-00-00 00:00:00','0000-00-00 00:00:00','work'),(513,462,'1747 Rustenburg Place','','Bihar','Chapra','India',51369,'1','0000-00-00 00:00:00','0000-00-00 00:00:00','work'),(514,22,'886 Tonghae Place','','Volgograd','Kamyin','Russian Federation',19450,'1','0000-00-00 00:00:00','0000-00-00 00:00:00','home'),(515,327,'1574 Goinia Boulevard','','Heilongjiang','Suihua','China',39529,'1','0000-00-00 00:00:00','0000-00-00 00:00:00','work'),(516,288,'548 Uruapan Street','','Ontario','London','United Kingdom',35653,'1','0000-00-00 00:00:00','0000-00-00 00:00:00','work'),(517,360,'962 Tama Loop','','','Yangor','Nauru',65952,'1','0000-00-00 00:00:00','0000-00-00 00:00:00','work'),(518,214,'1778 Gijn Manor','','Hubei','Zaoyang','China',35156,'1','0000-00-00 00:00:00','0000-00-00 00:00:00','home'),(519,400,'568 Dhule (Dhulia) Loop','','Coquimbo','Coquimbo','Chile',92568,'1','0000-00-00 00:00:00','0000-00-00 00:00:00','work'),(520,473,'1768 Udine Loop','','Battambang','Battambang','Cambodia',32347,'1','0000-00-00 00:00:00','0000-00-00 00:00:00','work'),(521,304,'608 Birgunj Parkway','','Taipei','Chungho','Taiwan',400,'1','0000-00-00 00:00:00','0000-00-00 00:00:00','other'),(522,112,'680 A Corua (La Corua) Manor','','Sivas','Sivas','Turkey',49806,'1','0000-00-00 00:00:00','0000-00-00 00:00:00','work'),(523,189,'1949 Sanya Street','','Gumma','Isesaki','Japan',61244,'0','0000-00-00 00:00:00','0000-00-00 00:00:00','home'),(524,233,'617 Klerksdorp Place','','Khanh Hoa','Nha Trang','Vietnam',94707,'1','0000-00-00 00:00:00','0000-00-00 00:00:00','work'),(525,51,'1993 0 Loop','','Liaoning','Yingkou','China',41214,'1','0000-00-00 00:00:00','0000-00-00 00:00:00','work'),(526,222,'1176 Southend-on-Sea Manor','','Southern Tagalog','Santa Rosa','Philippines',81651,'1','0000-00-00 00:00:00','0000-00-00 00:00:00','home'),(527,304,'600 Purnea (Purnia) Avenue','','Nghe An','Vinh','Vietnam',18043,'1','0000-00-00 00:00:00','0000-00-00 00:00:00','home'),(528,185,'1003 Qinhuangdao Street','','West Java','Purwakarta','Indonesia',25972,'1','0000-00-00 00:00:00','0000-00-00 00:00:00','work'),(529,216,'1986 Sivas Place','','Friuli-Venezia Giuli','Udine','Italy',95775,'1','0000-00-00 00:00:00','0000-00-00 00:00:00','work'),(530,285,'1427 Tabuk Place','','Florida','Cape Coral','United States',31342,'1','0000-00-00 00:00:00','0000-00-00 00:00:00','home'),(531,21,'556 Asuncin Way','','Mogiljov','Mogiljov','Belarus',35364,'1','0000-00-00 00:00:00','0000-00-00 00:00:00','home'),(532,95,'486 Ondo Parkway','','Benguela','Benguela','Angola',35202,'1','0000-00-00 00:00:00','0000-00-00 00:00:00','work'),(533,297,'635 Brest Manor','','Andhra Pradesh','Bhimavaram','India',40899,'1','0000-00-00 00:00:00','0000-00-00 00:00:00','work'),(534,173,'166 Jinchang Street','','Buenos Aires','Ezeiza','Argentina',86760,'1','0000-00-00 00:00:00','0000-00-00 00:00:00','work'),(535,369,'958 Sagamihara Lane','','Mie','Kuwana','Japan',88408,'0','0000-00-00 00:00:00','0000-00-00 00:00:00','home'),(536,22,'1817 Livorno Way','','Khanh Hoa','Cam Ranh','Vietnam',79401,'1','0000-00-00 00:00:00','0000-00-00 00:00:00','other'),(537,482,'1332 Gaziantep Lane','','Shandong','Binzhou','China',22813,'1','0000-00-00 00:00:00','0000-00-00 00:00:00','home'),(538,26,'949 Allende Lane','','Uttar Pradesh','Amroha','India',67521,'1','0000-00-00 00:00:00','0000-00-00 00:00:00','work'),(539,330,'195 Ilorin Street','','Chari-Baguirmi','NDjamna','Chad',49250,'1','0000-00-00 00:00:00','0000-00-00 00:00:00','work'),(540,57,'193 Bhusawal Place','','Kang-won','Tonghae','South Korea',9750,'0','0000-00-00 00:00:00','0000-00-00 00:00:00','work'),(541,360,'43 Vilnius Manor','','Colorado','Aurora','United States',79814,'1','0000-00-00 00:00:00','0000-00-00 00:00:00','work'),(542,125,'183 Haiphong Street','','Jilin','Baicheng','China',69953,'1','0000-00-00 00:00:00','0000-00-00 00:00:00','work'),(543,481,'163 Augusta-Richmond County Loop','','Carabobo','Valencia','Venezuela',33030,'1','0000-00-00 00:00:00','0000-00-00 00:00:00','home'),(544,177,'191 Jos Azueta Parkway','','Ruse','Ruse','Bulgaria',13629,'1','0000-00-00 00:00:00','0000-00-00 00:00:00','work'),(545,456,'379 Lublin Parkway','','Toscana','Livorno','Italy',74568,'1','0000-00-00 00:00:00','0000-00-00 00:00:00','work'),(546,177,'1658 Cuman Loop','','Sumatera Selatan','Pangkal Pinang','Indonesia',51309,'1','0000-00-00 00:00:00','0000-00-00 00:00:00','home'),(547,143,'454 Qinhuangdao Drive','','Tadla-Azilal','Beni-Mellal','Morocco',25866,'1','0000-00-00 00:00:00','0000-00-00 00:00:00','work'),(548,160,'1715 Okayama Street','','So Paulo','So Bernardo do Campo','Brazil',55676,'1','0000-00-00 00:00:00','0000-00-00 00:00:00','work'),(549,280,'182 Nukualofa Drive','','Sumy','Konotop','Ukraine',15414,'1','0000-00-00 00:00:00','0000-00-00 00:00:00','work'),(550,173,'390 Wroclaw Way','','Hainan','Sanya','China',5753,'1','0000-00-00 00:00:00','0000-00-00 00:00:00','work'),(551,425,'1421 Quilmes Lane','','Ishikawa','Kanazawa','Japan',19151,'1','0000-00-00 00:00:00','0000-00-00 00:00:00','work'),(552,86,'947 Trshavn Place','','Central Luzon','Tarlac','Philippines',841,'1','0000-00-00 00:00:00','0000-00-00 00:00:00','work'),(553,119,'1764 Jalib al-Shuyukh Parkway','','Galicia','Santiago de Compostela','Spain',77642,'1','0000-00-00 00:00:00','0000-00-00 00:00:00','home'),(554,364,'346 Cam Ranh Avenue','','Zhejiang','Zhoushan','China',39976,'1','0000-00-00 00:00:00','0000-00-00 00:00:00','work'),(555,498,'1407 Pachuca de Soto Place','','Rio Grande do Sul','Alvorada','Brazil',26284,'1','0000-00-00 00:00:00','0000-00-00 00:00:00','work'),(556,160,'904 Clarksville Drive','','Zhejiang','Haining','China',52234,'1','0000-00-00 00:00:00','0000-00-00 00:00:00','work'),(557,35,'1917 Kumbakonam Parkway','','Vojvodina','Novi Sad','Yugoslavia',11892,'1','0000-00-00 00:00:00','0000-00-00 00:00:00','home'),(558,408,'1447 Imus Place','','Gujarat','Rajkot','India',12905,'1','0000-00-00 00:00:00','0000-00-00 00:00:00','other'),(559,388,'1497 Fengshan Drive','','KwaZulu-Natal','Chatsworth','South Africa',63022,'1','0000-00-00 00:00:00','0000-00-00 00:00:00','other'),(560,439,'869 Shikarpur Way','','England','Southport','United Kingdom',57380,'1','0000-00-00 00:00:00','0000-00-00 00:00:00','work'),(561,368,'1059 Yuncheng Avenue','','Vilna','Vilnius','Lithuania',47498,'1','0000-00-00 00:00:00','0000-00-00 00:00:00','work'),(562,398,'505 Madiun Boulevard','','Dolnoslaskie','Wroclaw','Poland',97271,'1','0000-00-00 00:00:00','0000-00-00 00:00:00','work'),(563,464,'1741 Hoshiarpur Boulevard','','al-Sharqiya','Bilbays','Egypt',22372,'1','0000-00-00 00:00:00','0000-00-00 00:00:00','other'),(564,499,'1229 Varanasi (Benares) Manor','','Buenos Aires','Avellaneda','Argentina',40195,'1','0000-00-00 00:00:00','0000-00-00 00:00:00','work'),(565,84,'1894 Boa Vista Way','','Texas','Garland','United States',77464,'1','0000-00-00 00:00:00','0000-00-00 00:00:00','other'),(566,151,'1342 Sharja Way','','Sokoto & Kebbi & Zam','Sokoto','Nigeria',93655,'1','0000-00-00 00:00:00','0000-00-00 00:00:00','work'),(567,264,'1342 Abha Boulevard','','Bukarest','Bucuresti','Romania',10714,'1','0000-00-00 00:00:00','0000-00-00 00:00:00','work'),(568,359,'415 Pune Avenue','','Shandong','Xintai','China',44274,'1','0000-00-00 00:00:00','0000-00-00 00:00:00','other'),(569,162,'1746 Faaa Way','','Huanuco','Hunuco','Peru',32515,'1','0000-00-00 00:00:00','0000-00-00 00:00:00','work'),(570,148,'539 Hami Way','','Tokat','Tokat','Turkey',52196,'1','0000-00-00 00:00:00','0000-00-00 00:00:00','work'),(571,464,'1407 Surakarta Manor','','Moskova','Serpuhov','Russian Federation',33224,'1','0000-00-00 00:00:00','0000-00-00 00:00:00','work'),(572,91,'502 Mandi Bahauddin Parkway','','Anzotegui','Barcelona','Venezuela',15992,'1','0000-00-00 00:00:00','0000-00-00 00:00:00','other'),(573,360,'1052 Pathankot Avenue','','Sichuan','Leshan','China',77397,'1','0000-00-00 00:00:00','0000-00-00 00:00:00','other'),(574,2,'1351 Sousse Lane','','Coahuila de Zaragoza','Monclova','Mexico',37815,'1','0000-00-00 00:00:00','0000-00-00 00:00:00','work'),(575,168,'1501 Pangkal Pinang Avenue','','Mazowieckie','Plock','Poland',943,'1','0000-00-00 00:00:00','0000-00-00 00:00:00','home'),(576,241,'1405 Hagonoy Avenue','','Slaskie','Czestochowa','Poland',86587,'1','0000-00-00 00:00:00','0000-00-00 00:00:00','home'),(577,105,'521 San Juan Bautista Tuxtepec Place','','Qaraghandy','Zhezqazghan','Kazakstan',95093,'0','0000-00-00 00:00:00','0000-00-00 00:00:00','work'),(578,477,'923 Tangail Boulevard','','Tokyo-to','Akishima','Japan',33384,'1','0000-00-00 00:00:00','0000-00-00 00:00:00','home'),(579,234,'186 Skikda Lane','','Morelos','Cuernavaca','Mexico',89422,'1','0000-00-00 00:00:00','0000-00-00 00:00:00','work'),(580,110,'1568 Celaya Parkway','','Kaohsiung','Fengshan','Taiwan',34750,'1','0000-00-00 00:00:00','0000-00-00 00:00:00','other'),(581,202,'1489 Kakamigahara Lane','','Taipei','Tanshui','Taiwan',98883,'1','0000-00-00 00:00:00','0000-00-00 00:00:00','work'),(582,300,'1819 Alessandria Loop','','Campeche','Carmen','Mexico',53829,'0','0000-00-00 00:00:00','0000-00-00 00:00:00','work'),(583,169,'1208 Tama Loop','','Ninawa','Mosul','Iraq',73605,'1','0000-00-00 00:00:00','0000-00-00 00:00:00','work'),(584,111,'951 Springs Lane','','Central Mindanao','Iligan','Philippines',96115,'1','0000-00-00 00:00:00','0000-00-00 00:00:00','work'),(585,439,'760 Miyakonojo Drive','','Guerrero','Jos Azueta','Mexico',64682,'1','0000-00-00 00:00:00','0000-00-00 00:00:00','work'),(586,173,'966 Asuncin Way','','Hidalgo','Huejutla de Reyes','Mexico',62703,'1','0000-00-00 00:00:00','0000-00-00 00:00:00','other'),(587,183,'1584 Ljubertsy Lane','','England','Southampton','United Kingdom',22954,'1','0000-00-00 00:00:00','0000-00-00 00:00:00','home'),(588,216,'247 Jining Parkway','','Banjul','Banjul','Gambia',53446,'1','0000-00-00 00:00:00','0000-00-00 00:00:00','work'),(589,228,'773 Dallas Manor','','Buenos Aires','Quilmes','Argentina',12664,'1','0000-00-00 00:00:00','0000-00-00 00:00:00','home'),(590,198,'1923 Stara Zagora Lane','','Nantou','Tsaotun','Taiwan',95179,'1','0000-00-00 00:00:00','0000-00-00 00:00:00','home'),(591,314,'1402 Zanzibar Boulevard','','Guanajuato','Celaya','Mexico',71102,'1','0000-00-00 00:00:00','0000-00-00 00:00:00','other'),(592,35,'1464 Kursk Parkway','','Shandong','Weifang','China',17381,'1','0000-00-00 00:00:00','0000-00-00 00:00:00','home'),(593,50,'1074 Sanaa Parkway','','Loja','Loja','Ecuador',22474,'0','0000-00-00 00:00:00','0000-00-00 00:00:00','work'),(594,327,'1759 Niznekamsk Avenue','','al-Manama','al-Manama','Bahrain',39414,'1','0000-00-00 00:00:00','0000-00-00 00:00:00','work'),(595,149,'32 Liaocheng Way','','Minas Gerais','Juiz de Fora','Brazil',1944,'1','0000-00-00 00:00:00','0000-00-00 00:00:00','other'),(596,270,'42 Fontana Avenue','','Fejr','Szkesfehrvr','Hungary',14684,'1','0000-00-00 00:00:00','0000-00-00 00:00:00','other'),(597,143,'1895 Zhezqazghan Drive','','California','Garden Grove','United States',36693,'1','0000-00-00 00:00:00','0000-00-00 00:00:00','work'),(598,447,'1837 Kaduna Parkway','','Inner Mongolia','Jining','China',82580,'1','0000-00-00 00:00:00','0000-00-00 00:00:00','work'),(599,252,'844 Bucuresti Place','','Liaoning','Jinzhou','China',36603,'1','0000-00-00 00:00:00','0000-00-00 00:00:00','other'),(600,130,'1101 Bucuresti Boulevard','','West Greece','Patras','Greece',97661,'1','0000-00-00 00:00:00','0000-00-00 00:00:00','work'),(601,240,'1103 Quilmes Boulevard','','Piura','Sullana','Peru',52137,'1','0000-00-00 00:00:00','0000-00-00 00:00:00','work'),(602,1,'1331 Usak Boulevard','','Vaud','Lausanne','Switzerland',61960,'0','0000-00-00 00:00:00','0000-00-00 00:00:00','work'),(603,7,'1325 Fukuyama Street','','Heilongjiang','Tieli','China',27107,'1','0000-00-00 00:00:00','0000-00-00 00:00:00','work');
/*!40000 ALTER TABLE `user_vs_address` ENABLE KEYS */;
UNLOCK TABLES;

--
-- Table structure for table `user_vs_category`
--

DROP TABLE IF EXISTS `user_vs_category`;
/*!40101 SET @saved_cs_client     = @@character_set_client */;
/*!40101 SET character_set_client = utf8 */;
CREATE TABLE `user_vs_category` (
  `user_cat_id` int(11) NOT NULL AUTO_INCREMENT,
  `user_id` int(11) NOT NULL,
  `category_id` int(11) NOT NULL,
  `added_on` timestamp NOT NULL DEFAULT current_timestamp(),
  `is_active` enum('0','1') NOT NULL DEFAULT '1',
  PRIMARY KEY (`user_cat_id`),
  UNIQUE KEY `user_id` (`user_id`,`category_id`,`is_active`) USING BTREE,
  KEY `caegoryCheck` (`category_id`),
  CONSTRAINT `caegoryCheck` FOREIGN KEY (`category_id`) REFERENCES `category` (`category_id`),
  CONSTRAINT `userCheckCat` FOREIGN KEY (`user_id`) REFERENCES `users` (`user_id`)
) ENGINE=InnoDB AUTO_INCREMENT=1262 DEFAULT CHARSET=utf8mb4 COLLATE=utf8mb4_unicode_ci;
/*!40101 SET character_set_client = @saved_cs_client */;

--
-- Dumping data for table `user_vs_category`
--

LOCK TABLES `user_vs_category` WRITE;
/*!40000 ALTER TABLE `user_vs_category` DISABLE KEYS */;
INSERT INTO `user_vs_category` VALUES (1,6,2,'2025-02-18 18:25:01','1'),(2,320,6,'2025-02-18 18:25:01','1'),(3,274,9,'2025-02-18 18:25:01','1'),(4,365,2,'2025-02-18 18:25:01','1'),(5,150,3,'2025-02-18 18:25:01','1'),(6,470,6,'2025-02-18 18:25:01','1'),(7,400,3,'2025-02-18 18:25:01','1'),(8,177,10,'2025-02-18 18:25:01','1'),(9,49,6,'2025-02-18 18:25:01','1'),(10,308,3,'2025-02-18 18:25:01','1'),(11,452,6,'2025-02-18 18:25:01','1'),(12,116,2,'2025-02-18 18:25:01','1'),(13,287,8,'2025-02-18 18:25:01','1'),(14,121,3,'2025-02-18 18:25:01','1'),(15,299,6,'2025-02-18 18:25:01','1'),(16,425,6,'2025-02-18 18:25:01','1'),(17,405,9,'2025-02-18 18:25:01','1'),(18,302,1,'2025-02-18 18:25:01','1'),(19,379,1,'2025-02-18 18:25:01','1'),(20,448,9,'2025-02-18 18:25:01','1'),(21,7,4,'2025-02-18 18:25:01','1'),(22,50,8,'2025-02-18 18:25:01','1'),(23,426,2,'2025-02-18 18:25:01','1'),(24,73,9,'2025-02-18 18:25:01','1'),(25,125,5,'2025-02-18 18:25:01','1'),(26,458,10,'2025-02-18 18:25:01','1'),(27,141,7,'2025-02-18 18:25:01','1'),(28,265,3,'2025-02-18 18:25:01','1'),(29,236,2,'2025-02-18 18:25:01','1'),(30,366,7,'2025-02-18 18:25:01','1'),(31,137,9,'2025-02-18 18:25:01','1'),(32,481,7,'2025-02-18 18:25:01','1'),(33,432,1,'2025-02-18 18:25:01','1'),(34,67,5,'2025-02-18 18:25:01','1'),(35,212,2,'2025-02-18 18:25:01','1'),(36,444,7,'2025-02-18 18:25:01','1'),(37,27,2,'2025-02-18 18:25:01','1'),(38,63,4,'2025-02-18 18:25:01','1'),(39,43,10,'2025-02-18 18:25:01','1'),(40,19,5,'2025-02-18 18:25:01','1'),(41,314,5,'2025-02-18 18:25:01','1'),(42,11,4,'2025-02-18 18:25:01','1'),(43,170,2,'2025-02-18 18:25:01','1'),(44,112,3,'2025-02-18 18:25:01','1'),(45,37,1,'2025-02-18 18:25:01','1'),(46,296,4,'2025-02-18 18:25:01','1'),(47,23,7,'2025-02-18 18:25:01','1'),(48,117,2,'2025-02-18 18:25:01','1'),(49,270,10,'2025-02-18 18:25:01','1'),(50,359,9,'2025-02-18 18:25:01','1'),(51,110,8,'2025-02-18 18:25:01','1'),(52,442,3,'2025-02-18 18:25:01','1'),(53,371,4,'2025-02-18 18:25:01','1'),(54,127,5,'2025-02-18 18:25:01','1'),(55,267,3,'2025-02-18 18:25:01','1'),(56,73,2,'2025-02-18 18:25:01','1'),(57,238,8,'2025-02-18 18:25:01','1'),(58,159,2,'2025-02-18 18:25:01','1'),(59,205,2,'2025-02-18 18:25:01','1'),(60,413,5,'2025-02-18 18:25:01','1'),(61,200,3,'2025-02-18 18:25:01','1'),(62,65,7,'2025-02-18 18:25:01','1'),(63,240,2,'2025-02-18 18:25:01','1'),(64,94,4,'2025-02-18 18:25:01','1'),(65,213,8,'2025-02-18 18:25:01','1'),(66,42,4,'2025-02-18 18:25:01','1'),(67,410,6,'2025-02-18 18:25:01','1'),(68,36,10,'2025-02-18 18:25:01','1'),(69,186,4,'2025-02-18 18:25:01','1'),(70,133,9,'2025-02-18 18:25:01','1'),(71,366,5,'2025-02-18 18:25:01','1'),(72,332,9,'2025-02-18 18:25:01','1'),(73,204,7,'2025-02-18 18:25:01','1'),(74,268,8,'2025-02-18 18:25:01','1'),(75,438,9,'2025-02-18 18:25:01','1'),(76,7,6,'2025-02-18 18:25:01','1'),(77,294,10,'2025-02-18 18:25:01','1'),(78,63,9,'2025-02-18 18:25:01','1'),(79,217,1,'2025-02-18 18:25:01','1'),(80,302,8,'2025-02-18 18:25:01','1'),(81,392,7,'2025-02-18 18:25:01','1'),(82,264,6,'2025-02-18 18:25:01','1'),(83,469,5,'2025-02-18 18:25:01','1'),(84,39,7,'2025-02-18 18:25:01','1'),(85,268,9,'2025-02-18 18:25:01','1'),(86,86,7,'2025-02-18 18:25:01','1'),(87,343,7,'2025-02-18 18:25:01','1'),(88,87,6,'2025-02-18 18:25:01','1'),(89,265,10,'2025-02-18 18:25:01','1'),(90,6,4,'2025-02-18 18:25:01','1'),(91,248,2,'2025-02-18 18:25:01','1'),(92,282,2,'2025-02-18 18:25:01','1'),(93,500,4,'2025-02-18 18:25:01','1'),(94,7,8,'2025-02-18 18:25:01','1'),(95,490,3,'2025-02-18 18:25:01','1'),(96,497,6,'2025-02-18 18:25:01','1'),(97,479,5,'2025-02-18 18:25:01','1'),(98,221,6,'2025-02-18 18:25:01','1'),(99,335,9,'2025-02-18 18:25:01','1'),(100,198,1,'2025-02-18 18:25:01','1'),(101,301,3,'2025-02-18 18:25:01','1'),(102,460,4,'2025-02-18 18:25:01','1'),(103,339,5,'2025-02-18 18:25:01','1'),(104,306,1,'2025-02-18 18:25:01','1'),(105,191,1,'2025-02-18 18:25:01','1'),(106,61,7,'2025-02-18 18:25:01','1'),(107,305,1,'2025-02-18 18:25:01','1'),(108,181,9,'2025-02-18 18:25:01','1'),(109,133,5,'2025-02-18 18:25:01','1'),(110,342,1,'2025-02-18 18:25:01','1'),(111,30,4,'2025-02-18 18:25:01','1'),(112,245,6,'2025-02-18 18:25:01','1'),(113,407,6,'2025-02-18 18:25:01','1'),(114,222,4,'2025-02-18 18:25:01','1'),(115,324,9,'2025-02-18 18:25:01','1'),(116,445,9,'2025-02-18 18:25:01','1'),(117,105,2,'2025-02-18 18:25:01','1'),(118,219,4,'2025-02-18 18:25:01','1'),(119,179,7,'2025-02-18 18:25:01','1'),(120,255,3,'2025-02-18 18:25:01','1'),(121,108,2,'2025-02-18 18:25:01','1'),(122,18,6,'2025-02-18 18:25:01','1'),(123,367,5,'2025-02-18 18:25:01','1'),(124,19,1,'2025-02-18 18:25:01','1'),(125,490,10,'2025-02-18 18:25:01','1'),(126,50,5,'2025-02-18 18:25:01','1'),(127,97,3,'2025-02-18 18:25:01','1'),(128,446,9,'2025-02-18 18:25:01','1'),(129,462,6,'2025-02-18 18:25:01','1'),(130,393,10,'2025-02-18 18:25:01','1'),(131,142,1,'2025-02-18 18:25:01','1'),(132,306,4,'2025-02-18 18:25:01','1'),(133,69,1,'2025-02-18 18:25:01','1'),(134,236,9,'2025-02-18 18:25:01','1'),(135,109,8,'2025-02-18 18:25:01','1'),(136,88,3,'2025-02-18 18:25:01','1'),(137,23,10,'2025-02-18 18:25:01','1'),(138,325,1,'2025-02-18 18:25:01','1'),(139,67,4,'2025-02-18 18:25:01','1'),(140,372,3,'2025-02-18 18:25:01','1'),(141,244,10,'2025-02-18 18:25:01','1'),(142,350,3,'2025-02-18 18:25:01','1'),(143,176,5,'2025-02-18 18:25:01','1'),(144,78,7,'2025-02-18 18:25:01','1'),(145,389,8,'2025-02-18 18:25:01','1'),(146,2,1,'2025-02-18 18:25:01','1'),(147,368,8,'2025-02-18 18:25:01','1'),(148,91,2,'2025-02-18 18:25:01','1'),(149,140,3,'2025-02-18 18:25:01','1'),(150,497,10,'2025-02-18 18:25:01','1'),(151,273,3,'2025-02-18 18:25:01','1'),(152,169,2,'2025-02-18 18:25:01','1'),(153,13,3,'2025-02-18 18:25:01','1'),(154,48,9,'2025-02-18 18:25:01','1'),(155,31,5,'2025-02-18 18:25:01','1'),(156,134,5,'2025-02-18 18:25:01','1'),(157,476,2,'2025-02-18 18:25:01','1'),(158,197,5,'2025-02-18 18:25:01','1'),(159,401,10,'2025-02-18 18:25:01','1'),(160,65,1,'2025-02-18 18:25:01','1'),(161,150,6,'2025-02-18 18:25:01','1'),(162,10,4,'2025-02-18 18:25:01','1'),(163,423,8,'2025-02-18 18:25:01','1'),(165,234,9,'2025-02-18 18:25:01','1'),(166,464,3,'2025-02-18 18:25:01','1'),(167,328,3,'2025-02-18 18:25:01','1'),(168,476,6,'2025-02-18 18:25:01','1'),(169,382,6,'2025-02-18 18:25:01','1'),(170,75,10,'2025-02-18 18:25:01','1'),(171,318,10,'2025-02-18 18:25:01','1'),(172,296,2,'2025-02-18 18:25:01','1'),(174,493,6,'2025-02-18 18:25:01','1'),(175,298,7,'2025-02-18 18:25:01','1'),(176,381,4,'2025-02-18 18:25:01','1'),(177,27,1,'2025-02-18 18:25:01','1'),(178,107,2,'2025-02-18 18:25:01','1'),(179,172,9,'2025-02-18 18:25:01','1'),(180,12,3,'2025-02-18 18:25:01','1'),(181,235,8,'2025-02-18 18:25:01','1'),(182,321,10,'2025-02-18 18:25:01','1'),(184,325,3,'2025-02-18 18:25:01','1'),(185,96,1,'2025-02-18 18:25:01','1'),(186,12,7,'2025-02-18 18:25:01','1'),(188,434,1,'2025-02-18 18:25:01','1'),(189,20,3,'2025-02-18 18:25:01','1'),(190,79,9,'2025-02-18 18:25:01','1'),(191,472,6,'2025-02-18 18:25:01','1'),(192,399,9,'2025-02-18 18:25:01','1'),(193,296,8,'2025-02-18 18:25:01','1'),(194,386,10,'2025-02-18 18:25:01','1'),(195,84,3,'2025-02-18 18:25:01','1'),(196,123,7,'2025-02-18 18:25:01','1'),(197,40,6,'2025-02-18 18:25:01','1'),(198,457,8,'2025-02-18 18:25:01','1'),(200,49,5,'2025-02-18 18:25:01','1'),(201,182,7,'2025-02-18 18:25:01','1'),(203,287,7,'2025-02-18 18:25:01','1'),(204,324,1,'2025-02-18 18:25:01','1'),(205,169,6,'2025-02-18 18:25:01','1'),(206,73,10,'2025-02-18 18:25:01','1'),(207,91,8,'2025-02-18 18:25:01','1'),(208,345,6,'2025-02-18 18:25:01','1'),(209,484,10,'2025-02-18 18:25:01','1'),(210,283,5,'2025-02-18 18:25:01','1'),(211,481,6,'2025-02-18 18:25:01','1'),(212,397,10,'2025-02-18 18:25:01','1'),(213,442,8,'2025-02-18 18:25:01','1'),(214,175,7,'2025-02-18 18:25:01','1'),(215,214,5,'2025-02-18 18:25:01','1'),(216,68,3,'2025-02-18 18:25:01','1'),(217,167,3,'2025-02-18 18:25:01','1'),(218,225,1,'2025-02-18 18:25:01','1'),(219,130,8,'2025-02-18 18:25:01','1'),(220,103,4,'2025-02-18 18:25:01','1'),(221,130,2,'2025-02-18 18:25:01','1'),(222,494,8,'2025-02-18 18:25:01','1'),(223,267,1,'2025-02-18 18:25:01','1'),(224,271,9,'2025-02-18 18:25:01','1'),(225,462,5,'2025-02-18 18:25:01','1'),(226,64,5,'2025-02-18 18:25:01','1'),(228,330,3,'2025-02-18 18:25:01','1'),(229,220,9,'2025-02-18 18:25:01','1'),(230,418,3,'2025-02-18 18:25:01','1'),(231,29,7,'2025-02-18 18:25:01','1'),(232,80,2,'2025-02-18 18:25:01','1'),(233,5,3,'2025-02-18 18:25:01','1'),(234,117,1,'2025-02-18 18:25:01','1'),(235,435,9,'2025-02-18 18:25:01','1'),(236,52,7,'2025-02-18 18:25:01','1'),(237,216,7,'2025-02-18 18:25:01','1'),(238,256,9,'2025-02-18 18:25:01','1'),(239,430,8,'2025-02-18 18:25:01','1'),(240,331,9,'2025-02-18 18:25:01','1'),(241,456,6,'2025-02-18 18:25:01','1'),(242,423,3,'2025-02-18 18:25:01','1'),(243,207,1,'2025-02-18 18:25:01','1'),(244,88,6,'2025-02-18 18:25:01','1'),(245,275,7,'2025-02-18 18:25:01','1'),(246,359,5,'2025-02-18 18:25:01','1'),(247,186,7,'2025-02-18 18:25:01','1'),(248,242,10,'2025-02-18 18:25:01','1'),(249,73,8,'2025-02-18 18:25:01','1'),(250,450,10,'2025-02-18 18:25:01','1'),(251,190,1,'2025-02-18 18:25:01','1'),(252,25,10,'2025-02-18 18:25:01','1'),(253,139,10,'2025-02-18 18:25:01','1'),(254,431,8,'2025-02-18 18:25:01','1'),(255,67,1,'2025-02-18 18:25:01','1'),(256,117,6,'2025-02-18 18:25:01','1'),(257,173,8,'2025-02-18 18:25:01','1'),(258,96,8,'2025-02-18 18:25:01','1'),(259,429,8,'2025-02-18 18:25:01','1'),(260,140,2,'2025-02-18 18:25:01','1'),(261,474,5,'2025-02-18 18:25:01','1'),(264,452,9,'2025-02-18 18:25:01','1'),(265,241,5,'2025-02-18 18:25:01','1'),(266,393,3,'2025-02-18 18:25:01','1'),(267,354,1,'2025-02-18 18:25:01','1'),(268,171,2,'2025-02-18 18:25:01','1'),(269,150,5,'2025-02-18 18:25:01','1'),(270,488,9,'2025-02-18 18:25:01','1'),(271,427,3,'2025-02-18 18:25:01','1'),(272,139,3,'2025-02-18 18:25:01','1'),(274,459,5,'2025-02-18 18:25:01','1'),(276,496,1,'2025-02-18 18:25:01','1'),(277,24,8,'2025-02-18 18:25:01','1'),(278,6,5,'2025-02-18 18:25:01','1'),(279,371,7,'2025-02-18 18:25:01','1'),(280,90,8,'2025-02-18 18:25:01','1'),(281,351,10,'2025-02-18 18:25:01','1'),(282,258,5,'2025-02-18 18:25:01','1'),(284,200,2,'2025-02-18 18:25:01','1'),(285,324,8,'2025-02-18 18:25:01','1'),(287,158,7,'2025-02-18 18:25:01','1'),(288,57,8,'2025-02-18 18:25:01','1'),(289,321,8,'2025-02-18 18:25:01','1'),(290,127,1,'2025-02-18 18:25:01','1'),(291,459,4,'2025-02-18 18:25:01','1'),(292,466,9,'2025-02-18 18:25:01','1'),(293,262,9,'2025-02-18 18:25:01','1'),(294,346,5,'2025-02-18 18:25:01','1'),(295,410,4,'2025-02-18 18:25:01','1'),(296,44,8,'2025-02-18 18:25:01','1'),(297,422,2,'2025-02-18 18:25:01','1'),(298,219,9,'2025-02-18 18:25:01','1'),(299,354,5,'2025-02-18 18:25:01','1'),(300,87,1,'2025-02-18 18:25:01','1'),(301,328,8,'2025-02-18 18:25:01','1'),(302,500,1,'2025-02-18 18:25:01','1'),(304,449,9,'2025-02-18 18:25:01','1'),(305,53,10,'2025-02-18 18:25:01','1'),(306,288,4,'2025-02-18 18:25:01','1'),(307,457,9,'2025-02-18 18:25:01','1'),(308,97,1,'2025-02-18 18:25:01','1'),(309,114,8,'2025-02-18 18:25:01','1'),(310,477,7,'2025-02-18 18:25:01','1'),(311,206,8,'2025-02-18 18:25:01','1'),(312,309,4,'2025-02-18 18:25:01','1'),(313,162,2,'2025-02-18 18:25:01','1'),(314,77,9,'2025-02-18 18:25:01','1'),(315,228,6,'2025-02-18 18:25:01','1'),(316,143,10,'2025-02-18 18:25:01','1'),(317,176,1,'2025-02-18 18:25:01','1'),(319,39,1,'2025-02-18 18:25:01','1'),(320,62,3,'2025-02-18 18:25:01','1'),(321,201,3,'2025-02-18 18:25:01','1'),(322,491,2,'2025-02-18 18:25:01','1'),(323,346,10,'2025-02-18 18:25:01','1'),(324,56,5,'2025-02-18 18:25:01','1'),(326,176,8,'2025-02-18 18:25:01','1'),(327,124,7,'2025-02-18 18:25:01','1'),(328,252,8,'2025-02-18 18:25:01','1'),(329,46,1,'2025-02-18 18:25:01','1'),(330,358,3,'2025-02-18 18:25:01','1'),(331,5,2,'2025-02-18 18:25:01','1'),(332,215,2,'2025-02-18 18:25:01','1'),(333,54,3,'2025-02-18 18:25:01','1'),(334,429,9,'2025-02-18 18:25:01','1'),(336,101,3,'2025-02-18 18:25:01','1'),(337,108,8,'2025-02-18 18:25:01','1'),(338,33,10,'2025-02-18 18:25:01','1'),(339,392,4,'2025-02-18 18:25:01','1'),(340,70,6,'2025-02-18 18:25:01','1'),(342,404,2,'2025-02-18 18:25:01','1'),(343,190,6,'2025-02-18 18:25:01','1'),(345,483,2,'2025-02-18 18:25:01','1'),(346,64,8,'2025-02-18 18:25:01','1'),(347,248,9,'2025-02-18 18:25:01','1'),(348,155,7,'2025-02-18 18:25:01','1'),(349,395,2,'2025-02-18 18:25:01','1'),(350,232,5,'2025-02-18 18:25:01','1'),(351,402,2,'2025-02-18 18:25:01','1'),(352,106,6,'2025-02-18 18:25:01','1'),(353,118,10,'2025-02-18 18:25:01','1'),(354,386,4,'2025-02-18 18:25:01','1'),(355,342,7,'2025-02-18 18:25:01','1'),(356,53,5,'2025-02-18 18:25:01','1'),(358,302,10,'2025-02-18 18:25:01','1'),(359,439,8,'2025-02-18 18:25:01','1'),(360,69,7,'2025-02-18 18:25:01','1'),(361,476,9,'2025-02-18 18:25:01','1'),(362,380,8,'2025-02-18 18:25:01','1'),(363,327,2,'2025-02-18 18:25:01','1'),(364,48,1,'2025-02-18 18:25:01','1'),(365,143,7,'2025-02-18 18:25:01','1'),(366,177,5,'2025-02-18 18:25:01','1'),(368,151,3,'2025-02-18 18:25:01','1'),(369,303,9,'2025-02-18 18:25:01','1'),(370,22,10,'2025-02-18 18:25:01','1'),(371,376,3,'2025-02-18 18:25:01','1'),(372,148,5,'2025-02-18 18:25:01','1'),(373,285,7,'2025-02-18 18:25:01','1'),(375,441,1,'2025-02-18 18:25:01','1'),(376,202,9,'2025-02-18 18:25:01','1'),(377,348,2,'2025-02-18 18:25:01','1'),(378,179,4,'2025-02-18 18:25:01','1'),(379,427,8,'2025-02-18 18:25:01','1'),(380,262,5,'2025-02-18 18:25:01','1'),(382,274,1,'2025-02-18 18:25:01','1'),(383,491,5,'2025-02-18 18:25:01','1'),(384,52,9,'2025-02-18 18:25:01','1'),(385,248,4,'2025-02-18 18:25:01','1'),(386,403,2,'2025-02-18 18:25:01','1'),(387,197,2,'2025-02-18 18:25:01','1'),(388,255,6,'2025-02-18 18:25:01','1'),(389,113,8,'2025-02-18 18:25:01','1'),(390,124,6,'2025-02-18 18:25:01','1'),(391,1,1,'2025-02-18 18:25:01','1'),(392,268,10,'2025-02-18 18:25:01','1'),(393,409,1,'2025-02-18 18:25:01','1'),(394,23,6,'2025-02-18 18:25:01','1'),(395,348,9,'2025-02-18 18:25:01','1'),(396,120,5,'2025-02-18 18:25:01','1'),(397,336,6,'2025-02-18 18:25:01','1'),(398,306,6,'2025-02-18 18:25:01','1'),(399,101,6,'2025-02-18 18:25:01','1'),(400,199,4,'2025-02-18 18:25:01','1'),(401,332,6,'2025-02-18 18:25:01','1'),(402,152,9,'2025-02-18 18:25:01','1'),(403,82,9,'2025-02-18 18:25:01','1'),(404,60,6,'2025-02-18 18:25:01','1'),(405,8,1,'2025-02-18 18:25:01','1'),(406,77,8,'2025-02-18 18:25:01','1'),(407,392,10,'2025-02-18 18:25:01','1'),(408,258,9,'2025-02-18 18:25:01','1'),(409,327,9,'2025-02-18 18:25:01','1'),(410,189,4,'2025-02-18 18:25:01','1'),(411,452,7,'2025-02-18 18:25:01','1'),(412,17,8,'2025-02-18 18:25:01','1'),(413,393,8,'2025-02-18 18:25:01','1'),(414,398,5,'2025-02-18 18:25:01','1'),(415,70,1,'2025-02-18 18:25:01','1'),(416,62,5,'2025-02-18 18:25:01','1'),(417,7,10,'2025-02-18 18:25:01','1'),(418,271,6,'2025-02-18 18:25:01','1'),(420,489,10,'2025-02-18 18:25:01','1'),(422,419,8,'2025-02-18 18:25:01','1'),(424,3,4,'2025-02-18 18:25:01','1'),(425,320,4,'2025-02-18 18:25:01','1'),(426,448,5,'2025-02-18 18:25:01','1'),(427,389,6,'2025-02-18 18:25:01','1'),(428,195,5,'2025-02-18 18:25:01','1'),(429,410,10,'2025-02-18 18:25:01','1'),(430,79,4,'2025-02-18 18:25:01','1'),(431,55,8,'2025-02-18 18:25:01','1'),(434,271,2,'2025-02-18 18:25:01','1'),(435,106,3,'2025-02-18 18:25:01','1'),(436,198,7,'2025-02-18 18:25:01','1'),(437,294,7,'2025-02-18 18:25:01','1'),(438,212,9,'2025-02-18 18:25:01','1'),(439,345,9,'2025-02-18 18:25:01','1'),(440,458,3,'2025-02-18 18:25:01','1'),(441,33,3,'2025-02-18 18:25:01','1'),(443,378,4,'2025-02-18 18:25:01','1'),(444,298,2,'2025-02-18 18:25:01','1'),(448,473,6,'2025-02-18 18:25:01','1'),(449,205,5,'2025-02-18 18:25:01','1'),(450,65,9,'2025-02-18 18:25:01','1'),(451,364,5,'2025-02-18 18:25:01','1'),(453,393,2,'2025-02-18 18:25:01','1'),(454,164,9,'2025-02-18 18:25:01','1'),(455,248,10,'2025-02-18 18:25:01','1'),(456,422,5,'2025-02-18 18:25:01','1'),(457,145,7,'2025-02-18 18:25:01','1'),(458,284,6,'2025-02-18 18:25:01','1'),(459,316,4,'2025-02-18 18:25:01','1'),(460,185,1,'2025-02-18 18:25:01','1'),(461,212,10,'2025-02-18 18:25:01','1'),(462,257,4,'2025-02-18 18:25:01','1'),(463,421,8,'2025-02-18 18:25:01','1'),(464,333,1,'2025-02-18 18:25:01','1'),(465,254,7,'2025-02-18 18:25:01','1'),(466,397,4,'2025-02-18 18:25:01','1'),(467,239,9,'2025-02-18 18:25:01','1'),(468,45,1,'2025-02-18 18:25:01','1'),(469,390,7,'2025-02-18 18:25:01','1'),(470,142,6,'2025-02-18 18:25:01','1'),(471,24,4,'2025-02-18 18:25:01','1'),(472,150,2,'2025-02-18 18:25:01','1'),(474,432,5,'2025-02-18 18:25:01','1'),(475,27,6,'2025-02-18 18:25:01','1'),(476,222,9,'2025-02-18 18:25:01','1'),(477,161,10,'2025-02-18 18:25:01','1'),(478,444,5,'2025-02-18 18:25:01','1'),(479,99,4,'2025-02-18 18:25:01','1'),(480,455,1,'2025-02-18 18:25:01','1'),(481,3,6,'2025-02-18 18:25:01','1'),(483,282,6,'2025-02-18 18:25:01','1'),(484,473,1,'2025-02-18 18:25:01','1'),(485,207,10,'2025-02-18 18:25:01','1'),(486,446,4,'2025-02-18 18:25:01','1'),(487,35,10,'2025-02-18 18:25:01','1'),(488,388,7,'2025-02-18 18:25:01','1'),(490,33,6,'2025-02-18 18:25:01','1'),(491,18,2,'2025-02-18 18:25:01','1'),(492,232,9,'2025-02-18 18:25:01','1'),(493,189,8,'2025-02-18 18:25:01','1'),(495,158,3,'2025-02-18 18:25:01','1'),(496,471,10,'2025-02-18 18:25:01','1'),(499,473,8,'2025-02-18 18:25:01','1'),(500,338,6,'2025-02-18 18:25:01','1'),(501,464,9,'2025-02-18 18:25:01','1'),(502,292,1,'2025-02-18 18:25:01','1'),(503,104,2,'2025-02-18 18:25:01','1'),(505,399,6,'2025-02-18 18:25:01','1'),(506,497,3,'2025-02-18 18:25:01','1'),(507,83,3,'2025-02-18 18:25:01','1'),(508,269,3,'2025-02-18 18:25:01','1'),(510,242,3,'2025-02-18 18:25:01','1'),(511,115,9,'2025-02-18 18:25:01','1'),(512,176,7,'2025-02-18 18:25:01','1'),(513,97,6,'2025-02-18 18:25:01','1'),(514,31,10,'2025-02-18 18:25:01','1'),(516,2,6,'2025-02-18 18:25:01','1'),(517,272,4,'2025-02-18 18:25:01','1'),(518,211,10,'2025-02-18 18:25:01','1'),(519,12,9,'2025-02-18 18:25:01','1'),(520,401,2,'2025-02-18 18:25:01','1'),(521,321,9,'2025-02-18 18:25:01','1'),(522,484,3,'2025-02-18 18:25:01','1'),(523,28,8,'2025-02-18 18:25:01','1'),(525,411,4,'2025-02-18 18:25:01','1'),(527,11,3,'2025-02-18 18:25:01','1'),(528,119,1,'2025-02-18 18:25:01','1'),(529,41,8,'2025-02-18 18:25:01','1'),(530,160,9,'2025-02-18 18:25:01','1'),(531,450,5,'2025-02-18 18:25:01','1'),(532,320,9,'2025-02-18 18:25:01','1'),(533,194,9,'2025-02-18 18:25:01','1'),(534,365,4,'2025-02-18 18:25:01','1'),(535,160,4,'2025-02-18 18:25:01','1'),(536,91,7,'2025-02-18 18:25:01','1'),(537,278,5,'2025-02-18 18:25:01','1'),(538,479,7,'2025-02-18 18:25:01','1'),(539,37,7,'2025-02-18 18:25:01','1'),(540,91,6,'2025-02-18 18:25:01','1'),(541,304,3,'2025-02-18 18:25:01','1'),(542,224,10,'2025-02-18 18:25:01','1'),(543,388,8,'2025-02-18 18:25:01','1'),(544,355,2,'2025-02-18 18:25:01','1'),(545,238,6,'2025-02-18 18:25:01','1'),(546,110,7,'2025-02-18 18:25:01','1'),(547,394,8,'2025-02-18 18:25:01','1'),(548,152,6,'2025-02-18 18:25:01','1'),(550,159,3,'2025-02-18 18:25:01','1'),(551,34,9,'2025-02-18 18:25:01','1'),(552,277,2,'2025-02-18 18:25:01','1'),(553,59,10,'2025-02-18 18:25:01','1'),(554,426,3,'2025-02-18 18:25:01','1'),(555,16,10,'2025-02-18 18:25:01','1'),(556,398,8,'2025-02-18 18:25:01','1'),(558,498,5,'2025-02-18 18:25:01','1'),(559,185,8,'2025-02-18 18:25:01','1'),(562,31,2,'2025-02-18 18:25:01','1'),(563,402,8,'2025-02-18 18:25:01','1'),(564,415,1,'2025-02-18 18:25:01','1'),(566,407,10,'2025-02-18 18:25:01','1'),(567,455,2,'2025-02-18 18:25:01','1'),(568,5,6,'2025-02-18 18:25:01','1'),(569,184,3,'2025-02-18 18:25:01','1'),(570,231,3,'2025-02-18 18:25:01','1'),(571,149,3,'2025-02-18 18:25:01','1'),(572,108,7,'2025-02-18 18:25:01','1'),(573,138,6,'2025-02-18 18:25:01','1'),(574,210,2,'2025-02-18 18:25:01','1'),(575,101,9,'2025-02-18 18:25:01','1'),(577,268,4,'2025-02-18 18:25:01','1'),(578,434,10,'2025-02-18 18:25:01','1'),(579,87,8,'2025-02-18 18:25:01','1'),(580,337,4,'2025-02-18 18:25:01','1'),(581,43,8,'2025-02-18 18:25:01','1'),(582,304,7,'2025-02-18 18:25:01','1'),(583,307,5,'2025-02-18 18:25:01','1'),(584,200,10,'2025-02-18 18:25:01','1'),(585,146,2,'2025-02-18 18:25:01','1'),(587,211,6,'2025-02-18 18:25:01','1'),(588,280,8,'2025-02-18 18:25:01','1'),(589,449,7,'2025-02-18 18:25:01','1'),(590,115,6,'2025-02-18 18:25:01','1'),(591,226,1,'2025-02-18 18:25:01','1'),(592,472,7,'2025-02-18 18:25:01','1'),(593,170,3,'2025-02-18 18:25:01','1'),(594,459,7,'2025-02-18 18:25:01','1'),(595,94,2,'2025-02-18 18:25:01','1'),(596,493,7,'2025-02-18 18:25:01','1'),(597,42,6,'2025-02-18 18:25:01','1'),(598,430,9,'2025-02-18 18:25:01','1'),(600,448,3,'2025-02-18 18:25:01','1'),(601,309,7,'2025-02-18 18:25:01','1'),(602,406,8,'2025-02-18 18:25:01','1'),(603,51,4,'2025-02-18 18:25:01','1'),(604,170,7,'2025-02-18 18:25:01','1'),(605,270,1,'2025-02-18 18:25:01','1'),(606,264,5,'2025-02-18 18:25:01','1'),(607,160,5,'2025-02-18 18:25:01','1'),(608,312,9,'2025-02-18 18:25:01','1'),(609,17,10,'2025-02-18 18:25:01','1'),(610,1,4,'2025-02-18 18:25:01','1'),(611,426,4,'2025-02-18 18:25:01','1'),(612,380,3,'2025-02-18 18:25:01','1'),(614,157,5,'2025-02-18 18:25:01','1'),(616,451,3,'2025-02-18 18:25:01','1'),(617,461,3,'2025-02-18 18:25:01','1'),(618,474,7,'2025-02-18 18:25:01','1'),(619,224,5,'2025-02-18 18:25:01','1'),(620,416,8,'2025-02-18 18:25:01','1'),(621,132,5,'2025-02-18 18:25:01','1'),(622,335,5,'2025-02-18 18:25:01','1'),(623,37,9,'2025-02-18 18:25:01','1'),(624,338,3,'2025-02-18 18:25:01','1'),(625,76,9,'2025-02-18 18:25:01','1'),(627,435,10,'2025-02-18 18:25:01','1'),(629,500,10,'2025-02-18 18:25:01','1'),(631,19,7,'2025-02-18 18:25:01','1'),(632,445,8,'2025-02-18 18:25:01','1'),(633,499,3,'2025-02-18 18:25:01','1'),(634,346,3,'2025-02-18 18:25:01','1'),(635,457,6,'2025-02-18 18:25:01','1'),(636,362,9,'2025-02-18 18:25:01','1'),(638,237,9,'2025-02-18 18:25:01','1'),(639,155,5,'2025-02-18 18:25:01','1'),(640,20,1,'2025-02-18 18:25:01','1'),(641,369,5,'2025-02-18 18:25:01','1'),(642,428,6,'2025-02-18 18:25:01','1'),(643,266,4,'2025-02-18 18:25:01','1'),(644,281,5,'2025-02-18 18:25:01','1'),(645,99,7,'2025-02-18 18:25:01','1'),(646,484,8,'2025-02-18 18:25:01','1'),(647,115,8,'2025-02-18 18:25:01','1'),(648,124,3,'2025-02-18 18:25:01','1'),(649,416,4,'2025-02-18 18:25:01','1'),(650,53,4,'2025-02-18 18:25:01','1'),(651,85,3,'2025-02-18 18:25:01','1'),(652,52,4,'2025-02-18 18:25:01','1'),(653,123,2,'2025-02-18 18:25:01','1'),(654,94,1,'2025-02-18 18:25:01','1'),(655,208,5,'2025-02-18 18:25:01','1'),(656,106,4,'2025-02-18 18:25:01','1'),(658,173,9,'2025-02-18 18:25:01','1'),(659,430,10,'2025-02-18 18:25:01','1'),(660,164,7,'2025-02-18 18:25:01','1'),(662,278,9,'2025-02-18 18:25:01','1'),(663,454,7,'2025-02-18 18:25:01','1'),(664,340,9,'2025-02-18 18:25:01','1'),(665,366,4,'2025-02-18 18:25:01','1'),(666,223,8,'2025-02-18 18:25:01','1'),(667,472,1,'2025-02-18 18:25:01','1'),(669,472,8,'2025-02-18 18:25:01','1'),(670,312,1,'2025-02-18 18:25:01','1'),(672,196,8,'2025-02-18 18:25:01','1'),(673,206,6,'2025-02-18 18:25:01','1'),(674,343,4,'2025-02-18 18:25:01','1'),(677,68,10,'2025-02-18 18:25:01','1'),(679,299,1,'2025-02-18 18:25:01','1'),(680,136,3,'2025-02-18 18:25:01','1'),(681,437,8,'2025-02-18 18:25:01','1'),(682,15,8,'2025-02-18 18:25:01','1'),(683,278,3,'2025-02-18 18:25:01','1'),(685,403,3,'2025-02-18 18:25:01','1'),(687,166,1,'2025-02-18 18:25:01','1'),(688,32,10,'2025-02-18 18:25:01','1'),(690,352,8,'2025-02-18 18:25:01','1'),(691,469,4,'2025-02-18 18:25:01','1'),(692,26,4,'2025-02-18 18:25:01','1'),(693,131,10,'2025-02-18 18:25:01','1'),(694,247,10,'2025-02-18 18:25:01','1'),(695,486,8,'2025-02-18 18:25:01','1'),(696,43,3,'2025-02-18 18:25:01','1'),(697,405,6,'2025-02-18 18:25:01','1'),(698,191,6,'2025-02-18 18:25:01','1'),(699,69,9,'2025-02-18 18:25:01','1'),(700,94,8,'2025-02-18 18:25:01','1'),(701,445,3,'2025-02-18 18:25:01','1'),(702,425,4,'2025-02-18 18:25:01','1'),(703,264,10,'2025-02-18 18:25:01','1'),(704,386,1,'2025-02-18 18:25:01','1'),(705,447,2,'2025-02-18 18:25:01','1'),(707,446,3,'2025-02-18 18:25:01','1'),(708,67,7,'2025-02-18 18:25:01','1'),(709,500,7,'2025-02-18 18:25:01','1'),(710,122,1,'2025-02-18 18:25:01','1'),(711,279,8,'2025-02-18 18:25:01','1'),(712,285,1,'2025-02-18 18:25:01','1'),(713,363,8,'2025-02-18 18:25:01','1'),(714,262,3,'2025-02-18 18:25:01','1'),(715,160,6,'2025-02-18 18:25:01','1'),(716,86,4,'2025-02-18 18:25:01','1'),(717,348,4,'2025-02-18 18:25:01','1'),(718,317,4,'2025-02-18 18:25:01','1'),(719,342,5,'2025-02-18 18:25:01','1'),(720,244,3,'2025-02-18 18:25:01','1'),(722,418,2,'2025-02-18 18:25:01','1'),(724,455,4,'2025-02-18 18:25:01','1'),(726,277,1,'2025-02-18 18:25:01','1'),(728,66,9,'2025-02-18 18:25:01','1'),(731,443,8,'2025-02-18 18:25:01','1'),(732,462,10,'2025-02-18 18:25:01','1'),(733,165,5,'2025-02-18 18:25:01','1'),(734,224,4,'2025-02-18 18:25:01','1'),(735,353,3,'2025-02-18 18:25:01','1'),(737,496,6,'2025-02-18 18:25:01','1'),(738,405,8,'2025-02-18 18:25:01','1'),(739,269,9,'2025-02-18 18:25:01','1'),(740,335,1,'2025-02-18 18:25:01','1'),(741,246,5,'2025-02-18 18:25:01','1'),(742,288,10,'2025-02-18 18:25:01','1'),(743,168,7,'2025-02-18 18:25:01','1'),(745,245,2,'2025-02-18 18:25:01','1'),(747,259,3,'2025-02-18 18:25:01','1'),(748,167,10,'2025-02-18 18:25:01','1'),(749,347,6,'2025-02-18 18:25:01','1'),(752,74,6,'2025-02-18 18:25:01','1'),(753,228,8,'2025-02-18 18:25:01','1'),(754,492,10,'2025-02-18 18:25:01','1'),(755,349,6,'2025-02-18 18:25:01','1'),(756,391,1,'2025-02-18 18:25:01','1'),(757,472,5,'2025-02-18 18:25:01','1'),(758,265,2,'2025-02-18 18:25:01','1'),(759,192,1,'2025-02-18 18:25:01','1'),(760,239,5,'2025-02-18 18:25:01','1'),(761,280,6,'2025-02-18 18:25:01','1'),(762,490,9,'2025-02-18 18:25:01','1'),(763,431,4,'2025-02-18 18:25:01','1'),(764,96,7,'2025-02-18 18:25:01','1'),(765,443,5,'2025-02-18 18:25:01','1'),(766,227,6,'2025-02-18 18:25:01','1'),(767,375,6,'2025-02-18 18:25:01','1'),(768,203,8,'2025-02-18 18:25:01','1'),(770,153,6,'2025-02-18 18:25:01','1'),(771,208,2,'2025-02-18 18:25:01','1'),(772,96,3,'2025-02-18 18:25:01','1'),(773,482,10,'2025-02-18 18:25:01','1'),(774,336,10,'2025-02-18 18:25:01','1'),(775,226,10,'2025-02-18 18:25:01','1'),(776,74,2,'2025-02-18 18:25:01','1'),(777,164,3,'2025-02-18 18:25:01','1'),(778,174,5,'2025-02-18 18:25:01','1'),(779,333,5,'2025-02-18 18:25:01','1'),(780,481,9,'2025-02-18 18:25:01','1'),(781,242,2,'2025-02-18 18:25:01','1'),(782,257,9,'2025-02-18 18:25:01','1'),(783,390,5,'2025-02-18 18:25:01','1'),(786,242,8,'2025-02-18 18:25:01','1'),(787,262,1,'2025-02-18 18:25:01','1'),(788,90,7,'2025-02-18 18:25:01','1'),(789,251,4,'2025-02-18 18:25:01','1'),(791,54,5,'2025-02-18 18:25:01','1'),(793,155,2,'2025-02-18 18:25:01','1'),(795,319,8,'2025-02-18 18:25:01','1'),(796,279,7,'2025-02-18 18:25:01','1'),(797,191,2,'2025-02-18 18:25:01','1'),(798,153,2,'2025-02-18 18:25:01','1'),(799,113,6,'2025-02-18 18:25:01','1'),(800,452,1,'2025-02-18 18:25:01','1'),(801,405,2,'2025-02-18 18:25:01','1'),(802,475,3,'2025-02-18 18:25:01','1'),(803,43,2,'2025-02-18 18:25:01','1'),(804,435,4,'2025-02-18 18:25:01','1'),(805,215,3,'2025-02-18 18:25:01','1'),(806,204,2,'2025-02-18 18:25:01','1'),(807,167,5,'2025-02-18 18:25:01','1'),(808,108,4,'2025-02-18 18:25:01','1'),(809,328,10,'2025-02-18 18:25:01','1'),(810,309,10,'2025-02-18 18:25:01','1'),(811,374,3,'2025-02-18 18:25:01','1'),(813,63,8,'2025-02-18 18:25:01','1'),(814,217,2,'2025-02-18 18:25:01','1'),(815,319,10,'2025-02-18 18:25:01','1'),(816,53,7,'2025-02-18 18:25:01','1'),(817,61,2,'2025-02-18 18:25:01','1'),(818,56,6,'2025-02-18 18:25:01','1'),(819,475,10,'2025-02-18 18:25:01','1'),(820,349,4,'2025-02-18 18:25:01','1'),(821,496,2,'2025-02-18 18:25:01','1'),(822,97,9,'2025-02-18 18:25:01','1'),(823,310,5,'2025-02-18 18:25:01','1'),(824,423,2,'2025-02-18 18:25:01','1'),(825,9,1,'2025-02-18 18:25:01','1'),(826,244,1,'2025-02-18 18:25:01','1'),(827,283,2,'2025-02-18 18:25:01','1'),(828,145,5,'2025-02-18 18:25:01','1'),(829,306,3,'2025-02-18 18:25:01','1'),(831,156,3,'2025-02-18 18:25:01','1'),(832,477,10,'2025-02-18 18:25:01','1'),(833,216,2,'2025-02-18 18:25:01','1'),(834,12,4,'2025-02-18 18:25:01','1'),(835,432,2,'2025-02-18 18:25:01','1'),(836,268,3,'2025-02-18 18:25:01','1'),(837,10,10,'2025-02-18 18:25:01','1'),(838,160,2,'2025-02-18 18:25:01','1'),(839,385,4,'2025-02-18 18:25:01','1'),(840,222,1,'2025-02-18 18:25:01','1'),(841,344,1,'2025-02-18 18:25:01','1'),(842,297,6,'2025-02-18 18:25:01','1'),(843,407,1,'2025-02-18 18:25:01','1'),(845,355,1,'2025-02-18 18:25:01','1'),(846,167,4,'2025-02-18 18:25:01','1'),(847,381,9,'2025-02-18 18:25:01','1'),(849,141,10,'2025-02-18 18:25:01','1'),(850,18,9,'2025-02-18 18:25:01','1'),(851,493,5,'2025-02-18 18:25:01','1'),(852,373,4,'2025-02-18 18:25:01','1'),(853,345,3,'2025-02-18 18:25:01','1'),(854,35,9,'2025-02-18 18:25:01','1'),(855,402,9,'2025-02-18 18:25:01','1'),(856,382,7,'2025-02-18 18:25:01','1'),(857,233,4,'2025-02-18 18:25:01','1'),(858,207,9,'2025-02-18 18:25:01','1'),(859,294,6,'2025-02-18 18:25:01','1'),(860,104,4,'2025-02-18 18:25:01','1'),(862,209,7,'2025-02-18 18:25:01','1'),(863,10,9,'2025-02-18 18:25:01','1'),(864,392,8,'2025-02-18 18:25:01','1'),(865,243,4,'2025-02-18 18:25:01','1'),(866,447,3,'2025-02-18 18:25:01','1'),(868,288,2,'2025-02-18 18:25:01','1'),(869,488,8,'2025-02-18 18:25:01','1'),(870,42,10,'2025-02-18 18:25:01','1'),(871,252,7,'2025-02-18 18:25:01','1'),(872,451,1,'2025-02-18 18:25:01','1'),(873,363,6,'2025-02-18 18:25:01','1'),(874,59,4,'2025-02-18 18:25:01','1'),(875,368,5,'2025-02-18 18:25:01','1'),(876,383,8,'2025-02-18 18:25:01','1'),(877,419,2,'2025-02-18 18:25:01','1'),(878,465,7,'2025-02-18 18:25:01','1'),(879,80,3,'2025-02-18 18:25:01','1'),(880,197,10,'2025-02-18 18:25:01','1'),(881,274,10,'2025-02-18 18:25:01','1'),(882,55,4,'2025-02-18 18:25:01','1'),(883,381,1,'2025-02-18 18:25:01','1'),(884,46,7,'2025-02-18 18:25:01','1'),(885,266,2,'2025-02-18 18:25:01','1'),(887,229,6,'2025-02-18 18:25:01','1'),(888,215,4,'2025-02-18 18:25:01','1'),(889,443,4,'2025-02-18 18:25:01','1'),(890,98,9,'2025-02-18 18:25:01','1'),(891,177,2,'2025-02-18 18:25:01','1'),(892,364,9,'2025-02-18 18:25:01','1'),(893,286,1,'2025-02-18 18:25:01','1'),(894,483,5,'2025-02-18 18:25:01','1'),(895,390,8,'2025-02-18 18:25:01','1'),(896,12,10,'2025-02-18 18:25:01','1'),(897,329,2,'2025-02-18 18:25:01','1'),(899,141,2,'2025-02-18 18:25:01','1'),(900,149,10,'2025-02-18 18:25:01','1'),(901,452,10,'2025-02-18 18:25:01','1'),(902,455,9,'2025-02-18 18:25:01','1'),(903,106,1,'2025-02-18 18:25:01','1'),(904,235,10,'2025-02-18 18:25:01','1'),(905,383,10,'2025-02-18 18:25:01','1'),(906,11,7,'2025-02-18 18:25:01','1'),(908,128,4,'2025-02-18 18:25:01','1'),(910,274,7,'2025-02-18 18:25:01','1'),(911,318,8,'2025-02-18 18:25:01','1'),(912,168,9,'2025-02-18 18:25:01','1'),(913,263,8,'2025-02-18 18:25:01','1'),(914,463,3,'2025-02-18 18:25:01','1'),(915,246,2,'2025-02-18 18:25:01','1'),(916,195,1,'2025-02-18 18:25:01','1'),(918,492,2,'2025-02-18 18:25:01','1'),(919,230,6,'2025-02-18 18:25:01','1'),(920,244,8,'2025-02-18 18:25:01','1'),(921,105,5,'2025-02-18 18:25:01','1'),(922,473,10,'2025-02-18 18:25:01','1'),(923,353,10,'2025-02-18 18:25:01','1'),(924,133,6,'2025-02-18 18:25:01','1'),(926,321,5,'2025-02-18 18:25:01','1'),(927,116,3,'2025-02-18 18:25:01','1'),(928,416,6,'2025-02-18 18:25:01','1'),(929,114,4,'2025-02-18 18:25:01','1'),(930,137,8,'2025-02-18 18:25:01','1'),(931,360,4,'2025-02-18 18:25:01','1'),(932,180,6,'2025-02-18 18:25:01','1'),(933,102,5,'2025-02-18 18:25:01','1'),(934,39,3,'2025-02-18 18:25:01','1'),(935,50,6,'2025-02-18 18:25:01','1'),(936,378,3,'2025-02-18 18:25:01','1'),(937,16,5,'2025-02-18 18:25:01','1'),(939,293,2,'2025-02-18 18:25:01','1'),(940,9,3,'2025-02-18 18:25:01','1'),(941,14,8,'2025-02-18 18:25:01','1'),(942,239,7,'2025-02-18 18:25:01','1'),(943,110,9,'2025-02-18 18:25:01','1'),(944,431,2,'2025-02-18 18:25:01','1'),(945,123,1,'2025-02-18 18:25:01','1'),(946,380,1,'2025-02-18 18:25:01','1'),(947,404,5,'2025-02-18 18:25:01','1'),(948,178,8,'2025-02-18 18:25:01','1'),(949,181,7,'2025-02-18 18:25:01','1'),(950,122,10,'2025-02-18 18:25:01','1'),(951,312,7,'2025-02-18 18:25:01','1'),(953,27,7,'2025-02-18 18:25:01','1'),(955,290,7,'2025-02-18 18:25:01','1'),(956,228,10,'2025-02-18 18:25:01','1'),(957,330,6,'2025-02-18 18:25:01','1'),(959,283,6,'2025-02-18 18:25:01','1'),(961,447,4,'2025-02-18 18:25:01','1'),(962,366,10,'2025-02-18 18:25:01','1'),(963,460,10,'2025-02-18 18:25:01','1'),(964,479,6,'2025-02-18 18:25:01','1'),(965,35,2,'2025-02-18 18:25:01','1'),(966,121,7,'2025-02-18 18:25:01','1'),(967,132,3,'2025-02-18 18:25:01','1'),(969,311,2,'2025-02-18 18:25:01','1'),(970,146,1,'2025-02-18 18:25:01','1'),(971,119,10,'2025-02-18 18:25:01','1'),(973,297,9,'2025-02-18 18:25:01','1'),(974,492,1,'2025-02-18 18:25:01','1'),(975,195,3,'2025-02-18 18:25:01','1'),(976,20,8,'2025-02-18 18:25:01','1'),(977,175,1,'2025-02-18 18:25:01','1'),(978,482,8,'2025-02-18 18:25:01','1'),(979,193,9,'2025-02-18 18:25:01','1'),(980,203,10,'2025-02-18 18:25:01','1'),(981,283,10,'2025-02-18 18:25:01','1'),(982,329,4,'2025-02-18 18:25:01','1'),(983,88,1,'2025-02-18 18:25:01','1'),(985,48,2,'2025-02-18 18:25:01','1'),(986,268,7,'2025-02-18 18:25:01','1'),(987,98,4,'2025-02-18 18:25:01','1'),(988,94,6,'2025-02-18 18:25:01','1'),(989,349,3,'2025-02-18 18:25:01','1'),(990,188,9,'2025-02-18 18:25:01','1'),(991,375,10,'2025-02-18 18:25:01','1'),(992,363,7,'2025-02-18 18:25:01','1'),(993,260,1,'2025-02-18 18:25:01','1'),(995,196,4,'2025-02-18 18:25:01','1'),(996,68,1,'2025-02-18 18:25:01','1'),(997,233,7,'2025-02-18 18:25:01','1'),(998,263,5,'2025-02-18 18:25:01','1'),(999,487,9,'2025-02-18 18:25:01','1'),(1001,285,5,'2025-02-18 18:25:01','1'),(1002,106,7,'2025-02-18 18:25:01','1'),(1003,61,5,'2025-02-18 18:25:01','1'),(1004,259,5,'2025-02-18 18:25:01','1'),(1005,213,6,'2025-02-18 18:25:01','1'),(1006,64,1,'2025-02-18 18:25:01','1'),(1007,258,10,'2025-02-18 18:25:01','1'),(1008,190,2,'2025-02-18 18:25:01','1'),(1009,177,8,'2025-02-18 18:25:01','1'),(1011,351,7,'2025-02-18 18:25:01','1'),(1013,189,2,'2025-02-18 18:25:01','1'),(1014,361,5,'2025-02-18 18:25:01','1'),(1015,86,2,'2025-02-18 18:25:01','1'),(1016,354,9,'2025-02-18 18:25:01','1'),(1017,250,7,'2025-02-18 18:25:01','1'),(1018,433,2,'2025-02-18 18:25:01','1'),(1019,368,6,'2025-02-18 18:25:01','1'),(1020,237,7,'2025-02-18 18:25:01','1'),(1021,128,1,'2025-02-18 18:25:01','1'),(1024,497,4,'2025-02-18 18:25:01','1'),(1025,341,8,'2025-02-18 18:25:01','1'),(1026,51,9,'2025-02-18 18:25:01','1'),(1027,329,9,'2025-02-18 18:25:01','1'),(1028,193,2,'2025-02-18 18:25:01','1'),(1030,377,6,'2025-02-18 18:25:01','1'),(1031,492,7,'2025-02-18 18:25:01','1'),(1032,167,6,'2025-02-18 18:25:01','1'),(1034,262,8,'2025-02-18 18:25:01','1'),(1035,19,2,'2025-02-18 18:25:01','1'),(1036,457,3,'2025-02-18 18:25:01','1'),(1037,193,5,'2025-02-18 18:25:01','1'),(1040,108,6,'2025-02-18 18:25:01','1'),(1041,188,4,'2025-02-18 18:25:01','1'),(1042,229,2,'2025-02-18 18:25:01','1'),(1043,208,8,'2025-02-18 18:25:01','1'),(1044,305,10,'2025-02-18 18:25:01','1'),(1045,280,7,'2025-02-18 18:25:01','1'),(1046,396,1,'2025-02-18 18:25:01','1'),(1049,52,5,'2025-02-18 18:25:01','1'),(1050,249,8,'2025-02-18 18:25:01','1'),(1051,390,2,'2025-02-18 18:25:01','1'),(1052,471,7,'2025-02-18 18:25:01','1'),(1053,159,10,'2025-02-18 18:25:01','1'),(1054,15,7,'2025-02-18 18:25:01','1'),(1056,289,7,'2025-02-18 18:25:01','1'),(1057,101,4,'2025-02-18 18:25:01','1'),(1058,141,8,'2025-02-18 18:25:01','1'),(1059,57,9,'2025-02-18 18:25:01','1'),(1062,94,7,'2025-02-18 18:25:01','1'),(1063,135,7,'2025-02-18 18:25:01','1'),(1066,463,10,'2025-02-18 18:25:01','1'),(1067,452,3,'2025-02-18 18:25:01','1'),(1068,458,5,'2025-02-18 18:25:01','1'),(1070,377,1,'2025-02-18 18:25:01','1'),(1071,124,1,'2025-02-18 18:25:01','1'),(1072,277,3,'2025-02-18 18:25:01','1'),(1073,440,7,'2025-02-18 18:25:01','1'),(1074,312,5,'2025-02-18 18:25:01','1'),(1075,447,10,'2025-02-18 18:25:01','1'),(1076,493,4,'2025-02-18 18:25:01','1'),(1078,137,10,'2025-02-18 18:25:01','1'),(1079,128,9,'2025-02-18 18:25:01','1'),(1082,263,9,'2025-02-18 18:25:01','1'),(1084,169,9,'2025-02-18 18:25:01','1'),(1085,217,8,'2025-02-18 18:25:01','1'),(1086,457,4,'2025-02-18 18:25:01','1'),(1087,144,4,'2025-02-18 18:25:01','1'),(1090,92,10,'2025-02-18 18:25:01','1'),(1091,363,10,'2025-02-18 18:25:01','1'),(1092,184,1,'2025-02-18 18:25:01','1'),(1093,299,9,'2025-02-18 18:25:01','1'),(1095,365,8,'2025-02-18 18:25:01','1'),(1096,24,10,'2025-02-18 18:25:01','1'),(1097,153,8,'2025-02-18 18:25:01','1'),(1098,406,3,'2025-02-18 18:25:01','1'),(1099,34,5,'2025-02-18 18:25:01','1'),(1101,452,2,'2025-02-18 18:25:01','1'),(1102,433,9,'2025-02-18 18:25:01','1'),(1103,480,9,'2025-02-18 18:25:01','1'),(1104,357,1,'2025-02-18 18:25:01','1'),(1106,58,7,'2025-02-18 18:25:01','1'),(1107,217,10,'2025-02-18 18:25:01','1'),(1108,34,3,'2025-02-18 18:25:01','1'),(1109,27,4,'2025-02-18 18:25:01','1'),(1111,359,10,'2025-02-18 18:25:01','1'),(1112,424,10,'2025-02-18 18:25:01','1'),(1114,99,2,'2025-02-18 18:25:01','1'),(1115,339,9,'2025-02-18 18:25:01','1'),(1117,494,10,'2025-02-18 18:25:01','1'),(1118,31,1,'2025-02-18 18:25:01','1'),(1119,376,1,'2025-02-18 18:25:01','1'),(1120,244,9,'2025-02-18 18:25:01','1'),(1121,410,3,'2025-02-18 18:25:01','1'),(1122,62,7,'2025-02-18 18:25:01','1'),(1124,7,3,'2025-02-18 18:25:01','1'),(1125,158,2,'2025-02-18 18:25:01','1'),(1126,90,6,'2025-02-18 18:25:01','1'),(1127,264,8,'2025-02-18 18:25:01','1'),(1128,417,9,'2025-02-18 18:25:01','1'),(1129,179,1,'2025-02-18 18:25:01','1'),(1130,121,4,'2025-02-18 18:25:01','1'),(1131,460,5,'2025-02-18 18:25:01','1'),(1132,231,7,'2025-02-18 18:25:01','1'),(1133,492,3,'2025-02-18 18:25:01','1'),(1134,277,5,'2025-02-18 18:25:01','1'),(1135,282,7,'2025-02-18 18:25:01','1'),(1136,95,2,'2025-02-18 18:25:01','1'),(1137,352,4,'2025-02-18 18:25:01','1'),(1138,352,10,'2025-02-18 18:25:01','1'),(1139,466,10,'2025-02-18 18:25:01','1'),(1140,356,3,'2025-02-18 18:25:01','1'),(1142,70,3,'2025-02-18 18:25:01','1'),(1144,420,5,'2025-02-18 18:25:01','1'),(1145,131,8,'2025-02-18 18:25:01','1'),(1146,153,9,'2025-02-18 18:25:01','1'),(1147,473,3,'2025-02-18 18:25:01','1'),(1148,232,2,'2025-02-18 18:25:01','1'),(1149,215,9,'2025-02-18 18:25:01','1'),(1153,197,8,'2025-02-18 18:25:01','1'),(1154,127,6,'2025-02-18 18:25:01','1'),(1155,173,2,'2025-02-18 18:25:01','1'),(1157,405,1,'2025-02-18 18:25:01','1'),(1158,255,2,'2025-02-18 18:25:01','1'),(1159,21,1,'2025-02-18 18:25:01','1'),(1162,410,9,'2025-02-18 18:25:01','1'),(1164,227,10,'2025-02-18 18:25:01','1'),(1166,82,7,'2025-02-18 18:25:01','1'),(1168,9,7,'2025-02-18 18:25:01','1'),(1169,327,8,'2025-02-18 18:25:01','1'),(1172,277,9,'2025-02-18 18:25:01','1'),(1173,395,3,'2025-02-18 18:25:01','1'),(1174,4,4,'2025-02-18 18:25:01','1'),(1175,15,2,'2025-02-18 18:25:01','1'),(1176,105,7,'2025-02-18 18:25:01','1'),(1178,458,4,'2025-02-18 18:25:01','1'),(1179,415,3,'2025-02-18 18:25:01','1'),(1180,60,8,'2025-02-18 18:25:01','1'),(1182,64,3,'2025-02-18 18:25:01','1'),(1183,421,4,'2025-02-18 18:25:01','1'),(1184,483,3,'2025-02-18 18:25:01','1'),(1185,376,2,'2025-02-18 18:25:01','1'),(1186,83,8,'2025-02-18 18:25:01','1'),(1188,182,10,'2025-02-18 18:25:01','1'),(1189,119,7,'2025-02-18 18:25:01','1'),(1190,170,5,'2025-02-18 18:25:01','1'),(1191,396,10,'2025-02-18 18:25:01','1'),(1192,7,9,'2025-02-18 18:25:01','1'),(1193,159,8,'2025-02-18 18:25:01','1'),(1194,198,5,'2025-02-18 18:25:01','1'),(1196,87,5,'2025-02-18 18:25:01','1'),(1197,399,2,'2025-02-18 18:25:01','1'),(1198,319,9,'2025-02-18 18:25:01','1'),(1199,110,6,'2025-02-18 18:25:01','1'),(1200,20,4,'2025-02-18 18:25:01','1'),(1201,36,2,'2025-02-18 18:25:01','1'),(1202,49,4,'2025-02-18 18:25:01','1'),(1204,298,6,'2025-02-18 18:25:01','1'),(1205,198,6,'2025-02-18 18:25:01','1'),(1206,499,8,'2025-02-18 18:25:01','1'),(1207,183,8,'2025-02-18 18:25:01','1'),(1208,38,10,'2025-02-18 18:25:01','1'),(1210,218,3,'2025-02-18 18:25:01','1'),(1211,352,2,'2025-02-18 18:25:01','1'),(1212,164,10,'2025-02-18 18:25:01','1'),(1213,395,10,'2025-02-18 18:25:01','1'),(1216,120,4,'2025-02-18 18:25:01','1'),(1218,497,1,'2025-02-18 18:25:01','1'),(1219,180,8,'2025-02-18 18:25:01','1'),(1223,336,8,'2025-02-18 18:25:01','1'),(1224,451,6,'2025-02-18 18:25:01','1'),(1225,396,5,'2025-02-18 18:25:01','1'),(1228,423,1,'2025-02-18 18:25:01','1'),(1229,387,10,'2025-02-18 18:25:01','1'),(1230,411,6,'2025-02-18 18:25:01','1'),(1231,23,8,'2025-02-18 18:25:01','1'),(1232,460,2,'2025-02-18 18:25:01','1'),(1233,261,6,'2025-02-18 18:25:01','1'),(1234,230,7,'2025-02-18 18:25:01','1'),(1236,182,4,'2025-02-18 18:25:01','1'),(1237,151,2,'2025-02-18 18:25:01','1'),(1238,300,1,'2025-02-18 18:25:01','1'),(1239,424,4,'2025-02-18 18:25:01','1'),(1241,70,10,'2025-02-18 18:25:01','1'),(1243,151,6,'2025-02-18 18:25:01','1'),(1244,454,9,'2025-02-18 18:25:01','1'),(1246,312,3,'2025-02-18 18:25:01','1'),(1247,357,10,'2025-02-18 18:25:01','1'),(1248,308,4,'2025-02-18 18:25:01','1'),(1249,267,9,'2025-02-18 18:25:01','1'),(1252,139,9,'2025-02-18 18:25:01','1'),(1253,39,8,'2025-02-18 18:25:01','1'),(1254,256,8,'2025-02-18 18:25:01','1'),(1255,411,5,'2025-02-18 18:25:01','1'),(1256,53,8,'2025-02-18 18:25:01','1'),(1257,462,8,'2025-02-18 18:25:01','1'),(1259,453,9,'2025-02-18 18:25:01','1'),(1260,99,1,'2025-02-18 18:25:01','1'),(1261,43,6,'2025-02-18 18:25:01','1');
/*!40000 ALTER TABLE `user_vs_category` ENABLE KEYS */;
UNLOCK TABLES;

--
-- Table structure for table `user_vs_email`
--

DROP TABLE IF EXISTS `user_vs_email`;
/*!40101 SET @saved_cs_client     = @@character_set_client */;
/*!40101 SET character_set_client = utf8 */;
CREATE TABLE `user_vs_email` (
  `user_vs_email_id` int(11) NOT NULL AUTO_INCREMENT,
  `user_id` int(11) NOT NULL,
  `email_id` varchar(255) NOT NULL,
  `is_active` enum('1','0') NOT NULL DEFAULT '1',
  `added_on` datetime DEFAULT current_timestamp(),
  PRIMARY KEY (`user_vs_email_id`),
  UNIQUE KEY `idx_unique_email_user` (`user_id`,`email_id`,`is_active`),
  CONSTRAINT `user_vs_email_user_id` FOREIGN KEY (`user_id`) REFERENCES `users` (`user_id`) ON DELETE NO ACTION ON UPDATE NO ACTION
) ENGINE=InnoDB AUTO_INCREMENT=501 DEFAULT CHARSET=latin1 COLLATE=latin1_swedish_ci;
/*!40101 SET character_set_client = @saved_cs_client */;

--
-- Dumping data for table `user_vs_email`
--

LOCK TABLES `user_vs_email` WRITE;
/*!40000 ALTER TABLE `user_vs_email` DISABLE KEYS */;
INSERT INTO `user_vs_email` VALUES (1,12,'abel.maclead@gmail.com','1','2025-02-18 23:55:20'),(2,326,'adelina.nabours@gmail.com','1','2025-02-18 23:55:20'),(3,449,'adell.lipkin@gmail.com','1','2025-02-18 23:55:20'),(4,435,'ahmed.angalich@gmail.com','1','2025-02-18 23:55:20'),(5,331,'aja.gehrett@gmail.com','1','2025-02-18 23:55:20'),(6,227,'alaine.bergesen@gmail.com','1','2025-02-18 23:55:20'),(7,34,'albina.glick@gmail.com','1','2025-02-18 23:55:20'),(8,101,'alease.buemi@gmail.com','1','2025-02-18 23:55:20'),(9,275,'alecia.bubash@gmail.com','1','2025-02-18 23:55:20'),(10,494,'alesia.hixenbaugh@gmail.com','1','2025-02-18 23:55:20'),(11,240,'alex.loader@gmail.com','1','2025-02-18 23:55:20'),(12,25,'alisha.slusarski@gmail.com','1','2025-02-18 23:55:20'),(13,35,'alishia.sergi@gmail.com','1','2025-02-18 23:55:20'),(14,208,'aliza.baltimore@gmail.com','1','2025-02-18 23:55:20'),(15,26,'allene.iturbide@gmail.com','1','2025-02-18 23:55:20'),(16,456,'alline.jeanty@gmail.com','1','2025-02-18 23:55:20'),(17,479,'alpha.palaia@gmail.com','1','2025-02-18 23:55:20'),(18,253,'alyce.arias@gmail.com','1','2025-02-18 23:55:20'),(19,57,'amber.monarrez@gmail.com','1','2025-02-18 23:55:20'),(20,310,'amie.perigo@gmail.com','1','2025-02-18 23:55:20'),(21,31,'ammie.corrio@gmail.com','1','2025-02-18 23:55:20'),(22,249,'an.fritz@gmail.com','1','2025-02-18 23:55:20'),(23,196,'andra.scheyer@gmail.com','1','2025-02-18 23:55:20'),(24,103,'angella.cetta@gmail.com','1','2025-02-18 23:55:20'),(25,178,'annabelle.boord@gmail.com','1','2025-02-18 23:55:20'),(26,396,'annelle.tagala@gmail.com','1','2025-02-18 23:55:20'),(27,441,'annmarie.castros@gmail.com','1','2025-02-18 23:55:20'),(28,431,'antione.onofrio@gmail.com','1','2025-02-18 23:55:20'),(29,100,'arlene.klusman@gmail.com','1','2025-02-18 23:55:20'),(30,83,'arlette.honeywell@gmail.com','1','2025-02-18 23:55:20'),(31,155,'arminda.parvis@gmail.com','1','2025-02-18 23:55:20'),(32,3,'art.venere@gmail.com','1','2025-02-18 23:55:20'),(33,407,'arthur.farrow@gmail.com','1','2025-02-18 23:55:20'),(34,203,'ashlyn.pinilla@gmail.com','1','2025-02-18 23:55:20'),(35,144,'audra.kohnert@gmail.com','1','2025-02-18 23:55:20'),(36,356,'audry.yaw@gmail.com','1','2025-02-18 23:55:20'),(37,221,'avery.steier@gmail.com','1','2025-02-18 23:55:20'),(38,317,'barbra.adkin@gmail.com','1','2025-02-18 23:55:20'),(39,201,'barrett.toyama@gmail.com','1','2025-02-18 23:55:20'),(40,136,'beatriz.corrington@gmail.com','1','2025-02-18 23:55:20'),(41,213,'beckie.silvestrini@gmail.com','1','2025-02-18 23:55:20'),(42,135,'becky.mirafuentes@gmail.com','1','2025-02-18 23:55:20'),(43,198,'belen.strassner@gmail.com','1','2025-02-18 23:55:20'),(44,252,'benedict.sama@gmail.com','1','2025-02-18 23:55:20'),(45,185,'benton.skursky@gmail.com','1','2025-02-18 23:55:20'),(46,412,'bernardine.rodefer@gmail.com','1','2025-02-18 23:55:20'),(47,30,'bernardo.figeroa@gmail.com','1','2025-02-18 23:55:20'),(48,21,'bette.nicka@gmail.com','1','2025-02-18 23:55:20'),(49,409,'billye.miro@gmail.com','1','2025-02-18 23:55:20'),(50,50,'blair.malet@gmail.com','1','2025-02-18 23:55:20'),(51,61,'blondell.pugh@gmail.com','1','2025-02-18 23:55:20'),(52,73,'bobbye.rhym@gmail.com','1','2025-02-18 23:55:20'),(53,130,'bok.isaacs@gmail.com','1','2025-02-18 23:55:20'),(54,118,'brandon.callaro@gmail.com','1','2025-02-18 23:55:20'),(55,403,'brett.mccullan@gmail.com','1','2025-02-18 23:55:20'),(56,448,'britt.galam@gmail.com','1','2025-02-18 23:55:20'),(57,496,'brittni.gillaspie@gmail.com','1','2025-02-18 23:55:20'),(58,51,'brock.bolognia@gmail.com','1','2025-02-18 23:55:20'),(59,268,'buddy.cloney@gmail.com','1','2025-02-18 23:55:20'),(60,143,'bulah.padilla@gmail.com','1','2025-02-18 23:55:20'),(61,320,'caitlin.julia@gmail.com','1','2025-02-18 23:55:20'),(62,15,'cammy.albares@gmail.com','1','2025-02-18 23:55:20'),(63,194,'candida.corbley@gmail.com','1','2025-02-18 23:55:20'),(64,438,'caprice.suell@gmail.com','1','2025-02-18 23:55:20'),(65,255,'carey.dopico@gmail.com','1','2025-02-18 23:55:20'),(66,160,'carin.deleo@gmail.com','1','2025-02-18 23:55:20'),(67,152,'carissa.batman@gmail.com','1','2025-02-18 23:55:20'),(68,491,'carlee.boulter@gmail.com','1','2025-02-18 23:55:20'),(69,96,'carma.vanheusen@gmail.com','1','2025-02-18 23:55:20'),(70,182,'carmela.cookey@gmail.com','1','2025-02-18 23:55:20'),(71,64,'carmelina.lindall@gmail.com','1','2025-02-18 23:55:20'),(72,284,'carmen.sweigard@gmail.com','1','2025-02-18 23:55:20'),(73,288,'casie.good@gmail.com','1','2025-02-18 23:55:20'),(74,447,'cassi.wildfong@gmail.com','1','2025-02-18 23:55:20'),(75,489,'catalina.tillotson@gmail.com','1','2025-02-18 23:55:20'),(76,421,'catarina.gleich@gmail.com','1','2025-02-18 23:55:20'),(77,291,'cathrine.pontoriero@gmail.com','1','2025-02-18 23:55:20'),(78,443,'cecil.lapage@gmail.com','1','2025-02-18 23:55:20'),(79,460,'cecilia.colaizzo@gmail.com','1','2025-02-18 23:55:20'),(80,63,'cecily.hollack@gmail.com','1','2025-02-18 23:55:20'),(81,106,'celeste.korando@gmail.com','1','2025-02-18 23:55:20'),(82,243,'ceola.setter@gmail.com','1','2025-02-18 23:55:20'),(83,27,'chanel.caudy@gmail.com','1','2025-02-18 23:55:20'),(84,161,'chantell.maynerich@gmail.com','1','2025-02-18 23:55:20'),(85,262,'charlene.hamilton@gmail.com','1','2025-02-18 23:55:20'),(86,148,'chau.kitzman@gmail.com','1','2025-02-18 23:55:20'),(87,500,'chauncey.motley@gmail.com','1','2025-02-18 23:55:20'),(88,233,'chaya.malvin@gmail.com','1','2025-02-18 23:55:20'),(89,313,'cherry.lietz@gmail.com','1','2025-02-18 23:55:20'),(90,150,'cheryl.haroldson@gmail.com','1','2025-02-18 23:55:20'),(91,306,'christiane.eschberger@gmail.com','1','2025-02-18 23:55:20'),(92,384,'ciara.ventura@gmail.com','1','2025-02-18 23:55:20'),(93,184,'claribel.varriano@gmail.com','1','2025-02-18 23:55:20'),(94,170,'clay.hoa@gmail.com','1','2025-02-18 23:55:20'),(95,433,'clorinda.heimann@gmail.com','1','2025-02-18 23:55:20'),(96,468,'colette.kardas@gmail.com','1','2025-02-18 23:55:20'),(97,401,'cordelia.storment@gmail.com','1','2025-02-18 23:55:20'),(98,336,'corinne.loder@gmail.com','1','2025-02-18 23:55:20'),(99,92,'cory.gibes@gmail.com','1','2025-02-18 23:55:20'),(100,453,'cristal.samara@gmail.com','1','2025-02-18 23:55:20'),(101,222,'cristy.lother@gmail.com','1','2025-02-18 23:55:20'),(102,104,'cyndy.goldammer@gmail.com','1','2025-02-18 23:55:20'),(103,379,'cyril.daufeldt@gmail.com','1','2025-02-18 23:55:20'),(104,269,'dalene.riden@gmail.com','1','2025-02-18 23:55:20'),(105,388,'dalene.schoeneck@gmail.com','1','2025-02-18 23:55:20'),(106,93,'danica.bruschke@gmail.com','1','2025-02-18 23:55:20'),(107,446,'daniel.perruzza@gmail.com','1','2025-02-18 23:55:20'),(108,459,'daniela.comnick@gmail.com','1','2025-02-18 23:55:20'),(109,145,'daren.weirather@gmail.com','1','2025-02-18 23:55:20'),(110,248,'daron.dinos@gmail.com','1','2025-02-18 23:55:20'),(111,397,'dean.ketelsen@gmail.com','1','2025-02-18 23:55:20'),(112,257,'deandrea.hughey@gmail.com','1','2025-02-18 23:55:20'),(113,60,'deeanna.juhas@gmail.com','1','2025-02-18 23:55:20'),(114,78,'delisa.crupi@gmail.com','1','2025-02-18 23:55:20'),(115,59,'delmy.ahle@gmail.com','1','2025-02-18 23:55:20'),(116,354,'denise.patak@gmail.com','1','2025-02-18 23:55:20'),(117,273,'deonna.kippley@gmail.com','1','2025-02-18 23:55:20'),(118,327,'derick.dhamer@gmail.com','1','2025-02-18 23:55:20'),(119,277,'detra.coyier@gmail.com','1','2025-02-18 23:55:20'),(120,124,'devora.perez@gmail.com','1','2025-02-18 23:55:20'),(121,81,'devorah.chickering@gmail.com','1','2025-02-18 23:55:20'),(122,475,'diane.devreese@gmail.com','1','2025-02-18 23:55:20'),(123,434,'dick.wenzinger@gmail.com','1','2025-02-18 23:55:20'),(124,162,'dierdre.yum@gmail.com','1','2025-02-18 23:55:20'),(125,84,'dominque.dickerson@gmail.com','1','2025-02-18 23:55:20'),(126,5,'donette.foller@gmail.com','1','2025-02-18 23:55:20'),(127,109,'donte.kines@gmail.com','1','2025-02-18 23:55:20'),(128,487,'dorothy.chesterfield@gmail.com','1','2025-02-18 23:55:20'),(129,166,'dorthy.hidvegi@gmail.com','1','2025-02-18 23:55:20'),(130,256,'dottie.hellickson@gmail.com','1','2025-02-18 23:55:20'),(131,337,'dulce.labreche@gmail.com','1','2025-02-18 23:55:20'),(132,42,'dyan.oldroyd@gmail.com','1','2025-02-18 23:55:20'),(133,228,'earleen.mai@gmail.com','1','2025-02-18 23:55:20'),(134,417,'eden.jayson@gmail.com','1','2025-02-18 23:55:20'),(135,111,'edna.miceli@gmail.com','1','2025-02-18 23:55:20'),(136,232,'eladia.saulter@gmail.com','1','2025-02-18 23:55:20'),(137,426,'elke.sengbusch@gmail.com','1','2025-02-18 23:55:20'),(138,455,'elli.mclaird@gmail.com','1','2025-02-18 23:55:20'),(139,68,'elly.morocco@gmail.com','1','2025-02-18 23:55:20'),(140,359,'elouise.gwalthney@gmail.com','1','2025-02-18 23:55:20'),(141,95,'elvera.benimadho@gmail.com','1','2025-02-18 23:55:20'),(142,80,'elza.lipke@gmail.com','1','2025-02-18 23:55:20'),(143,49,'emerson.bowley@gmail.com','1','2025-02-18 23:55:20'),(144,45,'erick.ferencz@gmail.com','1','2025-02-18 23:55:20'),(145,381,'erick.nievas@gmail.com','1','2025-02-18 23:55:20'),(146,312,'erinn.canlas@gmail.com','1','2025-02-18 23:55:20'),(147,342,'ernest.syrop@gmail.com','1','2025-02-18 23:55:20'),(148,33,'ernie.stenseth@gmail.com','1','2025-02-18 23:55:20'),(149,108,'estrella.samu@gmail.com','1','2025-02-18 23:55:20'),(150,416,'ettie.hoopengardner@gmail.com','1','2025-02-18 23:55:20'),(151,173,'eun.coody@gmail.com','1','2025-02-18 23:55:20'),(152,168,'evangelina.radde@gmail.com','1','2025-02-18 23:55:20'),(153,28,'ezekiel.chui@gmail.com','1','2025-02-18 23:55:20'),(154,309,'fabiola.hauenstein@gmail.com','1','2025-02-18 23:55:20'),(155,167,'fannie.lungren@gmail.com','1','2025-02-18 23:55:20'),(156,46,'fatima.saylors@gmail.com','1','2025-02-18 23:55:20'),(157,204,'fausto.agramonte@gmail.com','1','2025-02-18 23:55:20'),(158,197,'felicidad.poullion@gmail.com','1','2025-02-18 23:55:20'),(159,299,'felix.hirpara@gmail.com','1','2025-02-18 23:55:20'),(160,146,'fernanda.jillson@gmail.com','1','2025-02-18 23:55:20'),(161,292,'filiberto.tawil@gmail.com','1','2025-02-18 23:55:20'),(162,20,'fletcher.flosi@gmail.com','1','2025-02-18 23:55:20'),(163,498,'flo.bookamer@gmail.com','1','2025-02-18 23:55:20'),(164,324,'france.buzick@gmail.com','1','2025-02-18 23:55:20'),(165,32,'francine.vocelka@gmail.com','1','2025-02-18 23:55:20'),(166,211,'franklyn.emard@gmail.com','1','2025-02-18 23:55:20'),(167,215,'frederica.blunk@gmail.com','1','2025-02-18 23:55:20'),(168,217,'freeman.gochal@gmail.com','1','2025-02-18 23:55:20'),(169,387,'gail.kitty@gmail.com','1','2025-02-18 23:55:20'),(170,488,'gail.similton@gmail.com','1','2025-02-18 23:55:20'),(171,385,'galen.cantres@gmail.com','1','2025-02-18 23:55:20'),(172,280,'garry.keetch@gmail.com','1','2025-02-18 23:55:20'),(173,474,'gary.nunlee@gmail.com','1','2025-02-18 23:55:20'),(174,380,'gayla.schnitzler@gmail.com','1','2025-02-18 23:55:20'),(175,147,'gearldine.gellinger@gmail.com','1','2025-02-18 23:55:20'),(176,263,'geoffrey.acey@gmail.com','1','2025-02-18 23:55:20'),(177,190,'georgene.montezuma@gmail.com','1','2025-02-18 23:55:20'),(178,389,'gertude.witten@gmail.com','1','2025-02-18 23:55:20'),(179,483,'gilma.liukko@gmail.com','1','2025-02-18 23:55:20'),(180,18,'gladys.rim@gmail.com','1','2025-02-18 23:55:20'),(181,216,'glen.bartolet@gmail.com','1','2025-02-18 23:55:20'),(182,220,'glendora.sarbacher@gmail.com','1','2025-02-18 23:55:20'),(183,391,'glenn.berray@gmail.com','1','2025-02-18 23:55:20'),(184,410,'glenna.slayton@gmail.com','1','2025-02-18 23:55:20'),(185,116,'glory.kulzer@gmail.com','1','2025-02-18 23:55:20'),(186,477,'glory.schieler@gmail.com','1','2025-02-18 23:55:20'),(187,420,'golda.kaniecki@gmail.com','1','2025-02-18 23:55:20'),(188,307,'goldie.schirpke@gmail.com','1','2025-02-18 23:55:20'),(189,199,'gracia.melnyk@gmail.com','1','2025-02-18 23:55:20'),(190,14,'graciela.ruta@gmail.com','1','2025-02-18 23:55:20'),(191,159,'gregoria.pawlowicz@gmail.com','1','2025-02-18 23:55:20'),(192,234,'gwenn.suffield@gmail.com','1','2025-02-18 23:55:20'),(193,266,'harrison.haufler@gmail.com','1','2025-02-18 23:55:20'),(194,271,'haydee.denooyer@gmail.com','1','2025-02-18 23:55:20'),(195,254,'heike.berganza@gmail.com','1','2025-02-18 23:55:20'),(196,322,'helaine.halter@gmail.com','1','2025-02-18 23:55:20'),(197,347,'helene.rodenberger@gmail.com','1','2025-02-18 23:55:20'),(198,202,'helga.fredicks@gmail.com','1','2025-02-18 23:55:20'),(199,125,'herman.demesa@gmail.com','1','2025-02-18 23:55:20'),(200,318,'hermila.thyberg@gmail.com','1','2025-02-18 23:55:20'),(201,287,'herminia.nicolozakes@gmail.com','1','2025-02-18 23:55:20'),(202,186,'hillary.skulski@gmail.com','1','2025-02-18 23:55:20'),(203,427,'hoa.sarao@gmail.com','1','2025-02-18 23:55:20'),(204,132,'howard.paulas@gmail.com','1','2025-02-18 23:55:20'),(205,406,'hubert.walthall@gmail.com','1','2025-02-18 23:55:20'),(206,69,'ilene.eroman@gmail.com','1','2025-02-18 23:55:20'),(207,436,'iluminada.ohms@gmail.com','1','2025-02-18 23:55:20'),(208,172,'irma.wolfgramm@gmail.com','1','2025-02-18 23:55:20'),(209,463,'izetta.dewar@gmail.com','1','2025-02-18 23:55:20'),(210,372,'izetta.funnell@gmail.com','1','2025-02-18 23:55:20'),(211,378,'jaclyn.bachman@gmail.com','1','2025-02-18 23:55:20'),(212,450,'jacqueline.rowling@gmail.com','1','2025-02-18 23:55:20'),(213,261,'jade.farrar@gmail.com','1','2025-02-18 23:55:20'),(214,62,'jamal.vanausdal@gmail.com','1','2025-02-18 23:55:20'),(215,1,'james.butt@gmail.com','1','2025-02-18 23:55:20'),(216,484,'janey.gabisi@gmail.com','1','2025-02-18 23:55:20'),(217,499,'jani.biddy@gmail.com','1','2025-02-18 23:55:20'),(218,415,'janine.rhoden@gmail.com','1','2025-02-18 23:55:20'),(219,444,'jeanice.claucherty@gmail.com','1','2025-02-18 23:55:20'),(220,302,'jenelle.regusters@gmail.com','1','2025-02-18 23:55:20'),(221,382,'jennie.drymon@gmail.com','1','2025-02-18 23:55:20'),(222,171,'jennifer.fallick@gmail.com','1','2025-02-18 23:55:20'),(223,328,'jerry.dallen@gmail.com','1','2025-02-18 23:55:20'),(224,270,'jerry.zurcher@gmail.com','1','2025-02-18 23:55:20'),(225,471,'jess.chaffins@gmail.com','1','2025-02-18 23:55:20'),(226,113,'jesusa.shin@gmail.com','1','2025-02-18 23:55:20'),(227,319,'jesusita.flister@gmail.com','1','2025-02-18 23:55:20'),(228,191,'jettie.mconnell@gmail.com','1','2025-02-18 23:55:20'),(229,47,'jina.briddick@gmail.com','1','2025-02-18 23:55:20'),(230,437,'joanna.leinenbach@gmail.com','1','2025-02-18 23:55:20'),(231,177,'joesph.degonia@gmail.com','1','2025-02-18 23:55:20'),(232,72,'johnetta.abdallah@gmail.com','1','2025-02-18 23:55:20'),(233,267,'johnna.engelberg@gmail.com','1','2025-02-18 23:55:20'),(234,200,'jolanda.hanafan@gmail.com','1','2025-02-18 23:55:20'),(235,423,'jolene.ostolaza@gmail.com','1','2025-02-18 23:55:20'),(236,466,'joni.breland@gmail.com','1','2025-02-18 23:55:20'),(237,37,'jose.stockham@gmail.com','1','2025-02-18 23:55:20'),(238,272,'joseph.cryer@gmail.com','1','2025-02-18 23:55:20'),(239,2,'josephine.darakjy@gmail.com','1','2025-02-18 23:55:20'),(240,445,'josphine.villanueva@gmail.com','1','2025-02-18 23:55:20'),(241,493,'jovita.oles@gmail.com','1','2025-02-18 23:55:20'),(242,296,'judy.aquas@gmail.com','1','2025-02-18 23:55:20'),(243,183,'junita.brideau@gmail.com','1','2025-02-18 23:55:20'),(244,286,'junita.stoltzman@gmail.com','1','2025-02-18 23:55:20'),(245,325,'justine.ferrario@gmail.com','1','2025-02-18 23:55:20'),(246,231,'justine.mugnolo@gmail.com','1','2025-02-18 23:55:20'),(247,330,'jutta.amyot@gmail.com','1','2025-02-18 23:55:20'),(248,339,'kaitlyn.ogg@gmail.com','1','2025-02-18 23:55:20'),(249,71,'kallie.blackwood@gmail.com','1','2025-02-18 23:55:20'),(250,48,'kanisha.waycott@gmail.com','1','2025-02-18 23:55:20'),(251,195,'karan.karpin@gmail.com','1','2025-02-18 23:55:20'),(252,55,'karl.klonowski@gmail.com','1','2025-02-18 23:55:20'),(253,361,'kasandra.semidey@gmail.com','1','2025-02-18 23:55:20'),(254,338,'kate.keneipp@gmail.com','1','2025-02-18 23:55:20'),(255,40,'kati.rulapaugh@gmail.com','1','2025-02-18 23:55:20'),(256,238,'katina.polidori@gmail.com','1','2025-02-18 23:55:20'),(257,314,'kattie.vonasek@gmail.com','1','2025-02-18 23:55:20'),(258,298,'kayleigh.lace@gmail.com','1','2025-02-18 23:55:20'),(259,424,'keneth.borgman@gmail.com','1','2025-02-18 23:55:20'),(260,454,'kenneth.grenet@gmail.com','1','2025-02-18 23:55:20'),(261,165,'kerry.theodorov@gmail.com','1','2025-02-18 23:55:20'),(262,13,'kiley.caldarera@gmail.com','1','2025-02-18 23:55:20'),(263,258,'kimberlie.duenas@gmail.com','1','2025-02-18 23:55:20'),(264,133,'kimbery.madarang@gmail.com','1','2025-02-18 23:55:20'),(265,332,'kirk.herritt@gmail.com','1','2025-02-18 23:55:20'),(266,10,'kris.marrier@gmail.com','1','2025-02-18 23:55:20'),(267,364,'krissy.rauser@gmail.com','1','2025-02-18 23:55:20'),(268,301,'kristeen.turinetti@gmail.com','1','2025-02-18 23:55:20'),(269,357,'kristel.ehmann@gmail.com','1','2025-02-18 23:55:20'),(270,351,'kristofer.bennick@gmail.com','1','2025-02-18 23:55:20'),(271,88,'lai.gato@gmail.com','1','2025-02-18 23:55:20'),(272,495,'lai.harabedian@gmail.com','1','2025-02-18 23:55:20'),(273,163,'larae.gudroe@gmail.com','1','2025-02-18 23:55:20'),(274,392,'lashandra.klang@gmail.com','1','2025-02-18 23:55:20'),(275,345,'lashaunda.lizama@gmail.com','1','2025-02-18 23:55:20'),(276,341,'lashawnda.stuer@gmail.com','1','2025-02-18 23:55:20'),(277,241,'lashon.vizarro@gmail.com','1','2025-02-18 23:55:20'),(278,151,'laticia.merced@gmail.com','1','2025-02-18 23:55:20'),(279,164,'latrice.tolfree@gmail.com','1','2025-02-18 23:55:20'),(280,242,'lauran.burnard@gmail.com','1','2025-02-18 23:55:20'),(281,394,'laurel.pagliuca@gmail.com','1','2025-02-18 23:55:20'),(282,77,'laurel.reitler@gmail.com','1','2025-02-18 23:55:20'),(283,44,'lavera.perin@gmail.com','1','2025-02-18 23:55:20'),(284,285,'lavonda.hengel@gmail.com','1','2025-02-18 23:55:20'),(285,344,'lavonna.wolny@gmail.com','1','2025-02-18 23:55:20'),(286,490,'lawrence.lorens@gmail.com','1','2025-02-18 23:55:20'),(287,176,'layla.springe@gmail.com','1','2025-02-18 23:55:20'),(288,139,'leatha.hagele@gmail.com','1','2025-02-18 23:55:20'),(289,192,'lemuel.latzke@gmail.com','1','2025-02-18 23:55:20'),(290,393,'lenna.newville@gmail.com','1','2025-02-18 23:55:20'),(291,4,'lenna.paprocki@gmail.com','1','2025-02-18 23:55:20'),(292,229,'leonida.gobern@gmail.com','1','2025-02-18 23:55:20'),(293,333,'leonora.mauson@gmail.com','1','2025-02-18 23:55:20'),(294,8,'leota.dilliard@gmail.com','1','2025-02-18 23:55:20'),(295,329,'leota.ragel@gmail.com','1','2025-02-18 23:55:20'),(296,461,'leslie.threets@gmail.com','1','2025-02-18 23:55:20'),(297,85,'lettie.isenhower@gmail.com','1','2025-02-18 23:55:20'),(298,398,'levi.munis@gmail.com','1','2025-02-18 23:55:20'),(299,153,'lezlie.craghead@gmail.com','1','2025-02-18 23:55:20'),(300,305,'ligia.reiber@gmail.com','1','2025-02-18 23:55:20'),(301,485,'lili.paskin@gmail.com','1','2025-02-18 23:55:20'),(302,315,'lilli.scriven@gmail.com','1','2025-02-18 23:55:20'),(303,123,'lindsey.dilello@gmail.com','1','2025-02-18 23:55:20'),(304,366,'linn.paa@gmail.com','1','2025-02-18 23:55:20'),(305,99,'lisha.centini@gmail.com','1','2025-02-18 23:55:20'),(306,390,'lizbeth.kohl@gmail.com','1','2025-02-18 23:55:20'),(307,158,'lizette.stem@gmail.com','1','2025-02-18 23:55:20'),(308,452,'lonna.diestel@gmail.com','1','2025-02-18 23:55:20'),(309,451,'lonny.weglarz@gmail.com','1','2025-02-18 23:55:20'),(310,323,'lorean.martabano@gmail.com','1','2025-02-18 23:55:20'),(311,486,'loren.asar@gmail.com','1','2025-02-18 23:55:20'),(312,308,'loreta.timenez@gmail.com','1','2025-02-18 23:55:20'),(313,52,'lorrie.nestle@gmail.com','1','2025-02-18 23:55:20'),(314,245,'lorrine.worlds@gmail.com','1','2025-02-18 23:55:20'),(315,102,'louisa.cronauer@gmail.com','1','2025-02-18 23:55:20'),(316,355,'louvenia.beech@gmail.com','1','2025-02-18 23:55:20'),(317,129,'lucina.lary@gmail.com','1','2025-02-18 23:55:20'),(318,295,'lucy.treston@gmail.com','1','2025-02-18 23:55:20'),(319,432,'luisa.jurney@gmail.com','1','2025-02-18 23:55:20'),(320,418,'lynelle.auber@gmail.com','1','2025-02-18 23:55:20'),(321,276,'ma.layous@gmail.com','1','2025-02-18 23:55:20'),(322,363,'maile.linahan@gmail.com','1','2025-02-18 23:55:20'),(323,469,'malcolm.tromblay@gmail.com','1','2025-02-18 23:55:20'),(324,97,'malinda.hochard@gmail.com','1','2025-02-18 23:55:20'),(325,350,'margart.meisel@gmail.com','1','2025-02-18 23:55:20'),(326,206,'marge.limmel@gmail.com','1','2025-02-18 23:55:20'),(327,181,'marguerita.hiatt@gmail.com','1','2025-02-18 23:55:20'),(328,429,'mari.lueckenbach@gmail.com','1','2025-02-18 23:55:20'),(329,346,'mariann.bilden@gmail.com','1','2025-02-18 23:55:20'),(330,54,'marjory.mastella@gmail.com','1','2025-02-18 23:55:20'),(331,377,'markus.lukasik@gmail.com','1','2025-02-18 23:55:20'),(332,137,'marti.maybury@gmail.com','1','2025-02-18 23:55:20'),(333,259,'martina.staback@gmail.com','1','2025-02-18 23:55:20'),(334,247,'marvel.raymo@gmail.com','1','2025-02-18 23:55:20'),(335,24,'maryann.royster@gmail.com','1','2025-02-18 23:55:20'),(336,281,'matthew.neither@gmail.com','1','2025-02-18 23:55:20'),(337,16,'mattie.poquette@gmail.com','1','2025-02-18 23:55:20'),(338,65,'maurine.yglesias@gmail.com','1','2025-02-18 23:55:20'),(339,17,'meaghan.garufi@gmail.com','1','2025-02-18 23:55:20'),(340,141,'melissa.wiklund@gmail.com','1','2025-02-18 23:55:20'),(341,193,'melodie.knipp@gmail.com','1','2025-02-18 23:55:20'),(342,187,'merilyn.bayless@gmail.com','1','2025-02-18 23:55:20'),(343,419,'merissa.tomblin@gmail.com','1','2025-02-18 23:55:20'),(344,189,'merlyn.lawler@gmail.com','1','2025-02-18 23:55:20'),(345,74,'micaela.rhymes@gmail.com','1','2025-02-18 23:55:20'),(346,11,'minna.amigon@gmail.com','1','2025-02-18 23:55:20'),(347,395,'mireya.frerking@gmail.com','1','2025-02-18 23:55:20'),(348,290,'mirta.mallett@gmail.com','1','2025-02-18 23:55:20'),(349,383,'mitsue.scipione@gmail.com','1','2025-02-18 23:55:20'),(350,7,'mitsue.tollner@gmail.com','1','2025-02-18 23:55:20'),(351,411,'mitzie.hudnall@gmail.com','1','2025-02-18 23:55:20'),(352,402,'mollie.mcdoniel@gmail.com','1','2025-02-18 23:55:20'),(353,482,'mona.delasancha@gmail.com','1','2025-02-18 23:55:20'),(354,76,'moon.parlato@gmail.com','1','2025-02-18 23:55:20'),(355,209,'mozell.pelkowski@gmail.com','1','2025-02-18 23:55:20'),(356,244,'my.rantanen@gmail.com','1','2025-02-18 23:55:20'),(357,86,'myra.munns@gmail.com','1','2025-02-18 23:55:20'),(358,462,'nan.koppinger@gmail.com','1','2025-02-18 23:55:20'),(359,175,'nana.wrinkles@gmail.com','1','2025-02-18 23:55:20'),(360,98,'natalie.fern@gmail.com','1','2025-02-18 23:55:20'),(361,180,'nelida.sawchuk@gmail.com','1','2025-02-18 23:55:20'),(362,414,'nichelle.meteer@gmail.com','1','2025-02-18 23:55:20'),(363,473,'nickolas.juvera@gmail.com','1','2025-02-18 23:55:20'),(364,223,'nicolette.brossart@gmail.com','1','2025-02-18 23:55:20'),(365,138,'nieves.gotter@gmail.com','1','2025-02-18 23:55:20'),(366,283,'noah.kalafatis@gmail.com','1','2025-02-18 23:55:20'),(367,343,'nobuko.halsey@gmail.com','1','2025-02-18 23:55:20'),(368,207,'norah.waymire@gmail.com','1','2025-02-18 23:55:20'),(369,169,'novella.degroot@gmail.com','1','2025-02-18 23:55:20'),(370,458,'nu.mcnease@gmail.com','1','2025-02-18 23:55:20'),(371,304,'olive.matuszak@gmail.com','1','2025-02-18 23:55:20'),(372,120,'oretha.menter@gmail.com','1','2025-02-18 23:55:20'),(373,154,'ozell.shealy@gmail.com','1','2025-02-18 23:55:20'),(374,265,'pamella.fortino@gmail.com','1','2025-02-18 23:55:20'),(375,115,'pamella.schmierer@gmail.com','1','2025-02-18 23:55:20'),(376,367,'paris.wide@gmail.com','1','2025-02-18 23:55:20'),(377,376,'paz.sahagun@gmail.com','1','2025-02-18 23:55:20'),(378,246,'peggie.sturiale@gmail.com','1','2025-02-18 23:55:20'),(379,67,'penney.weight@gmail.com','1','2025-02-18 23:55:20'),(380,365,'pete.dubaldi@gmail.com','1','2025-02-18 23:55:20'),(381,250,'portia.stimmel@gmail.com','1','2025-02-18 23:55:20'),(382,369,'quentin.birkner@gmail.com','1','2025-02-18 23:55:20'),(383,440,'quentin.swayze@gmail.com','1','2025-02-18 23:55:20'),(384,311,'raina.brachle@gmail.com','1','2025-02-18 23:55:20'),(385,478,'rasheeda.sayaphon@gmail.com','1','2025-02-18 23:55:20'),(386,293,'raul.upthegrove@gmail.com','1','2025-02-18 23:55:20'),(387,497,'raylene.kampa@gmail.com','1','2025-02-18 23:55:20'),(388,274,'raymon.calvaresi@gmail.com','1','2025-02-18 23:55:20'),(389,214,'rebecka.gesick@gmail.com','1','2025-02-18 23:55:20'),(390,289,'reena.maisto@gmail.com','1','2025-02-18 23:55:20'),(391,480,'refugia.jacobos@gmail.com','1','2025-02-18 23:55:20'),(392,370,'regenia.kannady@gmail.com','1','2025-02-18 23:55:20'),(393,156,'reita.leto@gmail.com','1','2025-02-18 23:55:20'),(394,303,'renea.monterrubio@gmail.com','1','2025-02-18 23:55:20'),(395,230,'ressie.auffrey@gmail.com','1','2025-02-18 23:55:20'),(396,251,'rhea.aredondo@gmail.com','1','2025-02-18 23:55:20'),(397,239,'rickie.plumer@gmail.com','1','2025-02-18 23:55:20'),(398,425,'rikki.nayar@gmail.com','1','2025-02-18 23:55:20'),(399,219,'rima.bevelacqua@gmail.com','1','2025-02-18 23:55:20'),(400,373,'rodolfo.butzen@gmail.com','1','2025-02-18 23:55:20'),(401,131,'rolande.spickerman@gmail.com','1','2025-02-18 23:55:20'),(402,114,'rolland.francescon@gmail.com','1','2025-02-18 23:55:20'),(403,205,'ronny.caiafa@gmail.com','1','2025-02-18 23:55:20'),(404,321,'roosevelt.hoffis@gmail.com','1','2025-02-18 23:55:20'),(405,126,'rory.papasergi@gmail.com','1','2025-02-18 23:55:20'),(406,348,'roselle.estell@gmail.com','1','2025-02-18 23:55:20'),(407,105,'rosio.cork@gmail.com','1','2025-02-18 23:55:20'),(408,476,'roslyn.chavous@gmail.com','1','2025-02-18 23:55:20'),(409,43,'roxane.campain@gmail.com','1','2025-02-18 23:55:20'),(410,38,'rozella.ostrosky@gmail.com','1','2025-02-18 23:55:20'),(411,465,'ruthann.keener@gmail.com','1','2025-02-18 23:55:20'),(412,470,'ryan.harnos@gmail.com','1','2025-02-18 23:55:20'),(413,53,'sabra.uyetake@gmail.com','1','2025-02-18 23:55:20'),(414,9,'sage.wieser@gmail.com','1','2025-02-18 23:55:20'),(415,235,'salena.karpel@gmail.com','1','2025-02-18 23:55:20'),(416,279,'salome.lacovara@gmail.com','1','2025-02-18 23:55:20'),(417,349,'samira.heintzman@gmail.com','1','2025-02-18 23:55:20'),(418,294,'sarah.candlish@gmail.com','1','2025-02-18 23:55:20'),(419,119,'scarlet.cartan@gmail.com','1','2025-02-18 23:55:20'),(420,430,'selma.husser@gmail.com','1','2025-02-18 23:55:20'),(421,375,'serina.zagen@gmail.com','1','2025-02-18 23:55:20'),(422,353,'shalon.shadrick@gmail.com','1','2025-02-18 23:55:20'),(423,400,'sharee.maile@gmail.com','1','2025-02-18 23:55:20'),(424,472,'sharen.bourbon@gmail.com','1','2025-02-18 23:55:20'),(425,457,'sharika.eanes@gmail.com','1','2025-02-18 23:55:20'),(426,117,'shawna.palaspas@gmail.com','1','2025-02-18 23:55:20'),(427,481,'shawnda.yori@gmail.com','1','2025-02-18 23:55:20'),(428,58,'shenika.seewald@gmail.com','1','2025-02-18 23:55:20'),(429,142,'sheridan.zane@gmail.com','1','2025-02-18 23:55:20'),(430,340,'sherita.saras@gmail.com','1','2025-02-18 23:55:20'),(431,371,'sheron.louissant@gmail.com','1','2025-02-18 23:55:20'),(432,442,'shonda.greenbush@gmail.com','1','2025-02-18 23:55:20'),(433,6,'simona.morasca@gmail.com','1','2025-02-18 23:55:20'),(434,260,'skye.fillingim@gmail.com','1','2025-02-18 23:55:20'),(435,36,'solange.shinko@gmail.com','1','2025-02-18 23:55:20'),(436,413,'staci.schmaltz@gmail.com','1','2025-02-18 23:55:20'),(437,87,'stephaine.barfield@gmail.com','1','2025-02-18 23:55:20'),(438,179,'stephaine.vinning@gmail.com','1','2025-02-18 23:55:20'),(439,439,'stephane.myricks@gmail.com','1','2025-02-18 23:55:20'),(440,89,'stephen.emigh@gmail.com','1','2025-02-18 23:55:20'),(441,264,'stevie.westerbeck@gmail.com','1','2025-02-18 23:55:20'),(442,112,'sue.kownacki@gmail.com','1','2025-02-18 23:55:20'),(443,174,'sylvia.cousey@gmail.com','1','2025-02-18 23:55:20'),(444,399,'sylvie.ryser@gmail.com','1','2025-02-18 23:55:20'),(445,127,'talia.riopelle@gmail.com','1','2025-02-18 23:55:20'),(446,75,'tamar.hoogland@gmail.com','1','2025-02-18 23:55:20'),(447,91,'tammara.wardrip@gmail.com','1','2025-02-18 23:55:20'),(448,335,'tarra.nachor@gmail.com','1','2025-02-18 23:55:20'),(449,237,'taryn.moyd@gmail.com','1','2025-02-18 23:55:20'),(450,405,'tasia.andreason@gmail.com','1','2025-02-18 23:55:20'),(451,66,'tawna.buvens@gmail.com','1','2025-02-18 23:55:20'),(452,404,'teddy.pedrozo@gmail.com','1','2025-02-18 23:55:20'),(453,464,'tegan.arceo@gmail.com','1','2025-02-18 23:55:20'),(454,188,'teri.ennaco@gmail.com','1','2025-02-18 23:55:20'),(455,278,'terrilyn.rodeigues@gmail.com','1','2025-02-18 23:55:20'),(456,492,'thaddeus.ankeny@gmail.com','1','2025-02-18 23:55:20'),(457,282,'theodora.restrepo@gmail.com','1','2025-02-18 23:55:20'),(458,149,'theola.frey@gmail.com','1','2025-02-18 23:55:20'),(459,134,'thurman.manno@gmail.com','1','2025-02-18 23:55:20'),(460,226,'tiera.frankel@gmail.com','1','2025-02-18 23:55:20'),(461,110,'tiffiny.steffensmeier@gmail.com','1','2025-02-18 23:55:20'),(462,82,'timothy.mulqueen@gmail.com','1','2025-02-18 23:55:20'),(463,56,'tonette.wenner@gmail.com','1','2025-02-18 23:55:20'),(464,224,'tracey.modzelewski@gmail.com','1','2025-02-18 23:55:20'),(465,300,'tresa.sweely@gmail.com','1','2025-02-18 23:55:20'),(466,428,'trinidad.mcrae@gmail.com','1','2025-02-18 23:55:20'),(467,386,'truman.feichtner@gmail.com','1','2025-02-18 23:55:20'),(468,107,'twana.felger@gmail.com','1','2025-02-18 23:55:20'),(469,121,'ty.smith@gmail.com','1','2025-02-18 23:55:20'),(470,90,'tyra.shields@gmail.com','1','2025-02-18 23:55:20'),(471,140,'valentin.klimek@gmail.com','1','2025-02-18 23:55:20'),(472,39,'valentine.gillian@gmail.com','1','2025-02-18 23:55:20'),(473,70,'vallie.mondella@gmail.com','1','2025-02-18 23:55:20'),(474,128,'van.shire@gmail.com','1','2025-02-18 23:55:20'),(475,360,'venita.maillard@gmail.com','1','2025-02-18 23:55:20'),(476,22,'veronika.inouye@gmail.com','1','2025-02-18 23:55:20'),(477,467,'vi.rentfro@gmail.com','1','2025-02-18 23:55:20'),(478,408,'vilma.berlanga@gmail.com','1','2025-02-18 23:55:20'),(479,218,'vincent.meinerding@gmail.com','1','2025-02-18 23:55:20'),(480,358,'vincenza.zepp@gmail.com','1','2025-02-18 23:55:20'),(481,210,'viola.bitsuie@gmail.com','1','2025-02-18 23:55:20'),(482,422,'virgie.kiel@gmail.com','1','2025-02-18 23:55:20'),(483,225,'virgina.tegarden@gmail.com','1','2025-02-18 23:55:20'),(484,79,'viva.toelkes@gmail.com','1','2025-02-18 23:55:20'),(485,352,'weldon.acuff@gmail.com','1','2025-02-18 23:55:20'),(486,316,'whitley.tomasulo@gmail.com','1','2025-02-18 23:55:20'),(487,94,'wilda.giguere@gmail.com','1','2025-02-18 23:55:20'),(488,23,'willard.kolmetz@gmail.com','1','2025-02-18 23:55:20'),(489,212,'willodean.konopacki@gmail.com','1','2025-02-18 23:55:20'),(490,29,'willow.kusko@gmail.com','1','2025-02-18 23:55:20'),(491,334,'winfred.brucato@gmail.com','1','2025-02-18 23:55:20'),(492,368,'wynell.dorshorst@gmail.com','1','2025-02-18 23:55:20'),(493,362,'xochitl.discipio@gmail.com','1','2025-02-18 23:55:20'),(494,122,'xuan.rochin@gmail.com','1','2025-02-18 23:55:20'),(495,236,'yoko.fishburne@gmail.com','1','2025-02-18 23:55:20'),(496,157,'yolando.luczki@gmail.com','1','2025-02-18 23:55:20'),(497,41,'youlanda.schemmer@gmail.com','1','2025-02-18 23:55:20'),(498,19,'yuki.whobrey@gmail.com','1','2025-02-18 23:55:20'),(499,297,'yvonne.tjepkema@gmail.com','1','2025-02-18 23:55:20'),(500,374,'zona.colla@gmail.com','1','2025-02-18 23:55:20');
/*!40000 ALTER TABLE `user_vs_email` ENABLE KEYS */;
UNLOCK TABLES;

--
-- Table structure for table `user_vs_notification`
--

DROP TABLE IF EXISTS `user_vs_notification`;
/*!40101 SET @saved_cs_client     = @@character_set_client */;
/*!40101 SET character_set_client = utf8 */;
CREATE TABLE `user_vs_notification` (
  `id_user_vs_notification` int(11) NOT NULL AUTO_INCREMENT,
  `user_id` int(11) NOT NULL,
  `email_id` varchar(255) NOT NULL,
  `is_active` varchar(45) DEFAULT NULL,
  PRIMARY KEY (`id_user_vs_notification`),
  UNIQUE KEY `unique` (`user_id`,`email_id`,`is_active`),
  CONSTRAINT `user` FOREIGN KEY (`user_id`) REFERENCES `users` (`user_id`) ON DELETE NO ACTION ON UPDATE NO ACTION
) ENGINE=InnoDB DEFAULT CHARSET=latin1 COLLATE=latin1_swedish_ci;
/*!40101 SET character_set_client = @saved_cs_client */;

--
-- Dumping data for table `user_vs_notification`
--

LOCK TABLES `user_vs_notification` WRITE;
/*!40000 ALTER TABLE `user_vs_notification` DISABLE KEYS */;
/*!40000 ALTER TABLE `user_vs_notification` ENABLE KEYS */;
UNLOCK TABLES;

--
-- Table structure for table `user_vs_registration_code`
--

DROP TABLE IF EXISTS `user_vs_registration_code`;
/*!40101 SET @saved_cs_client     = @@character_set_client */;
/*!40101 SET character_set_client = utf8 */;
CREATE TABLE `user_vs_registration_code` (
  `id_user_registration_code` int(11) NOT NULL AUTO_INCREMENT,
  `registration_code` int(6) NOT NULL,
  `added_on` datetime NOT NULL DEFAULT current_timestamp(),
  `expiry_time` int(11) DEFAULT 180,
  `mobile_number` bigint(20) DEFAULT NULL,
  `email` varchar(255) DEFAULT NULL,
  `is_resend` enum('0','1') DEFAULT '0',
  PRIMARY KEY (`id_user_registration_code`)
) ENGINE=InnoDB DEFAULT CHARSET=latin1 COLLATE=latin1_swedish_ci;
/*!40101 SET character_set_client = @saved_cs_client */;

--
-- Dumping data for table `user_vs_registration_code`
--

LOCK TABLES `user_vs_registration_code` WRITE;
/*!40000 ALTER TABLE `user_vs_registration_code` DISABLE KEYS */;
/*!40000 ALTER TABLE `user_vs_registration_code` ENABLE KEYS */;
UNLOCK TABLES;

--
-- Table structure for table `user_vs_verification_code`
--

DROP TABLE IF EXISTS `user_vs_verification_code`;
/*!40101 SET @saved_cs_client     = @@character_set_client */;
/*!40101 SET character_set_client = utf8 */;
CREATE TABLE `user_vs_verification_code` (
  `id_user_verification_code` int(11) NOT NULL AUTO_INCREMENT,
  `user_id` int(11) NOT NULL,
  `verification_code` int(6) NOT NULL,
  `added_on` datetime NOT NULL DEFAULT current_timestamp(),
  `expiry_time` int(11) DEFAULT NULL,
  `mobile_number` bigint(20) DEFAULT NULL,
  `email` varchar(255) DEFAULT NULL,
  `is_resend` enum('0','1') DEFAULT '0',
  PRIMARY KEY (`id_user_verification_code`),
  KEY `userVerification_idx` (`user_id`),
  CONSTRAINT `userVerification` FOREIGN KEY (`user_id`) REFERENCES `users` (`user_id`) ON DELETE NO ACTION ON UPDATE NO ACTION
) ENGINE=InnoDB DEFAULT CHARSET=latin1 COLLATE=latin1_swedish_ci;
/*!40101 SET character_set_client = @saved_cs_client */;

--
-- Dumping data for table `user_vs_verification_code`
--

LOCK TABLES `user_vs_verification_code` WRITE;
/*!40000 ALTER TABLE `user_vs_verification_code` DISABLE KEYS */;
/*!40000 ALTER TABLE `user_vs_verification_code` ENABLE KEYS */;
UNLOCK TABLES;

--
-- Table structure for table `user_watchlist`
--

DROP TABLE IF EXISTS `user_watchlist`;
/*!40101 SET @saved_cs_client     = @@character_set_client */;
/*!40101 SET character_set_client = utf8 */;
CREATE TABLE `user_watchlist` (
  `user_watchlist_id` int(11) NOT NULL AUTO_INCREMENT,
  `user_id` int(11) DEFAULT NULL,
  `product_id` int(11) NOT NULL,
  `added_on` timestamp NOT NULL DEFAULT current_timestamp(),
  PRIMARY KEY (`user_watchlist_id`),
  KEY `idx_watchlist_user_id_idx` (`user_id`),
  KEY `idx_watchlist_product_id_idx` (`product_id`),
  CONSTRAINT `idx_watchlist_product_id` FOREIGN KEY (`product_id`) REFERENCES `products` (`product_id`) ON DELETE NO ACTION ON UPDATE NO ACTION,
  CONSTRAINT `idx_watchlist_user_id` FOREIGN KEY (`user_id`) REFERENCES `users` (`user_id`) ON DELETE NO ACTION ON UPDATE NO ACTION
) ENGINE=InnoDB DEFAULT CHARSET=latin1 COLLATE=latin1_swedish_ci;
/*!40101 SET character_set_client = @saved_cs_client */;

--
-- Dumping data for table `user_watchlist`
--

LOCK TABLES `user_watchlist` WRITE;
/*!40000 ALTER TABLE `user_watchlist` DISABLE KEYS */;
/*!40000 ALTER TABLE `user_watchlist` ENABLE KEYS */;
UNLOCK TABLES;

--
-- Table structure for table `user_wishlist`
--

DROP TABLE IF EXISTS `user_wishlist`;
/*!40101 SET @saved_cs_client     = @@character_set_client */;
/*!40101 SET character_set_client = utf8 */;
CREATE TABLE `user_wishlist` (
  `id` int(11) NOT NULL AUTO_INCREMENT,
  `user_id` int(11) DEFAULT NULL,
  `product_id` int(11) NOT NULL,
  `added_on` timestamp NOT NULL DEFAULT current_timestamp(),
  PRIMARY KEY (`id`),
  KEY `idx_carts_user_id_idx` (`user_id`),
  KEY `idx_carts_product_id_idx` (`product_id`),
  CONSTRAINT `idx_carts_product_id` FOREIGN KEY (`product_id`) REFERENCES `products` (`product_id`) ON DELETE NO ACTION ON UPDATE NO ACTION,
  CONSTRAINT `idx_carts_user_id` FOREIGN KEY (`user_id`) REFERENCES `users` (`user_id`) ON DELETE NO ACTION ON UPDATE NO ACTION
) ENGINE=InnoDB DEFAULT CHARSET=latin1 COLLATE=latin1_swedish_ci;
/*!40101 SET character_set_client = @saved_cs_client */;

--
-- Dumping data for table `user_wishlist`
--

LOCK TABLES `user_wishlist` WRITE;
/*!40000 ALTER TABLE `user_wishlist` DISABLE KEYS */;
/*!40000 ALTER TABLE `user_wishlist` ENABLE KEYS */;
UNLOCK TABLES;

--
-- Table structure for table `users`
--

DROP TABLE IF EXISTS `users`;
/*!40101 SET @saved_cs_client     = @@character_set_client */;
/*!40101 SET character_set_client = utf8 */;
CREATE TABLE `users` (
  `user_id` int(11) NOT NULL AUTO_INCREMENT,
  `first_name` varchar(255) NOT NULL,
  `last_name` varchar(255) NOT NULL,
  `password` text NOT NULL,
  `mobile_number` bigint(20) NOT NULL,
  `gender` enum('male','female','transgender') NOT NULL,
  `profile_photo` blob DEFAULT NULL,
  `is_active` enum('0','1') NOT NULL,
  `mobile_verified` enum('0','1') NOT NULL,
  `added_on` datetime NOT NULL DEFAULT current_timestamp(),
  `city` varchar(255) DEFAULT NULL,
  `state` varchar(255) DEFAULT NULL,
  `pincode` int(6) DEFAULT NULL,
  PRIMARY KEY (`user_id`),
  UNIQUE KEY `mobile_number` (`mobile_number`)
) ENGINE=InnoDB AUTO_INCREMENT=999 DEFAULT CHARSET=utf8mb4 COLLATE=utf8mb4_unicode_ci;
/*!40101 SET character_set_client = @saved_cs_client */;

--
-- Dumping data for table `users`
--

LOCK TABLES `users` WRITE;
/*!40000 ALTER TABLE `users` DISABLE KEYS */;
INSERT INTO `users` VALUES (1,'James','Butt','$2y$10$MzSFe3ibGT9V1o0RqYHoIuOvA5X7fJVfp4CH9.QgIq56Wg/S/Gh92',5046218927,'male',' ','1','1','2025-02-18 20:47:13','New Orleans','Orleans',70116),(2,'Josephine','Darakjy','$2y$10$oQShp7NuNHSZ9FV2f.QZXe9TqVAY2HBFAxaCNlSUoXCNZKy7wtyMe',8102929388,'female',' ','1','0','2025-02-18 20:47:13','Brighton','Livingston',48116),(3,'Art','Venere','$2y$10$MzSFe3ibGT9V1o0RqYHoIuOvA5X7fJVfp4CH9.QgIq56Wg/S/Gh92',8566368749,'male',' ','1','1','2025-02-18 20:47:13','Bridgeport','Gloucester',8014),(4,'Lenna','Paprocki','$2y$10$oQShp7NuNHSZ9FV2f.QZXe9TqVAY2HBFAxaCNlSUoXCNZKy7wtyMe',9073854412,'male',' ','1','0','2025-02-18 20:47:13','Anchorage','Anchorage',99501),(5,'Donette','Foller','$2y$10$oQShp7NuNHSZ9FV2f.QZXe9TqVAY2HBFAxaCNlSUoXCNZKy7wtyMe',5135701893,'male',' ','1','0','2025-02-18 20:47:13','Hamilton','Butler',45011),(6,'Simona','Morasca','$2y$10$oQShp7NuNHSZ9FV2f.QZXe9TqVAY2HBFAxaCNlSUoXCNZKy7wtyMe',4195032484,'female',' ','1','0','2025-02-18 20:47:13','Ashland','Ashland',44805),(7,'Mitsue','Tollner','$2y$10$MzSFe3ibGT9V1o0RqYHoIuOvA5X7fJVfp4CH9.QgIq56Wg/S/Gh92',7735736914,'female',' ','1','1','2025-02-18 20:47:13','Chicago','Cook',60632),(8,'Leota','Dilliard','$2y$10$MzSFe3ibGT9V1o0RqYHoIuOvA5X7fJVfp4CH9.QgIq56Wg/S/Gh92',4087523500,'male',' ','1','1','2025-02-18 20:47:13','San Jose','Santa Clara',95111),(9,'Sage','Wieser','$2y$10$MzSFe3ibGT9V1o0RqYHoIuOvA5X7fJVfp4CH9.QgIq56Wg/S/Gh92',6054142147,'female',' ','1','1','2025-02-18 20:47:13','Sioux Falls','Minnehaha',57105),(10,'Kris','Marrier','$2y$10$MzSFe3ibGT9V1o0RqYHoIuOvA5X7fJVfp4CH9.QgIq56Wg/S/Gh92',4106558723,'female',' ','1','1','2025-02-18 20:47:13','Baltimore','Baltimore City',21224),(11,'Minna','Amigon','$2y$10$oQShp7NuNHSZ9FV2f.QZXe9TqVAY2HBFAxaCNlSUoXCNZKy7wtyMe',2158741229,'female',' ','1','0','2025-02-18 20:47:13','Kulpsville','Montgomery',19443),(12,'Abel','Maclead','$2y$10$MzSFe3ibGT9V1o0RqYHoIuOvA5X7fJVfp4CH9.QgIq56Wg/S/Gh92',6313353414,'male',' ','1','1','2025-02-18 20:47:13','Middle Island','Suffolk',11953),(13,'Kiley','Caldarera','$2y$10$MzSFe3ibGT9V1o0RqYHoIuOvA5X7fJVfp4CH9.QgIq56Wg/S/Gh92',3104985651,'male',' ','1','1','2025-02-18 20:47:13','Los Angeles','Los Angeles',90034),(14,'Graciela','Ruta','$2y$10$MzSFe3ibGT9V1o0RqYHoIuOvA5X7fJVfp4CH9.QgIq56Wg/S/Gh92',4407808425,'male',' ','1','1','2025-02-18 20:47:13','Chagrin Falls','Geauga',44023),(15,'Cammy','Albares','$2y$10$MzSFe3ibGT9V1o0RqYHoIuOvA5X7fJVfp4CH9.QgIq56Wg/S/Gh92',9565376195,'male',' ','1','1','2025-02-18 20:47:13','Laredo','Webb',78045),(16,'Mattie','Poquette','$2y$10$MzSFe3ibGT9V1o0RqYHoIuOvA5X7fJVfp4CH9.QgIq56Wg/S/Gh92',6022774385,'male',' ','1','1','2025-02-18 20:47:13','Phoenix','Maricopa',85013),(17,'Meaghan','Garufi','$2y$10$oQShp7NuNHSZ9FV2f.QZXe9TqVAY2HBFAxaCNlSUoXCNZKy7wtyMe',9313139635,'female',' ','1','0','2025-02-18 20:47:13','Mc Minnville','Warren',37110),(18,'Gladys','Rim','$2y$10$MzSFe3ibGT9V1o0RqYHoIuOvA5X7fJVfp4CH9.QgIq56Wg/S/Gh92',4146619598,'female',' ','1','1','2025-02-18 20:47:13','Milwaukee','Milwaukee',53207),(19,'Yuki','Whobrey','$2y$10$MzSFe3ibGT9V1o0RqYHoIuOvA5X7fJVfp4CH9.QgIq56Wg/S/Gh92',3132887937,'male',' ','1','1','2025-02-18 20:47:13','Taylor','Wayne',48180),(20,'Fletcher','Flosi','$2y$10$MzSFe3ibGT9V1o0RqYHoIuOvA5X7fJVfp4CH9.QgIq56Wg/S/Gh92',8158282147,'male',' ','1','1','2025-02-18 20:47:13','Rockford','Winnebago',61109),(21,'Bette','Nicka','$2y$10$MzSFe3ibGT9V1o0RqYHoIuOvA5X7fJVfp4CH9.QgIq56Wg/S/Gh92',6105453615,'male',' ','1','1','2025-02-18 20:47:13','Aston','Delaware',19014),(22,'Veronika','Inouye','$2y$10$oQShp7NuNHSZ9FV2f.QZXe9TqVAY2HBFAxaCNlSUoXCNZKy7wtyMe',4085401785,'male',' ','1','0','2025-02-18 20:47:13','San Jose','Santa Clara',95111),(23,'Willard','Kolmetz','$2y$10$MzSFe3ibGT9V1o0RqYHoIuOvA5X7fJVfp4CH9.QgIq56Wg/S/Gh92',9723039197,'female',' ','1','1','2025-02-18 20:47:13','Irving','Dallas',75062),(24,'Maryann','Royster','$2y$10$oQShp7NuNHSZ9FV2f.QZXe9TqVAY2HBFAxaCNlSUoXCNZKy7wtyMe',5189667987,'female',' ','1','0','2025-02-18 20:47:13','Albany','Albany',12204),(25,'Alisha','Slusarski','$2y$10$MzSFe3ibGT9V1o0RqYHoIuOvA5X7fJVfp4CH9.QgIq56Wg/S/Gh92',7326583154,'male',' ','1','1','2025-02-18 20:47:13','Middlesex','Middlesex',8846),(26,'Allene','Iturbide','$2y$10$oQShp7NuNHSZ9FV2f.QZXe9TqVAY2HBFAxaCNlSUoXCNZKy7wtyMe',7156626764,'male',' ','1','0','2025-02-18 20:47:13','Stevens Point','Portage',54481),(27,'Chanel','Caudy','$2y$10$oQShp7NuNHSZ9FV2f.QZXe9TqVAY2HBFAxaCNlSUoXCNZKy7wtyMe',9133882079,'female',' ','1','0','2025-02-18 20:47:13','Shawnee','Johnson',66218),(28,'Ezekiel','Chui','$2y$10$MzSFe3ibGT9V1o0RqYHoIuOvA5X7fJVfp4CH9.QgIq56Wg/S/Gh92',4106691642,'male',' ','1','1','2025-02-18 20:47:13','Easton','Talbot',21601),(29,'Willow','Kusko','$2y$10$MzSFe3ibGT9V1o0RqYHoIuOvA5X7fJVfp4CH9.QgIq56Wg/S/Gh92',2125824976,'male',' ','1','1','2025-02-18 20:47:13','New York','New York',10011),(30,'Bernardo','Figeroa','$2y$10$oQShp7NuNHSZ9FV2f.QZXe9TqVAY2HBFAxaCNlSUoXCNZKy7wtyMe',9363363951,'male',' ','1','0','2025-02-18 20:47:13','Conroe','Montgomery',77301),(31,'Ammie','Corrio','$2y$10$MzSFe3ibGT9V1o0RqYHoIuOvA5X7fJVfp4CH9.QgIq56Wg/S/Gh92',6148019788,'male',' ','1','1','2025-02-18 20:47:13','Columbus','Franklin',43215),(32,'Francine','Vocelka','$2y$10$oQShp7NuNHSZ9FV2f.QZXe9TqVAY2HBFAxaCNlSUoXCNZKy7wtyMe',5059773911,'female',' ','1','0','2025-02-18 20:47:13','Las Cruces','Dona Ana',88011),(33,'Ernie','Stenseth','$2y$10$oQShp7NuNHSZ9FV2f.QZXe9TqVAY2HBFAxaCNlSUoXCNZKy7wtyMe',2017096245,'male',' ','1','0','2025-02-18 20:47:13','Ridgefield Park','Bergen',7660),(34,'Albina','Glick','$2y$10$oQShp7NuNHSZ9FV2f.QZXe9TqVAY2HBFAxaCNlSUoXCNZKy7wtyMe',7329247882,'male',' ','1','0','2025-02-18 20:47:13','Dunellen','Middlesex',8812),(35,'Alishia','Sergi','$2y$10$MzSFe3ibGT9V1o0RqYHoIuOvA5X7fJVfp4CH9.QgIq56Wg/S/Gh92',2128601579,'male',' ','1','1','2025-02-18 20:47:13','New York','New York',10025),(36,'Solange','Shinko','$2y$10$oQShp7NuNHSZ9FV2f.QZXe9TqVAY2HBFAxaCNlSUoXCNZKy7wtyMe',5049799175,'male',' ','1','0','2025-02-18 20:47:13','Metairie','Jefferson',70002),(37,'Jose','Stockham','$2y$10$MzSFe3ibGT9V1o0RqYHoIuOvA5X7fJVfp4CH9.QgIq56Wg/S/Gh92',2126758570,'male',' ','1','1','2025-02-18 20:47:13','New York','New York',10011),(38,'Rozella','Ostrosky','$2y$10$MzSFe3ibGT9V1o0RqYHoIuOvA5X7fJVfp4CH9.QgIq56Wg/S/Gh92',8058326163,'male',' ','1','1','2025-02-18 20:47:13','Camarillo','Ventura',93012),(39,'Valentine','Gillian','$2y$10$oQShp7NuNHSZ9FV2f.QZXe9TqVAY2HBFAxaCNlSUoXCNZKy7wtyMe',2108129597,'male',' ','1','0','2025-02-18 20:47:13','San Antonio','Bexar',78204),(40,'Kati','Rulapaugh','$2y$10$MzSFe3ibGT9V1o0RqYHoIuOvA5X7fJVfp4CH9.QgIq56Wg/S/Gh92',7854637829,'female',' ','1','1','2025-02-18 20:47:13','Abilene','Dickinson',67410),(41,'Youlanda','Schemmer','$2y$10$oQShp7NuNHSZ9FV2f.QZXe9TqVAY2HBFAxaCNlSUoXCNZKy7wtyMe',5415488197,'female',' ','1','0','2025-02-18 20:47:13','Prineville','Crook',97754),(42,'Dyan','Oldroyd','$2y$10$oQShp7NuNHSZ9FV2f.QZXe9TqVAY2HBFAxaCNlSUoXCNZKy7wtyMe',9134134604,'female',' ','1','0','2025-02-18 20:47:13','Overland Park','Johnson',66204),(43,'Roxane','Campain','$2y$10$oQShp7NuNHSZ9FV2f.QZXe9TqVAY2HBFAxaCNlSUoXCNZKy7wtyMe',9072314722,'male',' ','1','0','2025-02-18 20:47:13','Fairbanks','Fairbanks North Star',99708),(44,'Lavera','Perin','$2y$10$MzSFe3ibGT9V1o0RqYHoIuOvA5X7fJVfp4CH9.QgIq56Wg/S/Gh92',3056067291,'female',' ','1','1','2025-02-18 20:47:13','Miami','Miami-Dade',33196),(45,'Erick','Ferencz','$2y$10$MzSFe3ibGT9V1o0RqYHoIuOvA5X7fJVfp4CH9.QgIq56Wg/S/Gh92',9077411044,'male',' ','1','1','2025-02-18 20:47:13','Fairbanks','Fairbanks North Star',99712),(46,'Fatima','Saylors','$2y$10$MzSFe3ibGT9V1o0RqYHoIuOvA5X7fJVfp4CH9.QgIq56Wg/S/Gh92',9527682416,'male',' ','1','1','2025-02-18 20:47:13','Hopkins','Hennepin',55343),(47,'Jina','Briddick','$2y$10$oQShp7NuNHSZ9FV2f.QZXe9TqVAY2HBFAxaCNlSUoXCNZKy7wtyMe',6173995124,'male',' ','1','0','2025-02-18 20:47:13','Boston','Suffolk',2128),(48,'Kanisha','Waycott','$2y$10$oQShp7NuNHSZ9FV2f.QZXe9TqVAY2HBFAxaCNlSUoXCNZKy7wtyMe',3234532780,'male',' ','1','0','2025-02-18 20:47:13','Los Angeles','Los Angeles',90006),(49,'Emerson','Bowley','$2y$10$oQShp7NuNHSZ9FV2f.QZXe9TqVAY2HBFAxaCNlSUoXCNZKy7wtyMe',6083367444,'female',' ','1','0','2025-02-18 20:47:13','Madison','Dane',53711),(50,'Blair','Malet','$2y$10$MzSFe3ibGT9V1o0RqYHoIuOvA5X7fJVfp4CH9.QgIq56Wg/S/Gh92',2159079111,'male',' ','1','1','2025-02-18 20:47:13','Philadelphia','Philadelphia',19132),(51,'Brock','Bolognia','$2y$10$MzSFe3ibGT9V1o0RqYHoIuOvA5X7fJVfp4CH9.QgIq56Wg/S/Gh92',2124029216,'male',' ','1','1','2025-02-18 20:47:13','New York','New York',10003),(52,'Lorrie','Nestle','$2y$10$MzSFe3ibGT9V1o0RqYHoIuOvA5X7fJVfp4CH9.QgIq56Wg/S/Gh92',9318756644,'male',' ','1','1','2025-02-18 20:47:13','Tullahoma','Coffee',37388),(53,'Sabra','Uyetake','$2y$10$MzSFe3ibGT9V1o0RqYHoIuOvA5X7fJVfp4CH9.QgIq56Wg/S/Gh92',8039255213,'female',' ','1','1','2025-02-18 20:47:13','Columbia','Richland',29201),(54,'Marjory','Mastella','$2y$10$MzSFe3ibGT9V1o0RqYHoIuOvA5X7fJVfp4CH9.QgIq56Wg/S/Gh92',6108145533,'male',' ','1','1','2025-02-18 20:47:13','Wayne','Delaware',19087),(55,'Karl','Klonowski','$2y$10$MzSFe3ibGT9V1o0RqYHoIuOvA5X7fJVfp4CH9.QgIq56Wg/S/Gh92',9088776135,'male',' ','1','1','2025-02-18 20:47:13','Flemington','Hunterdon',8822),(56,'Tonette','Wenner','$2y$10$oQShp7NuNHSZ9FV2f.QZXe9TqVAY2HBFAxaCNlSUoXCNZKy7wtyMe',5169686051,'female',' ','1','0','2025-02-18 20:47:13','Westbury','Nassau',11590),(57,'Amber','Monarrez','$2y$10$MzSFe3ibGT9V1o0RqYHoIuOvA5X7fJVfp4CH9.QgIq56Wg/S/Gh92',2159348655,'female',' ','1','1','2025-02-18 20:47:13','Jenkintown','Montgomery',19046),(58,'Shenika','Seewald','$2y$10$oQShp7NuNHSZ9FV2f.QZXe9TqVAY2HBFAxaCNlSUoXCNZKy7wtyMe',8184234007,'male',' ','1','0','2025-02-18 20:47:13','Van Nuys','Los Angeles',91405),(59,'Delmy','Ahle','$2y$10$MzSFe3ibGT9V1o0RqYHoIuOvA5X7fJVfp4CH9.QgIq56Wg/S/Gh92',4014582547,'female',' ','1','1','2025-02-18 20:47:13','Providence','Providence',2909),(60,'Deeanna','Juhas','$2y$10$oQShp7NuNHSZ9FV2f.QZXe9TqVAY2HBFAxaCNlSUoXCNZKy7wtyMe',2152119589,'male',' ','1','0','2025-02-18 20:47:13','Huntingdon Valley','Montgomery',19006),(61,'Blondell','Pugh','$2y$10$oQShp7NuNHSZ9FV2f.QZXe9TqVAY2HBFAxaCNlSUoXCNZKy7wtyMe',4019608259,'male',' ','1','0','2025-02-18 20:47:13','Providence','Providence',2904),(62,'Jamal','Vanausdal','$2y$10$MzSFe3ibGT9V1o0RqYHoIuOvA5X7fJVfp4CH9.QgIq56Wg/S/Gh92',7322341546,'male',' ','1','1','2025-02-18 20:47:13','Monroe Township','Middlesex',8831),(63,'Cecily','Hollack','$2y$10$MzSFe3ibGT9V1o0RqYHoIuOvA5X7fJVfp4CH9.QgIq56Wg/S/Gh92',5124863817,'female',' ','1','1','2025-02-18 20:47:13','Austin','Travis',78731),(64,'Carmelina','Lindall','$2y$10$oQShp7NuNHSZ9FV2f.QZXe9TqVAY2HBFAxaCNlSUoXCNZKy7wtyMe',3037247371,'male',' ','1','0','2025-02-18 20:47:13','Littleton','Douglas',80126),(65,'Maurine','Yglesias','$2y$10$oQShp7NuNHSZ9FV2f.QZXe9TqVAY2HBFAxaCNlSUoXCNZKy7wtyMe',4147481374,'male',' ','1','0','2025-02-18 20:47:13','Milwaukee','Milwaukee',53214),(66,'Tawna','Buvens','$2y$10$oQShp7NuNHSZ9FV2f.QZXe9TqVAY2HBFAxaCNlSUoXCNZKy7wtyMe',2126749610,'male',' ','1','0','2025-02-18 20:47:13','New York','New York',10009),(67,'Penney','Weight','$2y$10$oQShp7NuNHSZ9FV2f.QZXe9TqVAY2HBFAxaCNlSUoXCNZKy7wtyMe',9077979628,'male',' ','1','0','2025-02-18 20:47:13','Anchorage','Anchorage',99515),(68,'Elly','Morocco','$2y$10$MzSFe3ibGT9V1o0RqYHoIuOvA5X7fJVfp4CH9.QgIq56Wg/S/Gh92',8143935571,'male',' ','1','1','2025-02-18 20:47:13','Erie','Erie',16502),(69,'Ilene','Eroman','$2y$10$oQShp7NuNHSZ9FV2f.QZXe9TqVAY2HBFAxaCNlSUoXCNZKy7wtyMe',4109149018,'female',' ','1','0','2025-02-18 20:47:13','Glen Burnie','Anne Arundel',21061),(70,'Vallie','Mondella','$2y$10$MzSFe3ibGT9V1o0RqYHoIuOvA5X7fJVfp4CH9.QgIq56Wg/S/Gh92',2088625339,'male',' ','1','1','2025-02-18 20:47:13','Boise','Ada',83707),(71,'Kallie','Blackwood','$2y$10$MzSFe3ibGT9V1o0RqYHoIuOvA5X7fJVfp4CH9.QgIq56Wg/S/Gh92',4153152761,'male',' ','1','1','2025-02-18 20:47:13','San Francisco','San Francisco',94104),(72,'Johnetta','Abdallah','$2y$10$oQShp7NuNHSZ9FV2f.QZXe9TqVAY2HBFAxaCNlSUoXCNZKy7wtyMe',9192259345,'female',' ','1','0','2025-02-18 20:47:13','Chapel Hill','Orange',27514),(73,'Bobbye','Rhym','$2y$10$MzSFe3ibGT9V1o0RqYHoIuOvA5X7fJVfp4CH9.QgIq56Wg/S/Gh92',6505285783,'male',' ','1','1','2025-02-18 20:47:13','San Carlos','San Mateo',94070),(74,'Micaela','Rhymes','$2y$10$MzSFe3ibGT9V1o0RqYHoIuOvA5X7fJVfp4CH9.QgIq56Wg/S/Gh92',9256473298,'female',' ','1','1','2025-02-18 20:47:13','Concord','Contra Costa',94520),(75,'Tamar','Hoogland','$2y$10$MzSFe3ibGT9V1o0RqYHoIuOvA5X7fJVfp4CH9.QgIq56Wg/S/Gh92',7403438575,'female',' ','1','1','2025-02-18 20:47:13','London','Madison',43140),(76,'Moon','Parlato','$2y$10$oQShp7NuNHSZ9FV2f.QZXe9TqVAY2HBFAxaCNlSUoXCNZKy7wtyMe',5858668313,'female',' ','1','0','2025-02-18 20:47:13','Wellsville','Allegany',14895),(77,'Laurel','Reitler','$2y$10$MzSFe3ibGT9V1o0RqYHoIuOvA5X7fJVfp4CH9.QgIq56Wg/S/Gh92',4105204832,'male',' ','1','1','2025-02-18 20:47:13','Baltimore','Baltimore City',21215),(78,'Delisa','Crupi','$2y$10$MzSFe3ibGT9V1o0RqYHoIuOvA5X7fJVfp4CH9.QgIq56Wg/S/Gh92',9733542040,'female',' ','1','1','2025-02-18 20:47:13','Newark','Essex',7105),(79,'Viva','Toelkes','$2y$10$MzSFe3ibGT9V1o0RqYHoIuOvA5X7fJVfp4CH9.QgIq56Wg/S/Gh92',7734465569,'female',' ','1','1','2025-02-18 20:47:13','Chicago','Cook',60647),(80,'Elza','Lipke','$2y$10$MzSFe3ibGT9V1o0RqYHoIuOvA5X7fJVfp4CH9.QgIq56Wg/S/Gh92',9739273447,'male',' ','1','1','2025-02-18 20:47:13','Newark','Essex',7104),(81,'Devorah','Chickering','$2y$10$MzSFe3ibGT9V1o0RqYHoIuOvA5X7fJVfp4CH9.QgIq56Wg/S/Gh92',5059758559,'male',' ','1','1','2025-02-18 20:47:13','Clovis','Curry',88101),(82,'Timothy','Mulqueen','$2y$10$MzSFe3ibGT9V1o0RqYHoIuOvA5X7fJVfp4CH9.QgIq56Wg/S/Gh92',7183326527,'male',' ','1','1','2025-02-18 20:47:13','Staten Island','Richmond',10309),(83,'Arlette','Honeywell','$2y$10$MzSFe3ibGT9V1o0RqYHoIuOvA5X7fJVfp4CH9.QgIq56Wg/S/Gh92',9047754480,'male',' ','1','1','2025-02-18 20:47:13','Jacksonville','Duval',32254),(84,'Dominque','Dickerson','$2y$10$oQShp7NuNHSZ9FV2f.QZXe9TqVAY2HBFAxaCNlSUoXCNZKy7wtyMe',5109933758,'male',' ','1','0','2025-02-18 20:47:13','Hayward','Alameda',94545),(85,'Lettie','Isenhower','$2y$10$MzSFe3ibGT9V1o0RqYHoIuOvA5X7fJVfp4CH9.QgIq56Wg/S/Gh92',2166577668,'male',' ','1','1','2025-02-18 20:47:13','Beachwood','Cuyahoga',44122),(86,'Myra','Munns','$2y$10$MzSFe3ibGT9V1o0RqYHoIuOvA5X7fJVfp4CH9.QgIq56Wg/S/Gh92',8179147518,'male',' ','1','1','2025-02-18 20:47:13','Euless','Tarrant',76040),(87,'Stephaine','Barfield','$2y$10$oQShp7NuNHSZ9FV2f.QZXe9TqVAY2HBFAxaCNlSUoXCNZKy7wtyMe',3107747643,'female',' ','1','0','2025-02-18 20:47:13','Gardena','Los Angeles',90247),(88,'Lai','Gato','$2y$10$MzSFe3ibGT9V1o0RqYHoIuOvA5X7fJVfp4CH9.QgIq56Wg/S/Gh92',8477287286,'female',' ','1','1','2025-02-18 20:47:13','Evanston','Cook',60201),(89,'Stephen','Emigh','$2y$10$oQShp7NuNHSZ9FV2f.QZXe9TqVAY2HBFAxaCNlSUoXCNZKy7wtyMe',3305375358,'female',' ','1','0','2025-02-18 20:47:13','Akron','Summit',44302),(90,'Tyra','Shields','$2y$10$MzSFe3ibGT9V1o0RqYHoIuOvA5X7fJVfp4CH9.QgIq56Wg/S/Gh92',2152551641,'male',' ','1','1','2025-02-18 20:47:13','Philadelphia','Philadelphia',19106),(91,'Tammara','Wardrip','$2y$10$MzSFe3ibGT9V1o0RqYHoIuOvA5X7fJVfp4CH9.QgIq56Wg/S/Gh92',6508031936,'male',' ','1','1','2025-02-18 20:47:13','Burlingame','San Mateo',94010),(92,'Cory','Gibes','$2y$10$MzSFe3ibGT9V1o0RqYHoIuOvA5X7fJVfp4CH9.QgIq56Wg/S/Gh92',6265721096,'female',' ','1','1','2025-02-18 20:47:13','San Gabriel','Los Angeles',91776),(93,'Danica','Bruschke','$2y$10$oQShp7NuNHSZ9FV2f.QZXe9TqVAY2HBFAxaCNlSUoXCNZKy7wtyMe',2547828569,'male',' ','1','0','2025-02-18 20:47:13','Waco','McLennan',76708),(94,'Wilda','Giguere','$2y$10$MzSFe3ibGT9V1o0RqYHoIuOvA5X7fJVfp4CH9.QgIq56Wg/S/Gh92',9078705536,'female',' ','1','1','2025-02-18 20:47:13','Anchorage','Anchorage',99501),(95,'Elvera','Benimadho','$2y$10$MzSFe3ibGT9V1o0RqYHoIuOvA5X7fJVfp4CH9.QgIq56Wg/S/Gh92',4087038505,'male',' ','1','1','2025-02-18 20:47:13','San Jose','Santa Clara',95110),(96,'Carma','Vanheusen','$2y$10$MzSFe3ibGT9V1o0RqYHoIuOvA5X7fJVfp4CH9.QgIq56Wg/S/Gh92',5105037169,'male',' ','1','1','2025-02-18 20:47:13','San Leandro','Alameda',94577),(97,'Malinda','Hochard','$2y$10$oQShp7NuNHSZ9FV2f.QZXe9TqVAY2HBFAxaCNlSUoXCNZKy7wtyMe',3177225066,'male',' ','1','0','2025-02-18 20:47:13','Indianapolis','Marion',46202),(98,'Natalie','Fern','$2y$10$oQShp7NuNHSZ9FV2f.QZXe9TqVAY2HBFAxaCNlSUoXCNZKy7wtyMe',3077048713,'female',' ','1','0','2025-02-18 20:47:13','Rock Springs','Sweetwater',82901),(99,'Lisha','Centini','$2y$10$MzSFe3ibGT9V1o0RqYHoIuOvA5X7fJVfp4CH9.QgIq56Wg/S/Gh92',7032353937,'female',' ','1','1','2025-02-18 20:47:13','Mc Lean','Fairfax',22102),(100,'Arlene','Klusman','$2y$10$oQShp7NuNHSZ9FV2f.QZXe9TqVAY2HBFAxaCNlSUoXCNZKy7wtyMe',5047105840,'female',' ','1','0','2025-02-18 20:47:13','New Orleans','Orleans',70112),(101,'Alease','Buemi','$2y$10$MzSFe3ibGT9V1o0RqYHoIuOvA5X7fJVfp4CH9.QgIq56Wg/S/Gh92',3033014946,'female',' ','1','1','2025-02-18 20:47:13','Boulder','Boulder',80303),(102,'Louisa','Cronauer','$2y$10$MzSFe3ibGT9V1o0RqYHoIuOvA5X7fJVfp4CH9.QgIq56Wg/S/Gh92',5108287047,'female',' ','1','1','2025-02-18 20:47:13','San Leandro','Alameda',94577),(103,'Angella','Cetta','$2y$10$oQShp7NuNHSZ9FV2f.QZXe9TqVAY2HBFAxaCNlSUoXCNZKy7wtyMe',8088927943,'male',' ','1','0','2025-02-18 20:47:13','Honolulu','Honolulu',96817),(104,'Cyndy','Goldammer','$2y$10$oQShp7NuNHSZ9FV2f.QZXe9TqVAY2HBFAxaCNlSUoXCNZKy7wtyMe',9523349408,'male',' ','1','0','2025-02-18 20:47:13','Burnsville','Dakota',55337),(105,'Rosio','Cork','$2y$10$MzSFe3ibGT9V1o0RqYHoIuOvA5X7fJVfp4CH9.QgIq56Wg/S/Gh92',3362435659,'male',' ','1','1','2025-02-18 20:47:13','High Point','Guilford',27263),(106,'Celeste','Korando','$2y$10$MzSFe3ibGT9V1o0RqYHoIuOvA5X7fJVfp4CH9.QgIq56Wg/S/Gh92',5165092347,'male',' ','1','1','2025-02-18 20:47:13','Lynbrook','Nassau',11563),(107,'Twana','Felger','$2y$10$oQShp7NuNHSZ9FV2f.QZXe9TqVAY2HBFAxaCNlSUoXCNZKy7wtyMe',5039393153,'female',' ','1','0','2025-02-18 20:47:13','Portland','Washington',97224),(108,'Estrella','Samu','$2y$10$MzSFe3ibGT9V1o0RqYHoIuOvA5X7fJVfp4CH9.QgIq56Wg/S/Gh92',6089767199,'male',' ','1','1','2025-02-18 20:47:13','Beloit','Rock',53511),(109,'Donte','Kines','$2y$10$oQShp7NuNHSZ9FV2f.QZXe9TqVAY2HBFAxaCNlSUoXCNZKy7wtyMe',5084298576,'female',' ','1','0','2025-02-18 20:47:13','Worcester','Worcester',1602),(110,'Tiffiny','Steffensmeier','$2y$10$oQShp7NuNHSZ9FV2f.QZXe9TqVAY2HBFAxaCNlSUoXCNZKy7wtyMe',3053859695,'female',' ','1','0','2025-02-18 20:47:13','Miami','Miami-Dade',33133),(111,'Edna','Miceli','$2y$10$oQShp7NuNHSZ9FV2f.QZXe9TqVAY2HBFAxaCNlSUoXCNZKy7wtyMe',8144602655,'female',' ','1','0','2025-02-18 20:47:13','Erie','Erie',16502),(112,'Sue','Kownacki','$2y$10$MzSFe3ibGT9V1o0RqYHoIuOvA5X7fJVfp4CH9.QgIq56Wg/S/Gh92',9726663413,'female',' ','1','1','2025-02-18 20:47:13','Mesquite','Dallas',75149),(113,'Jesusa','Shin','$2y$10$MzSFe3ibGT9V1o0RqYHoIuOvA5X7fJVfp4CH9.QgIq56Wg/S/Gh92',9312738709,'male',' ','1','1','2025-02-18 20:47:13','Tullahoma','Coffee',37388),(114,'Rolland','Francescon','$2y$10$oQShp7NuNHSZ9FV2f.QZXe9TqVAY2HBFAxaCNlSUoXCNZKy7wtyMe',9736492922,'female',' ','1','0','2025-02-18 20:47:13','Paterson','Passaic',7501),(115,'Pamella','Schmierer','$2y$10$MzSFe3ibGT9V1o0RqYHoIuOvA5X7fJVfp4CH9.QgIq56Wg/S/Gh92',3054208970,'male',' ','1','1','2025-02-18 20:47:13','Homestead','Miami-Dade',33030),(116,'Glory','Kulzer','$2y$10$MzSFe3ibGT9V1o0RqYHoIuOvA5X7fJVfp4CH9.QgIq56Wg/S/Gh92',4102249462,'female',' ','1','1','2025-02-18 20:47:13','Owings Mills','Baltimore',21117),(117,'Shawna','Palaspas','$2y$10$oQShp7NuNHSZ9FV2f.QZXe9TqVAY2HBFAxaCNlSUoXCNZKy7wtyMe',8052753566,'female',' ','1','0','2025-02-18 20:47:13','Thousand Oaks','Ventura',91362),(118,'Brandon','Callaro','$2y$10$oQShp7NuNHSZ9FV2f.QZXe9TqVAY2HBFAxaCNlSUoXCNZKy7wtyMe',8082156832,'female',' ','1','0','2025-02-18 20:47:13','Honolulu','Honolulu',96819),(119,'Scarlet','Cartan','$2y$10$MzSFe3ibGT9V1o0RqYHoIuOvA5X7fJVfp4CH9.QgIq56Wg/S/Gh92',2297353378,'male',' ','1','1','2025-02-18 20:47:13','Albany','Dougherty',31701),(120,'Oretha','Menter','$2y$10$MzSFe3ibGT9V1o0RqYHoIuOvA5X7fJVfp4CH9.QgIq56Wg/S/Gh92',6174185043,'female',' ','1','1','2025-02-18 20:47:13','Boston','Suffolk',2210),(121,'Ty','Smith','$2y$10$MzSFe3ibGT9V1o0RqYHoIuOvA5X7fJVfp4CH9.QgIq56Wg/S/Gh92',2016721553,'male',' ','1','1','2025-02-18 20:47:13','Hackensack','Bergen',7601),(122,'Xuan','Rochin','$2y$10$oQShp7NuNHSZ9FV2f.QZXe9TqVAY2HBFAxaCNlSUoXCNZKy7wtyMe',6509335072,'male',' ','1','0','2025-02-18 20:47:13','San Mateo','San Mateo',94403),(123,'Lindsey','Dilello','$2y$10$oQShp7NuNHSZ9FV2f.QZXe9TqVAY2HBFAxaCNlSUoXCNZKy7wtyMe',9096399887,'male',' ','1','0','2025-02-18 20:47:13','Ontario','San Bernardino',91761),(124,'Devora','Perez','$2y$10$MzSFe3ibGT9V1o0RqYHoIuOvA5X7fJVfp4CH9.QgIq56Wg/S/Gh92',5109553016,'male',' ','1','1','2025-02-18 20:47:13','Oakland','Alameda',94606),(125,'Herman','Demesa','$2y$10$oQShp7NuNHSZ9FV2f.QZXe9TqVAY2HBFAxaCNlSUoXCNZKy7wtyMe',5184972940,'female',' ','1','0','2025-02-18 20:47:13','Troy','Rensselaer',12180),(126,'Rory','Papasergi','$2y$10$MzSFe3ibGT9V1o0RqYHoIuOvA5X7fJVfp4CH9.QgIq56Wg/S/Gh92',5708677489,'male',' ','1','1','2025-02-18 20:47:13','Clarks Summit','Lackawanna',18411),(127,'Talia','Riopelle','$2y$10$MzSFe3ibGT9V1o0RqYHoIuOvA5X7fJVfp4CH9.QgIq56Wg/S/Gh92',9732452133,'female',' ','1','1','2025-02-18 20:47:13','Orange','Essex',7050),(128,'Van','Shire','$2y$10$oQShp7NuNHSZ9FV2f.QZXe9TqVAY2HBFAxaCNlSUoXCNZKy7wtyMe',9084092890,'female',' ','1','0','2025-02-18 20:47:13','Pittstown','Hunterdon',8867),(129,'Lucina','Lary','$2y$10$oQShp7NuNHSZ9FV2f.QZXe9TqVAY2HBFAxaCNlSUoXCNZKy7wtyMe',3217494981,'male',' ','1','0','2025-02-18 20:47:13','Cocoa','Brevard',32922),(130,'Bok','Isaacs','$2y$10$MzSFe3ibGT9V1o0RqYHoIuOvA5X7fJVfp4CH9.QgIq56Wg/S/Gh92',7188093762,'male',' ','1','1','2025-02-18 20:47:13','Bronx','Bronx',10468),(131,'Rolande','Spickerman','$2y$10$oQShp7NuNHSZ9FV2f.QZXe9TqVAY2HBFAxaCNlSUoXCNZKy7wtyMe',8083153077,'male',' ','1','0','2025-02-18 20:47:13','Pearl City','Honolulu',96782),(132,'Howard','Paulas','$2y$10$MzSFe3ibGT9V1o0RqYHoIuOvA5X7fJVfp4CH9.QgIq56Wg/S/Gh92',3036234241,'male',' ','1','1','2025-02-18 20:47:13','Denver','Denver',80231),(133,'Kimbery','Madarang','$2y$10$MzSFe3ibGT9V1o0RqYHoIuOvA5X7fJVfp4CH9.QgIq56Wg/S/Gh92',9733101634,'male',' ','1','1','2025-02-18 20:47:13','Rockaway','Morris',7866),(134,'Thurman','Manno','$2y$10$oQShp7NuNHSZ9FV2f.QZXe9TqVAY2HBFAxaCNlSUoXCNZKy7wtyMe',6095243586,'male',' ','1','0','2025-02-18 20:47:13','Absecon','Atlantic',8201),(135,'Becky','Mirafuentes','$2y$10$MzSFe3ibGT9V1o0RqYHoIuOvA5X7fJVfp4CH9.QgIq56Wg/S/Gh92',9088778409,'male',' ','1','1','2025-02-18 20:47:13','Plainfield','Union',7062),(136,'Beatriz','Corrington','$2y$10$MzSFe3ibGT9V1o0RqYHoIuOvA5X7fJVfp4CH9.QgIq56Wg/S/Gh92',5085844279,'male',' ','1','1','2025-02-18 20:47:13','Middleboro','Plymouth',2346),(137,'Marti','Maybury','$2y$10$MzSFe3ibGT9V1o0RqYHoIuOvA5X7fJVfp4CH9.QgIq56Wg/S/Gh92',7737754522,'male',' ','1','1','2025-02-18 20:47:13','Chicago','Cook',60638),(138,'Nieves','Gotter','$2y$10$oQShp7NuNHSZ9FV2f.QZXe9TqVAY2HBFAxaCNlSUoXCNZKy7wtyMe',5035275274,'male',' ','1','0','2025-02-18 20:47:13','Portland','Multnomah',97202),(139,'Leatha','Hagele','$2y$10$MzSFe3ibGT9V1o0RqYHoIuOvA5X7fJVfp4CH9.QgIq56Wg/S/Gh92',2143391809,'female',' ','1','1','2025-02-18 20:47:13','Dallas','Dallas',75227),(140,'Valentin','Klimek','$2y$10$oQShp7NuNHSZ9FV2f.QZXe9TqVAY2HBFAxaCNlSUoXCNZKy7wtyMe',3123035453,'female',' ','1','0','2025-02-18 20:47:13','Chicago','Cook',60604),(141,'Melissa','Wiklund','$2y$10$MzSFe3ibGT9V1o0RqYHoIuOvA5X7fJVfp4CH9.QgIq56Wg/S/Gh92',4199393613,'female',' ','1','1','2025-02-18 20:47:13','Findlay','Hancock',45840),(142,'Sheridan','Zane','$2y$10$oQShp7NuNHSZ9FV2f.QZXe9TqVAY2HBFAxaCNlSUoXCNZKy7wtyMe',9516453605,'male',' ','1','0','2025-02-18 20:47:13','Riverside','Riverside',92501),(143,'Bulah','Padilla','$2y$10$MzSFe3ibGT9V1o0RqYHoIuOvA5X7fJVfp4CH9.QgIq56Wg/S/Gh92',2544634368,'male',' ','1','1','2025-02-18 20:47:13','Waco','McLennan',76707),(144,'Audra','Kohnert','$2y$10$MzSFe3ibGT9V1o0RqYHoIuOvA5X7fJVfp4CH9.QgIq56Wg/S/Gh92',6154067854,'male',' ','1','1','2025-02-18 20:47:13','Nashville','Davidson',37211),(145,'Daren','Weirather','$2y$10$oQShp7NuNHSZ9FV2f.QZXe9TqVAY2HBFAxaCNlSUoXCNZKy7wtyMe',4149592540,'female',' ','1','0','2025-02-18 20:47:13','Milwaukee','Milwaukee',53216),(146,'Fernanda','Jillson','$2y$10$oQShp7NuNHSZ9FV2f.QZXe9TqVAY2HBFAxaCNlSUoXCNZKy7wtyMe',4103875260,'male',' ','1','0','2025-02-18 20:47:13','Preston','Caroline',21655),(147,'Gearldine','Gellinger','$2y$10$oQShp7NuNHSZ9FV2f.QZXe9TqVAY2HBFAxaCNlSUoXCNZKy7wtyMe',9729346914,'male',' ','1','0','2025-02-18 20:47:13','Irving','Dallas',75061),(148,'Chau','Kitzman','$2y$10$MzSFe3ibGT9V1o0RqYHoIuOvA5X7fJVfp4CH9.QgIq56Wg/S/Gh92',3105608022,'male',' ','1','1','2025-02-18 20:47:13','Beverly Hills','Los Angeles',90212),(149,'Theola','Frey','$2y$10$MzSFe3ibGT9V1o0RqYHoIuOvA5X7fJVfp4CH9.QgIq56Wg/S/Gh92',5169485768,'female',' ','1','1','2025-02-18 20:47:13','Massapequa','Nassau',11758),(150,'Cheryl','Haroldson','$2y$10$MzSFe3ibGT9V1o0RqYHoIuOvA5X7fJVfp4CH9.QgIq56Wg/S/Gh92',6095187697,'female',' ','1','1','2025-02-18 20:47:13','Atlantic City','Atlantic',8401),(151,'Laticia','Merced','$2y$10$MzSFe3ibGT9V1o0RqYHoIuOvA5X7fJVfp4CH9.QgIq56Wg/S/Gh92',5135087371,'male',' ','1','1','2025-02-18 20:47:13','Cincinnati','Hamilton',45203),(152,'Carissa','Batman','$2y$10$MzSFe3ibGT9V1o0RqYHoIuOvA5X7fJVfp4CH9.QgIq56Wg/S/Gh92',5413264074,'female',' ','1','1','2025-02-18 20:47:13','Eugene','Lane',97401),(153,'Lezlie','Craghead','$2y$10$MzSFe3ibGT9V1o0RqYHoIuOvA5X7fJVfp4CH9.QgIq56Wg/S/Gh92',9195333762,'male',' ','1','1','2025-02-18 20:47:13','Smithfield','Johnston',27577),(154,'Ozell','Shealy','$2y$10$MzSFe3ibGT9V1o0RqYHoIuOvA5X7fJVfp4CH9.QgIq56Wg/S/Gh92',2123328435,'female',' ','1','1','2025-02-18 20:47:13','New York','New York',10002),(155,'Arminda','Parvis','$2y$10$oQShp7NuNHSZ9FV2f.QZXe9TqVAY2HBFAxaCNlSUoXCNZKy7wtyMe',6029069419,'male',' ','1','0','2025-02-18 20:47:13','Phoenix','Maricopa',85017),(156,'Reita','Leto','$2y$10$MzSFe3ibGT9V1o0RqYHoIuOvA5X7fJVfp4CH9.QgIq56Wg/S/Gh92',3172341135,'male',' ','1','1','2025-02-18 20:47:13','Indianapolis','Marion',46240),(157,'Yolando','Luczki','$2y$10$oQShp7NuNHSZ9FV2f.QZXe9TqVAY2HBFAxaCNlSUoXCNZKy7wtyMe',3153044759,'male',' ','1','0','2025-02-18 20:47:13','Syracuse','Onondaga',13214),(158,'Lizette','Stem','$2y$10$MzSFe3ibGT9V1o0RqYHoIuOvA5X7fJVfp4CH9.QgIq56Wg/S/Gh92',8564875412,'male',' ','1','1','2025-02-18 20:47:13','Cherry Hill','Camden',8002),(159,'Gregoria','Pawlowicz','$2y$10$MzSFe3ibGT9V1o0RqYHoIuOvA5X7fJVfp4CH9.QgIq56Wg/S/Gh92',5162121915,'male',' ','1','1','2025-02-18 20:47:13','Garden City','Nassau',11530),(160,'Carin','Deleo','$2y$10$oQShp7NuNHSZ9FV2f.QZXe9TqVAY2HBFAxaCNlSUoXCNZKy7wtyMe',5013081040,'male',' ','1','0','2025-02-18 20:47:13','Little Rock','Pulaski',72202),(161,'Chantell','Maynerich','$2y$10$oQShp7NuNHSZ9FV2f.QZXe9TqVAY2HBFAxaCNlSUoXCNZKy7wtyMe',6515912583,'female',' ','1','0','2025-02-18 20:47:13','Saint Paul','Ramsey',55101),(162,'Dierdre','Yum','$2y$10$MzSFe3ibGT9V1o0RqYHoIuOvA5X7fJVfp4CH9.QgIq56Wg/S/Gh92',2153253042,'male',' ','1','1','2025-02-18 20:47:13','Philadelphia','Philadelphia',19134),(163,'Larae','Gudroe','$2y$10$MzSFe3ibGT9V1o0RqYHoIuOvA5X7fJVfp4CH9.QgIq56Wg/S/Gh92',9858907262,'male',' ','1','1','2025-02-18 20:47:13','Houma','Terrebonne',70360),(164,'Latrice','Tolfree','$2y$10$MzSFe3ibGT9V1o0RqYHoIuOvA5X7fJVfp4CH9.QgIq56Wg/S/Gh92',6319577624,'male',' ','1','1','2025-02-18 20:47:13','Ronkonkoma','Suffolk',11779),(165,'Kerry','Theodorov','$2y$10$MzSFe3ibGT9V1o0RqYHoIuOvA5X7fJVfp4CH9.QgIq56Wg/S/Gh92',9165913277,'male',' ','1','1','2025-02-18 20:47:13','Sacramento','Sacramento',95827),(166,'Dorthy','Hidvegi','$2y$10$MzSFe3ibGT9V1o0RqYHoIuOvA5X7fJVfp4CH9.QgIq56Wg/S/Gh92',2086492373,'female',' ','1','1','2025-02-18 20:47:13','Boise','Ada',83704),(167,'Fannie','Lungren','$2y$10$oQShp7NuNHSZ9FV2f.QZXe9TqVAY2HBFAxaCNlSUoXCNZKy7wtyMe',5125875746,'male',' ','1','0','2025-02-18 20:47:13','Round Rock','Williamson',78664),(168,'Evangelina','Radde','$2y$10$oQShp7NuNHSZ9FV2f.QZXe9TqVAY2HBFAxaCNlSUoXCNZKy7wtyMe',2159643284,'male',' ','1','0','2025-02-18 20:47:13','Philadelphia','Philadelphia',19123),(169,'Novella','Degroot','$2y$10$oQShp7NuNHSZ9FV2f.QZXe9TqVAY2HBFAxaCNlSUoXCNZKy7wtyMe',8084774775,'female',' ','1','0','2025-02-18 20:47:13','Hilo','Hawaii',96720),(170,'Clay','Hoa','$2y$10$MzSFe3ibGT9V1o0RqYHoIuOvA5X7fJVfp4CH9.QgIq56Wg/S/Gh92',7755018109,'female',' ','1','1','2025-02-18 20:47:13','Reno','Washoe',89502),(171,'Jennifer','Fallick','$2y$10$oQShp7NuNHSZ9FV2f.QZXe9TqVAY2HBFAxaCNlSUoXCNZKy7wtyMe',8479799545,'male',' ','1','0','2025-02-18 20:47:13','Wheeling','Cook',60090),(172,'Irma','Wolfgramm','$2y$10$MzSFe3ibGT9V1o0RqYHoIuOvA5X7fJVfp4CH9.QgIq56Wg/S/Gh92',9735457355,'female',' ','1','1','2025-02-18 20:47:13','Randolph','Morris',7869),(173,'Eun','Coody','$2y$10$oQShp7NuNHSZ9FV2f.QZXe9TqVAY2HBFAxaCNlSUoXCNZKy7wtyMe',8642563620,'male',' ','1','0','2025-02-18 20:47:13','Spartanburg','Spartanburg',29301),(174,'Sylvia','Cousey','$2y$10$MzSFe3ibGT9V1o0RqYHoIuOvA5X7fJVfp4CH9.QgIq56Wg/S/Gh92',4102099545,'male',' ','1','1','2025-02-18 20:47:13','Hampstead','Carroll',21074),(175,'Nana','Wrinkles','$2y$10$oQShp7NuNHSZ9FV2f.QZXe9TqVAY2HBFAxaCNlSUoXCNZKy7wtyMe',9148552115,'female',' ','1','0','2025-02-18 20:47:13','Mount Vernon','Westchester',10553),(176,'Layla','Springe','$2y$10$MzSFe3ibGT9V1o0RqYHoIuOvA5X7fJVfp4CH9.QgIq56Wg/S/Gh92',2122603151,'female',' ','1','1','2025-02-18 20:47:13','New York','New York',10011),(177,'Joesph','Degonia','$2y$10$MzSFe3ibGT9V1o0RqYHoIuOvA5X7fJVfp4CH9.QgIq56Wg/S/Gh92',5106779785,'male',' ','1','1','2025-02-18 20:47:13','Berkeley','Alameda',94710),(178,'Annabelle','Boord','$2y$10$oQShp7NuNHSZ9FV2f.QZXe9TqVAY2HBFAxaCNlSUoXCNZKy7wtyMe',9786976263,'male',' ','1','0','2025-02-18 20:47:13','Concord','Middlesex',1742),(179,'Stephaine','Vinning','$2y$10$oQShp7NuNHSZ9FV2f.QZXe9TqVAY2HBFAxaCNlSUoXCNZKy7wtyMe',4157676596,'female',' ','1','0','2025-02-18 20:47:13','San Francisco','San Francisco',94104),(180,'Nelida','Sawchuk','$2y$10$oQShp7NuNHSZ9FV2f.QZXe9TqVAY2HBFAxaCNlSUoXCNZKy7wtyMe',2019711638,'male',' ','1','0','2025-02-18 20:47:13','Paramus','Bergen',7652),(181,'Marguerita','Hiatt','$2y$10$MzSFe3ibGT9V1o0RqYHoIuOvA5X7fJVfp4CH9.QgIq56Wg/S/Gh92',9256347158,'male',' ','1','1','2025-02-18 20:47:13','Oakley','Contra Costa',94561),(182,'Carmela','Cookey','$2y$10$MzSFe3ibGT9V1o0RqYHoIuOvA5X7fJVfp4CH9.QgIq56Wg/S/Gh92',7734944195,'female',' ','1','1','2025-02-18 20:47:13','Chicago','Cook',60623),(183,'Junita','Brideau','$2y$10$oQShp7NuNHSZ9FV2f.QZXe9TqVAY2HBFAxaCNlSUoXCNZKy7wtyMe',9739433423,'male',' ','1','0','2025-02-18 20:47:13','Cedar Grove','Essex',7009),(184,'Claribel','Varriano','$2y$10$MzSFe3ibGT9V1o0RqYHoIuOvA5X7fJVfp4CH9.QgIq56Wg/S/Gh92',4195444900,'male',' ','1','1','2025-02-18 20:47:13','Perrysburg','Wood',43551),(185,'Benton','Skursky','$2y$10$oQShp7NuNHSZ9FV2f.QZXe9TqVAY2HBFAxaCNlSUoXCNZKy7wtyMe',3105792907,'female',' ','1','0','2025-02-18 20:47:13','Gardena','Los Angeles',90248),(186,'Hillary','Skulski','$2y$10$MzSFe3ibGT9V1o0RqYHoIuOvA5X7fJVfp4CH9.QgIq56Wg/S/Gh92',3522422570,'male',' ','1','1','2025-02-18 20:47:13','Homosassa','Citrus',34448),(187,'Merilyn','Bayless','$2y$10$oQShp7NuNHSZ9FV2f.QZXe9TqVAY2HBFAxaCNlSUoXCNZKy7wtyMe',4087585015,'female',' ','1','0','2025-02-18 20:47:13','Santa Clara','Santa Clara',95054),(188,'Teri','Ennaco','$2y$10$MzSFe3ibGT9V1o0RqYHoIuOvA5X7fJVfp4CH9.QgIq56Wg/S/Gh92',5708895187,'female',' ','1','1','2025-02-18 20:47:13','Hazleton','Luzerne',18201),(189,'Merlyn','Lawler','$2y$10$oQShp7NuNHSZ9FV2f.QZXe9TqVAY2HBFAxaCNlSUoXCNZKy7wtyMe',2015887810,'male',' ','1','0','2025-02-18 20:47:13','Jersey City','Hudson',7304),(190,'Georgene','Montezuma','$2y$10$oQShp7NuNHSZ9FV2f.QZXe9TqVAY2HBFAxaCNlSUoXCNZKy7wtyMe',9256155185,'female',' ','1','0','2025-02-18 20:47:13','San Ramon','Contra Costa',94583),(191,'Jettie','Mconnell','$2y$10$MzSFe3ibGT9V1o0RqYHoIuOvA5X7fJVfp4CH9.QgIq56Wg/S/Gh92',9088023564,'male',' ','1','1','2025-02-18 20:47:13','Bridgewater','Somerset',8807),(192,'Lemuel','Latzke','$2y$10$MzSFe3ibGT9V1o0RqYHoIuOvA5X7fJVfp4CH9.QgIq56Wg/S/Gh92',6317486479,'male',' ','1','1','2025-02-18 20:47:13','Bohemia','Suffolk',11716),(193,'Melodie','Knipp','$2y$10$MzSFe3ibGT9V1o0RqYHoIuOvA5X7fJVfp4CH9.QgIq56Wg/S/Gh92',8056901682,'male',' ','1','1','2025-02-18 20:47:13','Thousand Oaks','Ventura',91362),(194,'Candida','Corbley','$2y$10$oQShp7NuNHSZ9FV2f.QZXe9TqVAY2HBFAxaCNlSUoXCNZKy7wtyMe',9082758357,'female',' ','1','0','2025-02-18 20:47:13','Somerville','Somerset',8876),(195,'Karan','Karpin','$2y$10$oQShp7NuNHSZ9FV2f.QZXe9TqVAY2HBFAxaCNlSUoXCNZKy7wtyMe',5039408327,'male',' ','1','0','2025-02-18 20:47:13','Beaverton','Washington',97005),(196,'Andra','Scheyer','$2y$10$oQShp7NuNHSZ9FV2f.QZXe9TqVAY2HBFAxaCNlSUoXCNZKy7wtyMe',5035162189,'male',' ','1','0','2025-02-18 20:47:13','Salem','Marion',97302),(197,'Felicidad','Poullion','$2y$10$MzSFe3ibGT9V1o0RqYHoIuOvA5X7fJVfp4CH9.QgIq56Wg/S/Gh92',8563059731,'female',' ','1','1','2025-02-18 20:47:13','Riverton','Burlington',8077),(198,'Belen','Strassner','$2y$10$oQShp7NuNHSZ9FV2f.QZXe9TqVAY2HBFAxaCNlSUoXCNZKy7wtyMe',7705078791,'male',' ','1','0','2025-02-18 20:47:13','Douglasville','Douglas',30135),(199,'Gracia','Melnyk','$2y$10$MzSFe3ibGT9V1o0RqYHoIuOvA5X7fJVfp4CH9.QgIq56Wg/S/Gh92',9042353633,'male',' ','1','1','2025-02-18 20:47:13','Jacksonville','Duval',32216),(200,'Jolanda','Hanafan','$2y$10$oQShp7NuNHSZ9FV2f.QZXe9TqVAY2HBFAxaCNlSUoXCNZKy7wtyMe',2074589196,'male',' ','1','0','2025-02-18 20:47:13','Bangor','Penobscot',4401),(201,'Barrett','Toyama','$2y$10$MzSFe3ibGT9V1o0RqYHoIuOvA5X7fJVfp4CH9.QgIq56Wg/S/Gh92',8177655781,'female',' ','1','1','2025-02-18 20:47:13','Kennedale','Tarrant',76060),(202,'Helga','Fredicks','$2y$10$MzSFe3ibGT9V1o0RqYHoIuOvA5X7fJVfp4CH9.QgIq56Wg/S/Gh92',7167524114,'male',' ','1','1','2025-02-18 20:47:13','Buffalo','Erie',14228),(203,'Ashlyn','Pinilla','$2y$10$oQShp7NuNHSZ9FV2f.QZXe9TqVAY2HBFAxaCNlSUoXCNZKy7wtyMe',3056709628,'male',' ','1','0','2025-02-18 20:47:13','Opa Locka','Miami-Dade',33054),(204,'Fausto','Agramonte','$2y$10$MzSFe3ibGT9V1o0RqYHoIuOvA5X7fJVfp4CH9.QgIq56Wg/S/Gh92',2123131783,'female',' ','1','1','2025-02-18 20:47:13','New York','New York',10038),(205,'Ronny','Caiafa','$2y$10$oQShp7NuNHSZ9FV2f.QZXe9TqVAY2HBFAxaCNlSUoXCNZKy7wtyMe',2156057570,'female',' ','1','0','2025-02-18 20:47:13','Philadelphia','Philadelphia',19103),(206,'Marge','Limmel','$2y$10$MzSFe3ibGT9V1o0RqYHoIuOvA5X7fJVfp4CH9.QgIq56Wg/S/Gh92',8504301663,'female',' ','1','1','2025-02-18 20:47:13','Crestview','Okaloosa',32536),(207,'Norah','Waymire','$2y$10$oQShp7NuNHSZ9FV2f.QZXe9TqVAY2HBFAxaCNlSUoXCNZKy7wtyMe',4153067897,'female',' ','1','0','2025-02-18 20:47:13','San Francisco','San Francisco',94107),(208,'Aliza','Baltimore','$2y$10$MzSFe3ibGT9V1o0RqYHoIuOvA5X7fJVfp4CH9.QgIq56Wg/S/Gh92',4085043552,'male',' ','1','1','2025-02-18 20:47:13','San Jose','Santa Clara',95132),(209,'Mozell','Pelkowski','$2y$10$MzSFe3ibGT9V1o0RqYHoIuOvA5X7fJVfp4CH9.QgIq56Wg/S/Gh92',6509471215,'female',' ','1','1','2025-02-18 20:47:13','South San Francisco','San Mateo',94080),(210,'Viola','Bitsuie','$2y$10$MzSFe3ibGT9V1o0RqYHoIuOvA5X7fJVfp4CH9.QgIq56Wg/S/Gh92',8188644875,'male',' ','1','1','2025-02-18 20:47:13','Northridge','Los Angeles',91325),(211,'Franklyn','Emard','$2y$10$oQShp7NuNHSZ9FV2f.QZXe9TqVAY2HBFAxaCNlSUoXCNZKy7wtyMe',2155588189,'female',' ','1','0','2025-02-18 20:47:13','Philadelphia','Philadelphia',19103),(212,'Willodean','Konopacki','$2y$10$oQShp7NuNHSZ9FV2f.QZXe9TqVAY2HBFAxaCNlSUoXCNZKy7wtyMe',3372538384,'male',' ','1','0','2025-02-18 20:47:13','Lafayette','Lafayette',70506),(213,'Beckie','Silvestrini','$2y$10$MzSFe3ibGT9V1o0RqYHoIuOvA5X7fJVfp4CH9.QgIq56Wg/S/Gh92',3135334884,'male',' ','1','1','2025-02-18 20:47:13','Dearborn','Wayne',48126),(214,'Rebecka','Gesick','$2y$10$MzSFe3ibGT9V1o0RqYHoIuOvA5X7fJVfp4CH9.QgIq56Wg/S/Gh92',5122138574,'male',' ','1','1','2025-02-18 20:47:13','Austin','Travis',78754),(215,'Frederica','Blunk','$2y$10$MzSFe3ibGT9V1o0RqYHoIuOvA5X7fJVfp4CH9.QgIq56Wg/S/Gh92',2144282285,'male',' ','1','1','2025-02-18 20:47:13','Dallas','Dallas',75207),(216,'Glen','Bartolet','$2y$10$oQShp7NuNHSZ9FV2f.QZXe9TqVAY2HBFAxaCNlSUoXCNZKy7wtyMe',2066975796,'male',' ','1','0','2025-02-18 20:47:13','Vashon','King',98070),(217,'Freeman','Gochal','$2y$10$oQShp7NuNHSZ9FV2f.QZXe9TqVAY2HBFAxaCNlSUoXCNZKy7wtyMe',6104763501,'female',' ','1','0','2025-02-18 20:47:13','Coatesville','Chester',19320),(218,'Vincent','Meinerding','$2y$10$oQShp7NuNHSZ9FV2f.QZXe9TqVAY2HBFAxaCNlSUoXCNZKy7wtyMe',2153721718,'male',' ','1','0','2025-02-18 20:47:13','Philadelphia','Philadelphia',19143),(219,'Rima','Bevelacqua','$2y$10$MzSFe3ibGT9V1o0RqYHoIuOvA5X7fJVfp4CH9.QgIq56Wg/S/Gh92',3108585079,'male',' ','1','1','2025-02-18 20:47:13','Gardena','Los Angeles',90248),(220,'Glendora','Sarbacher','$2y$10$oQShp7NuNHSZ9FV2f.QZXe9TqVAY2HBFAxaCNlSUoXCNZKy7wtyMe',7076538214,'female',' ','1','0','2025-02-18 20:47:13','Rohnert Park','Sonoma',94928),(221,'Avery','Steier','$2y$10$MzSFe3ibGT9V1o0RqYHoIuOvA5X7fJVfp4CH9.QgIq56Wg/S/Gh92',4078089439,'male',' ','1','1','2025-02-18 20:47:13','Orlando','Orange',32803),(222,'Cristy','Lother','$2y$10$MzSFe3ibGT9V1o0RqYHoIuOvA5X7fJVfp4CH9.QgIq56Wg/S/Gh92',7609714322,'male',' ','1','1','2025-02-18 20:47:13','Escondido','San Diego',92025),(223,'Nicolette','Brossart','$2y$10$oQShp7NuNHSZ9FV2f.QZXe9TqVAY2HBFAxaCNlSUoXCNZKy7wtyMe',5088379230,'female',' ','1','0','2025-02-18 20:47:13','Westborough','Worcester',1581),(224,'Tracey','Modzelewski','$2y$10$MzSFe3ibGT9V1o0RqYHoIuOvA5X7fJVfp4CH9.QgIq56Wg/S/Gh92',9362649294,'male',' ','1','1','2025-02-18 20:47:13','Conroe','Montgomery',77301),(225,'Virgina','Tegarden','$2y$10$oQShp7NuNHSZ9FV2f.QZXe9TqVAY2HBFAxaCNlSUoXCNZKy7wtyMe',4142148697,'female',' ','1','0','2025-02-18 20:47:13','Milwaukee','Milwaukee',53226),(226,'Tiera','Frankel','$2y$10$MzSFe3ibGT9V1o0RqYHoIuOvA5X7fJVfp4CH9.QgIq56Wg/S/Gh92',6266364117,'male',' ','1','1','2025-02-18 20:47:13','El Monte','Los Angeles',91731),(227,'Alaine','Bergesen','$2y$10$oQShp7NuNHSZ9FV2f.QZXe9TqVAY2HBFAxaCNlSUoXCNZKy7wtyMe',9143009193,'male',' ','1','0','2025-02-18 20:47:13','Yonkers','Westchester',10701),(228,'Earleen','Mai','$2y$10$oQShp7NuNHSZ9FV2f.QZXe9TqVAY2HBFAxaCNlSUoXCNZKy7wtyMe',2142891973,'female',' ','1','0','2025-02-18 20:47:13','Dallas','Dallas',75227),(229,'Leonida','Gobern','$2y$10$oQShp7NuNHSZ9FV2f.QZXe9TqVAY2HBFAxaCNlSUoXCNZKy7wtyMe',2282355615,'male',' ','1','0','2025-02-18 20:47:13','Biloxi','Harrison',39530),(230,'Ressie','Auffrey','$2y$10$MzSFe3ibGT9V1o0RqYHoIuOvA5X7fJVfp4CH9.QgIq56Wg/S/Gh92',3056048981,'male',' ','1','1','2025-02-18 20:47:13','Miami','Miami-Dade',33134),(231,'Justine','Mugnolo','$2y$10$oQShp7NuNHSZ9FV2f.QZXe9TqVAY2HBFAxaCNlSUoXCNZKy7wtyMe',2123049225,'female',' ','1','0','2025-02-18 20:47:13','New York','New York',10048),(232,'Eladia','Saulter','$2y$10$MzSFe3ibGT9V1o0RqYHoIuOvA5X7fJVfp4CH9.QgIq56Wg/S/Gh92',2014744924,'female',' ','1','1','2025-02-18 20:47:13','Ramsey','Bergen',7446),(233,'Chaya','Malvin','$2y$10$MzSFe3ibGT9V1o0RqYHoIuOvA5X7fJVfp4CH9.QgIq56Wg/S/Gh92',7349285182,'female',' ','1','1','2025-02-18 20:47:13','Ann Arbor','Washtenaw',48103),(234,'Gwenn','Suffield','$2y$10$oQShp7NuNHSZ9FV2f.QZXe9TqVAY2HBFAxaCNlSUoXCNZKy7wtyMe',6312586558,'male',' ','1','0','2025-02-18 20:47:13','Deer Park','Suffolk',11729),(235,'Salena','Karpel','$2y$10$oQShp7NuNHSZ9FV2f.QZXe9TqVAY2HBFAxaCNlSUoXCNZKy7wtyMe',3307918557,'female',' ','1','0','2025-02-18 20:47:13','Canton','Stark',44707),(236,'Yoko','Fishburne','$2y$10$MzSFe3ibGT9V1o0RqYHoIuOvA5X7fJVfp4CH9.QgIq56Wg/S/Gh92',2035064706,'female',' ','1','1','2025-02-18 20:47:13','New Haven','New Haven',6511),(237,'Taryn','Moyd','$2y$10$oQShp7NuNHSZ9FV2f.QZXe9TqVAY2HBFAxaCNlSUoXCNZKy7wtyMe',7033224041,'female',' ','1','0','2025-02-18 20:47:13','Fairfax','Fairfax City',22030),(238,'Katina','Polidori','$2y$10$oQShp7NuNHSZ9FV2f.QZXe9TqVAY2HBFAxaCNlSUoXCNZKy7wtyMe',9786262978,'female',' ','1','0','2025-02-18 20:47:13','Wilmington','Middlesex',1887),(239,'Rickie','Plumer','$2y$10$MzSFe3ibGT9V1o0RqYHoIuOvA5X7fJVfp4CH9.QgIq56Wg/S/Gh92',4196931334,'female',' ','1','1','2025-02-18 20:47:13','Toledo','Lucas',43613),(240,'Alex','Loader','$2y$10$MzSFe3ibGT9V1o0RqYHoIuOvA5X7fJVfp4CH9.QgIq56Wg/S/Gh92',2536607821,'male',' ','1','1','2025-02-18 20:47:13','Tacoma','Pierce',98409),(241,'Lashon','Vizarro','$2y$10$oQShp7NuNHSZ9FV2f.QZXe9TqVAY2HBFAxaCNlSUoXCNZKy7wtyMe',9167417884,'male',' ','1','0','2025-02-18 20:47:13','Roseville','Placer',95661),(242,'Lauran','Burnard','$2y$10$oQShp7NuNHSZ9FV2f.QZXe9TqVAY2HBFAxaCNlSUoXCNZKy7wtyMe',3073427795,'male',' ','1','0','2025-02-18 20:47:13','Riverton','Fremont',82501),(243,'Ceola','Setter','$2y$10$MzSFe3ibGT9V1o0RqYHoIuOvA5X7fJVfp4CH9.QgIq56Wg/S/Gh92',2076277565,'male',' ','1','1','2025-02-18 20:47:13','Warren','Knox',4864),(244,'My','Rantanen','$2y$10$MzSFe3ibGT9V1o0RqYHoIuOvA5X7fJVfp4CH9.QgIq56Wg/S/Gh92',2154915633,'male',' ','1','1','2025-02-18 20:47:13','Richboro','Bucks',18954),(245,'Lorrine','Worlds','$2y$10$oQShp7NuNHSZ9FV2f.QZXe9TqVAY2HBFAxaCNlSUoXCNZKy7wtyMe',8137692939,'female',' ','1','0','2025-02-18 20:47:13','Tampa','Hillsborough',33614),(246,'Peggie','Sturiale','$2y$10$MzSFe3ibGT9V1o0RqYHoIuOvA5X7fJVfp4CH9.QgIq56Wg/S/Gh92',6196081763,'male',' ','1','1','2025-02-18 20:47:13','El Cajon','San Diego',92020),(247,'Marvel','Raymo','$2y$10$MzSFe3ibGT9V1o0RqYHoIuOvA5X7fJVfp4CH9.QgIq56Wg/S/Gh92',9797188968,'female',' ','1','1','2025-02-18 20:47:13','College Station','Brazos',77840),(248,'Daron','Dinos','$2y$10$oQShp7NuNHSZ9FV2f.QZXe9TqVAY2HBFAxaCNlSUoXCNZKy7wtyMe',8472333075,'female',' ','1','0','2025-02-18 20:47:13','Highland Park','Lake',60035),(249,'An','Fritz','$2y$10$oQShp7NuNHSZ9FV2f.QZXe9TqVAY2HBFAxaCNlSUoXCNZKy7wtyMe',6092285265,'male',' ','1','0','2025-02-18 20:47:13','Atlantic City','Atlantic',8401),(250,'Portia','Stimmel','$2y$10$MzSFe3ibGT9V1o0RqYHoIuOvA5X7fJVfp4CH9.QgIq56Wg/S/Gh92',9087227128,'male',' ','1','1','2025-02-18 20:47:13','Bridgewater','Somerset',8807),(251,'Rhea','Aredondo','$2y$10$MzSFe3ibGT9V1o0RqYHoIuOvA5X7fJVfp4CH9.QgIq56Wg/S/Gh92',7185609537,'male',' ','1','1','2025-02-18 20:47:13','Brooklyn','Kings',11226),(252,'Benedict','Sama','$2y$10$oQShp7NuNHSZ9FV2f.QZXe9TqVAY2HBFAxaCNlSUoXCNZKy7wtyMe',3147871588,'female',' ','1','0','2025-02-18 20:47:13','Saint Louis','Saint Louis City',63104),(253,'Alyce','Arias','$2y$10$MzSFe3ibGT9V1o0RqYHoIuOvA5X7fJVfp4CH9.QgIq56Wg/S/Gh92',2093171801,'female',' ','1','1','2025-02-18 20:47:13','Stockton','San Joaquin',95207),(254,'Heike','Berganza','$2y$10$MzSFe3ibGT9V1o0RqYHoIuOvA5X7fJVfp4CH9.QgIq56Wg/S/Gh92',9739365095,'male',' ','1','1','2025-02-18 20:47:13','Little Falls','Passaic',7424),(255,'Carey','Dopico','$2y$10$MzSFe3ibGT9V1o0RqYHoIuOvA5X7fJVfp4CH9.QgIq56Wg/S/Gh92',3175782453,'male',' ','1','1','2025-02-18 20:47:13','Indianapolis','Marion',46220),(256,'Dottie','Hellickson','$2y$10$MzSFe3ibGT9V1o0RqYHoIuOvA5X7fJVfp4CH9.QgIq56Wg/S/Gh92',2065406076,'male',' ','1','1','2025-02-18 20:47:13','Seattle','King',98133),(257,'Deandrea','Hughey','$2y$10$oQShp7NuNHSZ9FV2f.QZXe9TqVAY2HBFAxaCNlSUoXCNZKy7wtyMe',3368227652,'male',' ','1','0','2025-02-18 20:47:13','Burlington','Alamance',27215),(258,'Kimberlie','Duenas','$2y$10$MzSFe3ibGT9V1o0RqYHoIuOvA5X7fJVfp4CH9.QgIq56Wg/S/Gh92',7856298542,'female',' ','1','1','2025-02-18 20:47:13','Hays','Ellis',67601),(259,'Martina','Staback','$2y$10$oQShp7NuNHSZ9FV2f.QZXe9TqVAY2HBFAxaCNlSUoXCNZKy7wtyMe',4074716908,'male',' ','1','0','2025-02-18 20:47:13','Orlando','Orange',32822),(260,'Skye','Fillingim','$2y$10$MzSFe3ibGT9V1o0RqYHoIuOvA5X7fJVfp4CH9.QgIq56Wg/S/Gh92',6125082655,'female',' ','1','1','2025-02-18 20:47:13','Minneapolis','Hennepin',55401),(261,'Jade','Farrar','$2y$10$MzSFe3ibGT9V1o0RqYHoIuOvA5X7fJVfp4CH9.QgIq56Wg/S/Gh92',8033525387,'male',' ','1','1','2025-02-18 20:47:13','Columbia','Richland',29201),(262,'Charlene','Hamilton','$2y$10$oQShp7NuNHSZ9FV2f.QZXe9TqVAY2HBFAxaCNlSUoXCNZKy7wtyMe',7073001771,'female',' ','1','0','2025-02-18 20:47:13','Santa Rosa','Sonoma',95407),(263,'Geoffrey','Acey','$2y$10$MzSFe3ibGT9V1o0RqYHoIuOvA5X7fJVfp4CH9.QgIq56Wg/S/Gh92',8472221734,'male',' ','1','1','2025-02-18 20:47:13','Palatine','Cook',60067),(264,'Stevie','Westerbeck','$2y$10$MzSFe3ibGT9V1o0RqYHoIuOvA5X7fJVfp4CH9.QgIq56Wg/S/Gh92',9498674077,'female',' ','1','1','2025-02-18 20:47:13','Costa Mesa','Orange',92626),(265,'Pamella','Fortino','$2y$10$MzSFe3ibGT9V1o0RqYHoIuOvA5X7fJVfp4CH9.QgIq56Wg/S/Gh92',3034042210,'male',' ','1','1','2025-02-18 20:47:13','Denver','Denver',80212),(266,'Harrison','Haufler','$2y$10$oQShp7NuNHSZ9FV2f.QZXe9TqVAY2HBFAxaCNlSUoXCNZKy7wtyMe',2038016193,'male',' ','1','0','2025-02-18 20:47:13','New Haven','New Haven',6515),(267,'Johnna','Engelberg','$2y$10$oQShp7NuNHSZ9FV2f.QZXe9TqVAY2HBFAxaCNlSUoXCNZKy7wtyMe',4259867573,'male',' ','1','0','2025-02-18 20:47:13','Bothell','Snohomish',98021),(268,'Buddy','Cloney','$2y$10$MzSFe3ibGT9V1o0RqYHoIuOvA5X7fJVfp4CH9.QgIq56Wg/S/Gh92',4409895826,'male',' ','1','1','2025-02-18 20:47:13','Strongsville','Cuyahoga',44136),(269,'Dalene','Riden','$2y$10$oQShp7NuNHSZ9FV2f.QZXe9TqVAY2HBFAxaCNlSUoXCNZKy7wtyMe',6033156839,'female',' ','1','0','2025-02-18 20:47:13','Plaistow','Rockingham',3865),(270,'Jerry','Zurcher','$2y$10$MzSFe3ibGT9V1o0RqYHoIuOvA5X7fJVfp4CH9.QgIq56Wg/S/Gh92',3215185938,'female',' ','1','1','2025-02-18 20:47:13','Satellite Beach','Brevard',32937),(271,'Haydee','Denooyer','$2y$10$MzSFe3ibGT9V1o0RqYHoIuOvA5X7fJVfp4CH9.QgIq56Wg/S/Gh92',2127928658,'male',' ','1','1','2025-02-18 20:47:13','New York','New York',10016),(272,'Joseph','Cryer','$2y$10$MzSFe3ibGT9V1o0RqYHoIuOvA5X7fJVfp4CH9.QgIq56Wg/S/Gh92',7145842237,'male',' ','1','1','2025-02-18 20:47:13','Huntington Beach','Orange',92647),(273,'Deonna','Kippley','$2y$10$oQShp7NuNHSZ9FV2f.QZXe9TqVAY2HBFAxaCNlSUoXCNZKy7wtyMe',2489134677,'male',' ','1','0','2025-02-18 20:47:13','Southfield','Oakland',48075),(274,'Raymon','Calvaresi','$2y$10$oQShp7NuNHSZ9FV2f.QZXe9TqVAY2HBFAxaCNlSUoXCNZKy7wtyMe',3178254724,'female',' ','1','0','2025-02-18 20:47:13','Indianapolis','Marion',46222),(275,'Alecia','Bubash','$2y$10$MzSFe3ibGT9V1o0RqYHoIuOvA5X7fJVfp4CH9.QgIq56Wg/S/Gh92',9402767922,'female',' ','1','1','2025-02-18 20:47:13','Wichita Falls','Wichita',76301),(276,'Ma','Layous','$2y$10$MzSFe3ibGT9V1o0RqYHoIuOvA5X7fJVfp4CH9.QgIq56Wg/S/Gh92',2037213388,'male',' ','1','1','2025-02-18 20:47:13','North Haven','New Haven',6473),(277,'Detra','Coyier','$2y$10$MzSFe3ibGT9V1o0RqYHoIuOvA5X7fJVfp4CH9.QgIq56Wg/S/Gh92',4107399277,'male',' ','1','1','2025-02-18 20:47:13','Aberdeen','Harford',21001),(278,'Terrilyn','Rodeigues','$2y$10$oQShp7NuNHSZ9FV2f.QZXe9TqVAY2HBFAxaCNlSUoXCNZKy7wtyMe',5044634384,'male',' ','1','0','2025-02-18 20:47:13','New Orleans','Orleans',70130),(279,'Salome','Lacovara','$2y$10$MzSFe3ibGT9V1o0RqYHoIuOvA5X7fJVfp4CH9.QgIq56Wg/S/Gh92',8045505097,'female',' ','1','1','2025-02-18 20:47:13','Richmond','Richmond City',23219),(280,'Garry','Keetch','$2y$10$MzSFe3ibGT9V1o0RqYHoIuOvA5X7fJVfp4CH9.QgIq56Wg/S/Gh92',2159798776,'male',' ','1','1','2025-02-18 20:47:13','Southampton','Bucks',18966),(281,'Matthew','Neither','$2y$10$MzSFe3ibGT9V1o0RqYHoIuOvA5X7fJVfp4CH9.QgIq56Wg/S/Gh92',9526517597,'male',' ','1','1','2025-02-18 20:47:13','Shakopee','Scott',55379),(282,'Theodora','Restrepo','$2y$10$MzSFe3ibGT9V1o0RqYHoIuOvA5X7fJVfp4CH9.QgIq56Wg/S/Gh92',3059368226,'male',' ','1','1','2025-02-18 20:47:13','Miami','Miami-Dade',33136),(283,'Noah','Kalafatis','$2y$10$oQShp7NuNHSZ9FV2f.QZXe9TqVAY2HBFAxaCNlSUoXCNZKy7wtyMe',4142635287,'male',' ','1','0','2025-02-18 20:47:13','Milwaukee','Milwaukee',53209),(284,'Carmen','Sweigard','$2y$10$oQShp7NuNHSZ9FV2f.QZXe9TqVAY2HBFAxaCNlSUoXCNZKy7wtyMe',7329412621,'female',' ','1','0','2025-02-18 20:47:13','Somerset','Somerset',8873),(285,'Lavonda','Hengel','$2y$10$oQShp7NuNHSZ9FV2f.QZXe9TqVAY2HBFAxaCNlSUoXCNZKy7wtyMe',7018982154,'female',' ','1','0','2025-02-18 20:47:13','Fargo','Cass',58102),(286,'Junita','Stoltzman','$2y$10$oQShp7NuNHSZ9FV2f.QZXe9TqVAY2HBFAxaCNlSUoXCNZKy7wtyMe',7756389963,'female',' ','1','0','2025-02-18 20:47:13','Carson City','Carson City',89701),(287,'Herminia','Nicolozakes','$2y$10$oQShp7NuNHSZ9FV2f.QZXe9TqVAY2HBFAxaCNlSUoXCNZKy7wtyMe',6029545141,'male',' ','1','0','2025-02-18 20:47:13','Scottsdale','Maricopa',85254),(288,'Casie','Good','$2y$10$MzSFe3ibGT9V1o0RqYHoIuOvA5X7fJVfp4CH9.QgIq56Wg/S/Gh92',6153902251,'male',' ','1','1','2025-02-18 20:47:13','Nashville','Davidson',37211),(289,'Reena','Maisto','$2y$10$oQShp7NuNHSZ9FV2f.QZXe9TqVAY2HBFAxaCNlSUoXCNZKy7wtyMe',4103511863,'male',' ','1','0','2025-02-18 20:47:13','Salisbury','Wicomico',21801),(290,'Mirta','Mallett','$2y$10$MzSFe3ibGT9V1o0RqYHoIuOvA5X7fJVfp4CH9.QgIq56Wg/S/Gh92',2128701286,'male',' ','1','1','2025-02-18 20:47:13','New York','New York',10004),(291,'Cathrine','Pontoriero','$2y$10$oQShp7NuNHSZ9FV2f.QZXe9TqVAY2HBFAxaCNlSUoXCNZKy7wtyMe',8067031435,'male',' ','1','0','2025-02-18 20:47:13','Amarillo','Randall',79109),(292,'Filiberto','Tawil','$2y$10$MzSFe3ibGT9V1o0RqYHoIuOvA5X7fJVfp4CH9.QgIq56Wg/S/Gh92',3237652528,'female',' ','1','1','2025-02-18 20:47:13','Los Angeles','Los Angeles',90016),(293,'Raul','Upthegrove','$2y$10$MzSFe3ibGT9V1o0RqYHoIuOvA5X7fJVfp4CH9.QgIq56Wg/S/Gh92',6195095282,'female',' ','1','1','2025-02-18 20:47:13','La Mesa','San Diego',91942),(294,'Sarah','Candlish','$2y$10$MzSFe3ibGT9V1o0RqYHoIuOvA5X7fJVfp4CH9.QgIq56Wg/S/Gh92',7707321194,'male',' ','1','1','2025-02-18 20:47:13','Atlanta','Fulton',30328),(295,'Lucy','Treston','$2y$10$MzSFe3ibGT9V1o0RqYHoIuOvA5X7fJVfp4CH9.QgIq56Wg/S/Gh92',5087695250,'male',' ','1','1','2025-02-18 20:47:13','Worcester','Worcester',1602),(296,'Judy','Aquas','$2y$10$MzSFe3ibGT9V1o0RqYHoIuOvA5X7fJVfp4CH9.QgIq56Wg/S/Gh92',2697567222,'male',' ','1','1','2025-02-18 20:47:13','Niles','Berrien',49120),(297,'Yvonne','Tjepkema','$2y$10$oQShp7NuNHSZ9FV2f.QZXe9TqVAY2HBFAxaCNlSUoXCNZKy7wtyMe',9737141721,'female',' ','1','0','2025-02-18 20:47:13','Fairfield','Essex',7004),(298,'Kayleigh','Lace','$2y$10$MzSFe3ibGT9V1o0RqYHoIuOvA5X7fJVfp4CH9.QgIq56Wg/S/Gh92',3377409323,'female',' ','1','1','2025-02-18 20:47:13','Lafayette','Lafayette',70508),(299,'Felix','Hirpara','$2y$10$MzSFe3ibGT9V1o0RqYHoIuOvA5X7fJVfp4CH9.QgIq56Wg/S/Gh92',7174915643,'female',' ','1','1','2025-02-18 20:47:13','Denver','Lancaster',17517),(300,'Tresa','Sweely','$2y$10$MzSFe3ibGT9V1o0RqYHoIuOvA5X7fJVfp4CH9.QgIq56Wg/S/Gh92',3143599566,'female',' ','1','1','2025-02-18 20:47:13','Valley Park','Saint Louis',63088),(301,'Kristeen','Turinetti','$2y$10$oQShp7NuNHSZ9FV2f.QZXe9TqVAY2HBFAxaCNlSUoXCNZKy7wtyMe',8172138851,'male',' ','1','0','2025-02-18 20:47:13','Arlington','Tarrant',76013),(302,'Jenelle','Regusters','$2y$10$oQShp7NuNHSZ9FV2f.QZXe9TqVAY2HBFAxaCNlSUoXCNZKy7wtyMe',8139328715,'female',' ','1','0','2025-02-18 20:47:13','Tampa','Hillsborough',33619),(303,'Renea','Monterrubio','$2y$10$oQShp7NuNHSZ9FV2f.QZXe9TqVAY2HBFAxaCNlSUoXCNZKy7wtyMe',7706794752,'male',' ','1','0','2025-02-18 20:47:13','Atlanta','Fulton',30328),(304,'Olive','Matuszak','$2y$10$MzSFe3ibGT9V1o0RqYHoIuOvA5X7fJVfp4CH9.QgIq56Wg/S/Gh92',7609386069,'male',' ','1','1','2025-02-18 20:47:13','Cathedral City','Riverside',92234),(305,'Ligia','Reiber','$2y$10$MzSFe3ibGT9V1o0RqYHoIuOvA5X7fJVfp4CH9.QgIq56Wg/S/Gh92',5179061108,'male',' ','1','1','2025-02-18 20:47:13','Lansing','Ingham',48933),(306,'Christiane','Eschberger','$2y$10$oQShp7NuNHSZ9FV2f.QZXe9TqVAY2HBFAxaCNlSUoXCNZKy7wtyMe',6023904944,'male',' ','1','0','2025-02-18 20:47:13','Phoenix','Maricopa',85034),(307,'Goldie','Schirpke','$2y$10$MzSFe3ibGT9V1o0RqYHoIuOvA5X7fJVfp4CH9.QgIq56Wg/S/Gh92',2072957569,'male',' ','1','1','2025-02-18 20:47:13','Bangor','Penobscot',4401),(308,'Loreta','Timenez','$2y$10$MzSFe3ibGT9V1o0RqYHoIuOvA5X7fJVfp4CH9.QgIq56Wg/S/Gh92',3016966420,'female',' ','1','1','2025-02-18 20:47:13','Clinton','Prince Georges',20735),(309,'Fabiola','Hauenstein','$2y$10$MzSFe3ibGT9V1o0RqYHoIuOvA5X7fJVfp4CH9.QgIq56Wg/S/Gh92',7178093119,'female',' ','1','1','2025-02-18 20:47:13','York','York',17404),(310,'Amie','Perigo','$2y$10$MzSFe3ibGT9V1o0RqYHoIuOvA5X7fJVfp4CH9.QgIq56Wg/S/Gh92',9724197946,'male',' ','1','1','2025-02-18 20:47:13','Mesquite','Dallas',75150),(311,'Raina','Brachle','$2y$10$oQShp7NuNHSZ9FV2f.QZXe9TqVAY2HBFAxaCNlSUoXCNZKy7wtyMe',4063181515,'female',' ','1','0','2025-02-18 20:47:13','Butte','Silver Bow',59701),(312,'Erinn','Canlas','$2y$10$oQShp7NuNHSZ9FV2f.QZXe9TqVAY2HBFAxaCNlSUoXCNZKy7wtyMe',9737673008,'female',' ','1','0','2025-02-18 20:47:13','Livingston','Essex',7039),(313,'Cherry','Lietz','$2y$10$MzSFe3ibGT9V1o0RqYHoIuOvA5X7fJVfp4CH9.QgIq56Wg/S/Gh92',2489806904,'male',' ','1','1','2025-02-18 20:47:13','Waterford','Oakland',48329),(314,'Kattie','Vonasek','$2y$10$MzSFe3ibGT9V1o0RqYHoIuOvA5X7fJVfp4CH9.QgIq56Wg/S/Gh92',2169233715,'male',' ','1','1','2025-02-18 20:47:13','Cleveland','Cuyahoga',44103),(315,'Lilli','Scriven','$2y$10$MzSFe3ibGT9V1o0RqYHoIuOvA5X7fJVfp4CH9.QgIq56Wg/S/Gh92',3256311560,'male',' ','1','1','2025-02-18 20:47:13','Abilene','Taylor',79601),(316,'Whitley','Tomasulo','$2y$10$MzSFe3ibGT9V1o0RqYHoIuOvA5X7fJVfp4CH9.QgIq56Wg/S/Gh92',8175264408,'male',' ','1','1','2025-02-18 20:47:13','Fort Worth','Tarrant',76107),(317,'Barbra','Adkin','$2y$10$MzSFe3ibGT9V1o0RqYHoIuOvA5X7fJVfp4CH9.QgIq56Wg/S/Gh92',7182013751,'male',' ','1','1','2025-02-18 20:47:13','Brooklyn','Kings',11230),(318,'Hermila','Thyberg','$2y$10$MzSFe3ibGT9V1o0RqYHoIuOvA5X7fJVfp4CH9.QgIq56Wg/S/Gh92',4018934882,'female',' ','1','1','2025-02-18 20:47:13','Providence','Providence',2903),(319,'Jesusita','Flister','$2y$10$MzSFe3ibGT9V1o0RqYHoIuOvA5X7fJVfp4CH9.QgIq56Wg/S/Gh92',7178859118,'male',' ','1','1','2025-02-18 20:47:13','Lancaster','Lancaster',17601),(320,'Caitlin','Julia','$2y$10$oQShp7NuNHSZ9FV2f.QZXe9TqVAY2HBFAxaCNlSUoXCNZKy7wtyMe',4019484982,'female',' ','1','0','2025-02-18 20:47:13','Johnston','Providence',2919),(321,'Roosevelt','Hoffis','$2y$10$MzSFe3ibGT9V1o0RqYHoIuOvA5X7fJVfp4CH9.QgIq56Wg/S/Gh92',3056224739,'male',' ','1','1','2025-02-18 20:47:13','Hialeah','Miami-Dade',33014),(322,'Helaine','Halter','$2y$10$oQShp7NuNHSZ9FV2f.QZXe9TqVAY2HBFAxaCNlSUoXCNZKy7wtyMe',2018324168,'female',' ','1','0','2025-02-18 20:47:13','Jersey City','Hudson',7304),(323,'Lorean','Martabano','$2y$10$oQShp7NuNHSZ9FV2f.QZXe9TqVAY2HBFAxaCNlSUoXCNZKy7wtyMe',2108564979,'male',' ','1','0','2025-02-18 20:47:13','San Antonio','Bexar',78204),(324,'France','Buzick','$2y$10$oQShp7NuNHSZ9FV2f.QZXe9TqVAY2HBFAxaCNlSUoXCNZKy7wtyMe',7184788504,'female',' ','1','0','2025-02-18 20:47:13','Brooklyn','Kings',11219),(325,'Justine','Ferrario','$2y$10$oQShp7NuNHSZ9FV2f.QZXe9TqVAY2HBFAxaCNlSUoXCNZKy7wtyMe',9099933242,'male',' ','1','0','2025-02-18 20:47:13','Pomona','Los Angeles',91768),(326,'Adelina','Nabours','$2y$10$oQShp7NuNHSZ9FV2f.QZXe9TqVAY2HBFAxaCNlSUoXCNZKy7wtyMe',2162304892,'female',' ','1','0','2025-02-18 20:47:13','Cleveland','Cuyahoga',44103),(327,'Derick','Dhamer','$2y$10$MzSFe3ibGT9V1o0RqYHoIuOvA5X7fJVfp4CH9.QgIq56Wg/S/Gh92',2123044515,'male',' ','1','1','2025-02-18 20:47:13','New York','New York',10013),(328,'Jerry','Dallen','$2y$10$MzSFe3ibGT9V1o0RqYHoIuOvA5X7fJVfp4CH9.QgIq56Wg/S/Gh92',8047629576,'male',' ','1','1','2025-02-18 20:47:13','Richmond','Richmond City',23219),(329,'Leota','Ragel','$2y$10$MzSFe3ibGT9V1o0RqYHoIuOvA5X7fJVfp4CH9.QgIq56Wg/S/Gh92',7062214243,'female',' ','1','1','2025-02-18 20:47:13','Trion','Chattooga',30753),(330,'Jutta','Amyot','$2y$10$MzSFe3ibGT9V1o0RqYHoIuOvA5X7fJVfp4CH9.QgIq56Wg/S/Gh92',3375151438,'male',' ','1','1','2025-02-18 20:47:13','Broussard','Lafayette',70518),(331,'Aja','Gehrett','$2y$10$MzSFe3ibGT9V1o0RqYHoIuOvA5X7fJVfp4CH9.QgIq56Wg/S/Gh92',9735442677,'male',' ','1','1','2025-02-18 20:47:13','Nutley','Essex',7110),(332,'Kirk','Herritt','$2y$10$MzSFe3ibGT9V1o0RqYHoIuOvA5X7fJVfp4CH9.QgIq56Wg/S/Gh92',6074073716,'female',' ','1','1','2025-02-18 20:47:13','Vestal','Broome',13850),(333,'Leonora','Mauson','$2y$10$oQShp7NuNHSZ9FV2f.QZXe9TqVAY2HBFAxaCNlSUoXCNZKy7wtyMe',9734122995,'male',' ','1','0','2025-02-18 20:47:13','Passaic','Passaic',7055),(334,'Winfred','Brucato','$2y$10$oQShp7NuNHSZ9FV2f.QZXe9TqVAY2HBFAxaCNlSUoXCNZKy7wtyMe',2082524552,'male',' ','1','0','2025-02-18 20:47:13','Moscow','Latah',83843),(335,'Tarra','Nachor','$2y$10$MzSFe3ibGT9V1o0RqYHoIuOvA5X7fJVfp4CH9.QgIq56Wg/S/Gh92',4154111775,'female',' ','1','1','2025-02-18 20:47:13','San Francisco','San Francisco',94104),(336,'Corinne','Loder','$2y$10$oQShp7NuNHSZ9FV2f.QZXe9TqVAY2HBFAxaCNlSUoXCNZKy7wtyMe',5089424186,'female',' ','1','0','2025-02-18 20:47:13','North Attleboro','Bristol',2760),(337,'Dulce','Labreche','$2y$10$MzSFe3ibGT9V1o0RqYHoIuOvA5X7fJVfp4CH9.QgIq56Wg/S/Gh92',2483578718,'male',' ','1','1','2025-02-18 20:47:13','Rochester','Oakland',48307),(338,'Kate','Keneipp','$2y$10$MzSFe3ibGT9V1o0RqYHoIuOvA5X7fJVfp4CH9.QgIq56Wg/S/Gh92',9203536377,'male',' ','1','1','2025-02-18 20:47:13','Green Bay','Brown',54301),(339,'Kaitlyn','Ogg','$2y$10$oQShp7NuNHSZ9FV2f.QZXe9TqVAY2HBFAxaCNlSUoXCNZKy7wtyMe',4106654903,'male',' ','1','0','2025-02-18 20:47:13','Baltimore','Baltimore City',21230),(340,'Sherita','Saras','$2y$10$MzSFe3ibGT9V1o0RqYHoIuOvA5X7fJVfp4CH9.QgIq56Wg/S/Gh92',7196691664,'male',' ','1','1','2025-02-18 20:47:13','Colorado Springs','El Paso',80937),(341,'Lashawnda','Stuer','$2y$10$oQShp7NuNHSZ9FV2f.QZXe9TqVAY2HBFAxaCNlSUoXCNZKy7wtyMe',4195888719,'female',' ','1','0','2025-02-18 20:47:13','Toledo','Lucas',43607),(342,'Ernest','Syrop','$2y$10$oQShp7NuNHSZ9FV2f.QZXe9TqVAY2HBFAxaCNlSUoXCNZKy7wtyMe',3019989644,'female',' ','1','0','2025-02-18 20:47:13','Hyattsville','Prince Georges',20785),(343,'Nobuko','Halsey','$2y$10$oQShp7NuNHSZ9FV2f.QZXe9TqVAY2HBFAxaCNlSUoXCNZKy7wtyMe',5088559887,'male',' ','1','0','2025-02-18 20:47:13','New Bedford','Bristol',2745),(344,'Lavonna','Wolny','$2y$10$oQShp7NuNHSZ9FV2f.QZXe9TqVAY2HBFAxaCNlSUoXCNZKy7wtyMe',7034831970,'female',' ','1','0','2025-02-18 20:47:13','Mc Lean','Fairfax',22102),(345,'Lashaunda','Lizama','$2y$10$oQShp7NuNHSZ9FV2f.QZXe9TqVAY2HBFAxaCNlSUoXCNZKy7wtyMe',4106782473,'male',' ','1','0','2025-02-18 20:47:13','Hanover','Anne Arundel',21076),(346,'Mariann','Bilden','$2y$10$oQShp7NuNHSZ9FV2f.QZXe9TqVAY2HBFAxaCNlSUoXCNZKy7wtyMe',5122234791,'male',' ','1','0','2025-02-18 20:47:13','Austin','Travis',78753),(347,'Helene','Rodenberger','$2y$10$oQShp7NuNHSZ9FV2f.QZXe9TqVAY2HBFAxaCNlSUoXCNZKy7wtyMe',6234618551,'male',' ','1','0','2025-02-18 20:47:13','Peoria','Maricopa',85381),(348,'Roselle','Estell','$2y$10$MzSFe3ibGT9V1o0RqYHoIuOvA5X7fJVfp4CH9.QgIq56Wg/S/Gh92',4195715920,'female',' ','1','1','2025-02-18 20:47:13','Bucyrus','Crawford',44820),(349,'Samira','Heintzman','$2y$10$MzSFe3ibGT9V1o0RqYHoIuOvA5X7fJVfp4CH9.QgIq56Wg/S/Gh92',2063114137,'female',' ','1','1','2025-02-18 20:47:13','Kent','King',98032),(350,'Margart','Meisel','$2y$10$MzSFe3ibGT9V1o0RqYHoIuOvA5X7fJVfp4CH9.QgIq56Wg/S/Gh92',5136172362,'female',' ','1','1','2025-02-18 20:47:13','Cincinnati','Hamilton',45251),(351,'Kristofer','Bennick','$2y$10$MzSFe3ibGT9V1o0RqYHoIuOvA5X7fJVfp4CH9.QgIq56Wg/S/Gh92',8123681511,'female',' ','1','1','2025-02-18 20:47:13','Bloomington','Monroe',47404),(352,'Weldon','Acuff','$2y$10$oQShp7NuNHSZ9FV2f.QZXe9TqVAY2HBFAxaCNlSUoXCNZKy7wtyMe',8473532156,'male',' ','1','0','2025-02-18 20:47:13','Arlington Heights','Cook',60004),(353,'Shalon','Shadrick','$2y$10$oQShp7NuNHSZ9FV2f.QZXe9TqVAY2HBFAxaCNlSUoXCNZKy7wtyMe',7182322337,'male',' ','1','0','2025-02-18 20:47:13','Brooklyn','Kings',11223),(354,'Denise','Patak','$2y$10$oQShp7NuNHSZ9FV2f.QZXe9TqVAY2HBFAxaCNlSUoXCNZKy7wtyMe',4074464358,'male',' ','1','0','2025-02-18 20:47:13','Orlando','Orange',32801),(355,'Louvenia','Beech','$2y$10$oQShp7NuNHSZ9FV2f.QZXe9TqVAY2HBFAxaCNlSUoXCNZKy7wtyMe',3108202117,'male',' ','1','0','2025-02-18 20:47:13','Beverly Hills','Los Angeles',90210),(356,'Audry','Yaw','$2y$10$MzSFe3ibGT9V1o0RqYHoIuOvA5X7fJVfp4CH9.QgIq56Wg/S/Gh92',8137974816,'male',' ','1','1','2025-02-18 20:47:13','Brandon','Hillsborough',33511),(357,'Kristel','Ehmann','$2y$10$MzSFe3ibGT9V1o0RqYHoIuOvA5X7fJVfp4CH9.QgIq56Wg/S/Gh92',9154521290,'male',' ','1','1','2025-02-18 20:47:13','El Paso','El Paso',79925),(358,'Vincenza','Zepp','$2y$10$oQShp7NuNHSZ9FV2f.QZXe9TqVAY2HBFAxaCNlSUoXCNZKy7wtyMe',6196035125,'male',' ','1','0','2025-02-18 20:47:13','El Cajon','San Diego',92020),(359,'Elouise','Gwalthney','$2y$10$MzSFe3ibGT9V1o0RqYHoIuOvA5X7fJVfp4CH9.QgIq56Wg/S/Gh92',3018415012,'female',' ','1','1','2025-02-18 20:47:13','Bladensburg','Prince Georges',20710),(360,'Venita','Maillard','$2y$10$oQShp7NuNHSZ9FV2f.QZXe9TqVAY2HBFAxaCNlSUoXCNZKy7wtyMe',7145236653,'male',' ','1','0','2025-02-18 20:47:13','Anaheim','Orange',92801),(361,'Kasandra','Semidey','$2y$10$oQShp7NuNHSZ9FV2f.QZXe9TqVAY2HBFAxaCNlSUoXCNZKy7wtyMe',3147329131,'female',' ','1','0','2025-02-18 20:47:13','Saint Louis','Saint Louis City',63102),(362,'Xochitl','Discipio','$2y$10$MzSFe3ibGT9V1o0RqYHoIuOvA5X7fJVfp4CH9.QgIq56Wg/S/Gh92',5122331831,'male',' ','1','1','2025-02-18 20:47:13','Round Rock','Williamson',78664),(363,'Maile','Linahan','$2y$10$MzSFe3ibGT9V1o0RqYHoIuOvA5X7fJVfp4CH9.QgIq56Wg/S/Gh92',3366702640,'female',' ','1','1','2025-02-18 20:47:13','Greensboro','Guilford',27409),(364,'Krissy','Rauser','$2y$10$MzSFe3ibGT9V1o0RqYHoIuOvA5X7fJVfp4CH9.QgIq56Wg/S/Gh92',6314434710,'male',' ','1','1','2025-02-18 20:47:13','Coram','Suffolk',11727),(365,'Pete','Dubaldi','$2y$10$MzSFe3ibGT9V1o0RqYHoIuOvA5X7fJVfp4CH9.QgIq56Wg/S/Gh92',2018252514,'female',' ','1','1','2025-02-18 20:47:13','Lyndhurst','Bergen',7071),(366,'Linn','Paa','$2y$10$oQShp7NuNHSZ9FV2f.QZXe9TqVAY2HBFAxaCNlSUoXCNZKy7wtyMe',9014124381,'male',' ','1','0','2025-02-18 20:47:13','Memphis','Shelby',38112),(367,'Paris','Wide','$2y$10$MzSFe3ibGT9V1o0RqYHoIuOvA5X7fJVfp4CH9.QgIq56Wg/S/Gh92',4045054445,'male',' ','1','1','2025-02-18 20:47:13','Atlanta','Fulton',30342),(368,'Wynell','Dorshorst','$2y$10$oQShp7NuNHSZ9FV2f.QZXe9TqVAY2HBFAxaCNlSUoXCNZKy7wtyMe',6504731262,'male',' ','1','0','2025-02-18 20:47:13','Pacifica','San Mateo',94044),(369,'Quentin','Birkner','$2y$10$oQShp7NuNHSZ9FV2f.QZXe9TqVAY2HBFAxaCNlSUoXCNZKy7wtyMe',9527027993,'male',' ','1','0','2025-02-18 20:47:13','Burnsville','Dakota',55337),(370,'Regenia','Kannady','$2y$10$oQShp7NuNHSZ9FV2f.QZXe9TqVAY2HBFAxaCNlSUoXCNZKy7wtyMe',4807261280,'male',' ','1','0','2025-02-18 20:47:13','Scottsdale','Maricopa',85260),(371,'Sheron','Louissant','$2y$10$oQShp7NuNHSZ9FV2f.QZXe9TqVAY2HBFAxaCNlSUoXCNZKy7wtyMe',7189768610,'male',' ','1','0','2025-02-18 20:47:13','Long Island City','Queens',11101),(372,'Izetta','Funnell','$2y$10$MzSFe3ibGT9V1o0RqYHoIuOvA5X7fJVfp4CH9.QgIq56Wg/S/Gh92',7708443447,'female',' ','1','1','2025-02-18 20:47:13','Atlanta','Dekalb',30340),(373,'Rodolfo','Butzen','$2y$10$MzSFe3ibGT9V1o0RqYHoIuOvA5X7fJVfp4CH9.QgIq56Wg/S/Gh92',5072103510,'male',' ','1','1','2025-02-18 20:47:13','Northfield','Rice',55057),(374,'Zona','Colla','$2y$10$oQShp7NuNHSZ9FV2f.QZXe9TqVAY2HBFAxaCNlSUoXCNZKy7wtyMe',2034611949,'female',' ','1','0','2025-02-18 20:47:13','Norwalk','Fairfield',6854),(375,'Serina','Zagen','$2y$10$oQShp7NuNHSZ9FV2f.QZXe9TqVAY2HBFAxaCNlSUoXCNZKy7wtyMe',2602733725,'female',' ','1','0','2025-02-18 20:47:13','Fort Wayne','Allen',46802),(376,'Paz','Sahagun','$2y$10$MzSFe3ibGT9V1o0RqYHoIuOvA5X7fJVfp4CH9.QgIq56Wg/S/Gh92',6019278287,'male',' ','1','1','2025-02-18 20:47:13','Meridian','Lauderdale',39307),(377,'Markus','Lukasik','$2y$10$MzSFe3ibGT9V1o0RqYHoIuOvA5X7fJVfp4CH9.QgIq56Wg/S/Gh92',5869707380,'male',' ','1','1','2025-02-18 20:47:13','Sterling Heights','Macomb',48310),(378,'Jaclyn','Bachman','$2y$10$oQShp7NuNHSZ9FV2f.QZXe9TqVAY2HBFAxaCNlSUoXCNZKy7wtyMe',7198533600,'male',' ','1','0','2025-02-18 20:47:13','Colorado Springs','El Paso',80919),(379,'Cyril','Daufeldt','$2y$10$MzSFe3ibGT9V1o0RqYHoIuOvA5X7fJVfp4CH9.QgIq56Wg/S/Gh92',2127458484,'male',' ','1','1','2025-02-18 20:47:13','New York','New York',10013),(380,'Gayla','Schnitzler','$2y$10$MzSFe3ibGT9V1o0RqYHoIuOvA5X7fJVfp4CH9.QgIq56Wg/S/Gh92',5106863407,'female',' ','1','1','2025-02-18 20:47:13','Hayward','Alameda',94545),(381,'Erick','Nievas','$2y$10$MzSFe3ibGT9V1o0RqYHoIuOvA5X7fJVfp4CH9.QgIq56Wg/S/Gh92',7737049903,'male',' ','1','1','2025-02-18 20:47:13','Chicago','Cook',60624),(382,'Jennie','Drymon','$2y$10$oQShp7NuNHSZ9FV2f.QZXe9TqVAY2HBFAxaCNlSUoXCNZKy7wtyMe',5702184831,'male',' ','1','0','2025-02-18 20:47:13','Scranton','Lackawanna',18509),(383,'Mitsue','Scipione','$2y$10$MzSFe3ibGT9V1o0RqYHoIuOvA5X7fJVfp4CH9.QgIq56Wg/S/Gh92',5309869272,'male',' ','1','1','2025-02-18 20:47:13','Oroville','Butte',95965),(384,'Ciara','Ventura','$2y$10$MzSFe3ibGT9V1o0RqYHoIuOvA5X7fJVfp4CH9.QgIq56Wg/S/Gh92',8458238877,'male',' ','1','1','2025-02-18 20:47:13','Port Jervis','Orange',12771),(385,'Galen','Cantres','$2y$10$oQShp7NuNHSZ9FV2f.QZXe9TqVAY2HBFAxaCNlSUoXCNZKy7wtyMe',2166006111,'male',' ','1','0','2025-02-18 20:47:13','Brook Park','Cuyahoga',44142),(386,'Truman','Feichtner','$2y$10$oQShp7NuNHSZ9FV2f.QZXe9TqVAY2HBFAxaCNlSUoXCNZKy7wtyMe',9738522736,'female',' ','1','0','2025-02-18 20:47:13','Bloomfield','Essex',7003),(387,'Gail','Kitty','$2y$10$MzSFe3ibGT9V1o0RqYHoIuOvA5X7fJVfp4CH9.QgIq56Wg/S/Gh92',9074359166,'female',' ','1','1','2025-02-18 20:47:13','Anchorage','Anchorage',99501),(388,'Dalene','Schoeneck','$2y$10$oQShp7NuNHSZ9FV2f.QZXe9TqVAY2HBFAxaCNlSUoXCNZKy7wtyMe',2152681275,'male',' ','1','0','2025-02-18 20:47:13','Philadelphia','Philadelphia',19102),(389,'Gertude','Witten','$2y$10$MzSFe3ibGT9V1o0RqYHoIuOvA5X7fJVfp4CH9.QgIq56Wg/S/Gh92',5139777043,'male',' ','1','1','2025-02-18 20:47:13','Cincinnati','Hamilton',45217),(390,'Lizbeth','Kohl','$2y$10$MzSFe3ibGT9V1o0RqYHoIuOvA5X7fJVfp4CH9.QgIq56Wg/S/Gh92',3106991222,'male',' ','1','1','2025-02-18 20:47:13','Gardena','Los Angeles',90248),(391,'Glenn','Berray','$2y$10$oQShp7NuNHSZ9FV2f.QZXe9TqVAY2HBFAxaCNlSUoXCNZKy7wtyMe',5153707348,'male',' ','1','0','2025-02-18 20:47:13','Des Moines','Polk',50315),(392,'Lashandra','Klang','$2y$10$oQShp7NuNHSZ9FV2f.QZXe9TqVAY2HBFAxaCNlSUoXCNZKy7wtyMe',6108091818,'male',' ','1','0','2025-02-18 20:47:13','King of Prussia','Montgomery',19406),(393,'Lenna','Newville','$2y$10$oQShp7NuNHSZ9FV2f.QZXe9TqVAY2HBFAxaCNlSUoXCNZKy7wtyMe',9196232524,'male',' ','1','0','2025-02-18 20:47:13','Raleigh','Wake',27601),(394,'Laurel','Pagliuca','$2y$10$MzSFe3ibGT9V1o0RqYHoIuOvA5X7fJVfp4CH9.QgIq56Wg/S/Gh92',5096955199,'male',' ','1','1','2025-02-18 20:47:13','Richland','Benton',99352),(395,'Mireya','Frerking','$2y$10$MzSFe3ibGT9V1o0RqYHoIuOvA5X7fJVfp4CH9.QgIq56Wg/S/Gh92',9148685965,'male',' ','1','1','2025-02-18 20:47:13','Pelham','Westchester',10803),(396,'Annelle','Tagala','$2y$10$oQShp7NuNHSZ9FV2f.QZXe9TqVAY2HBFAxaCNlSUoXCNZKy7wtyMe',4107571035,'male',' ','1','0','2025-02-18 20:47:13','Parkville','Baltimore',21234),(397,'Dean','Ketelsen','$2y$10$oQShp7NuNHSZ9FV2f.QZXe9TqVAY2HBFAxaCNlSUoXCNZKy7wtyMe',5168474418,'male',' ','1','0','2025-02-18 20:47:13','Hicksville','Nassau',11801),(398,'Levi','Munis','$2y$10$MzSFe3ibGT9V1o0RqYHoIuOvA5X7fJVfp4CH9.QgIq56Wg/S/Gh92',5084564907,'female',' ','1','1','2025-02-18 20:47:13','Worcester','Worcester',1603),(399,'Sylvie','Ryser','$2y$10$MzSFe3ibGT9V1o0RqYHoIuOvA5X7fJVfp4CH9.QgIq56Wg/S/Gh92',9186449555,'female',' ','1','1','2025-02-18 20:47:13','Tulsa','Tulsa',74105),(400,'Sharee','Maile','$2y$10$MzSFe3ibGT9V1o0RqYHoIuOvA5X7fJVfp4CH9.QgIq56Wg/S/Gh92',2314679978,'male',' ','1','1','2025-02-18 20:47:13','Muskegon','Muskegon',49442),(401,'Cordelia','Storment','$2y$10$MzSFe3ibGT9V1o0RqYHoIuOvA5X7fJVfp4CH9.QgIq56Wg/S/Gh92',3375666001,'male',' ','1','1','2025-02-18 20:47:13','Lafayette','Lafayette',70506),(402,'Mollie','Mcdoniel','$2y$10$MzSFe3ibGT9V1o0RqYHoIuOvA5X7fJVfp4CH9.QgIq56Wg/S/Gh92',4199753182,'male',' ','1','1','2025-02-18 20:47:13','Bowling Green','Wood',43402),(403,'Brett','Mccullan','$2y$10$MzSFe3ibGT9V1o0RqYHoIuOvA5X7fJVfp4CH9.QgIq56Wg/S/Gh92',6194619984,'female',' ','1','1','2025-02-18 20:47:13','La Mesa','San Diego',91942),(404,'Teddy','Pedrozo','$2y$10$MzSFe3ibGT9V1o0RqYHoIuOvA5X7fJVfp4CH9.QgIq56Wg/S/Gh92',2038923863,'female',' ','1','1','2025-02-18 20:47:13','Bridgeport','Fairfield',6610),(405,'Tasia','Andreason','$2y$10$MzSFe3ibGT9V1o0RqYHoIuOvA5X7fJVfp4CH9.QgIq56Wg/S/Gh92',2019209002,'female',' ','1','1','2025-02-18 20:47:13','Kearny','Hudson',7032),(406,'Hubert','Walthall','$2y$10$MzSFe3ibGT9V1o0RqYHoIuOvA5X7fJVfp4CH9.QgIq56Wg/S/Gh92',3309031345,'female',' ','1','1','2025-02-18 20:47:13','Barberton','Summit',44203),(407,'Arthur','Farrow','$2y$10$MzSFe3ibGT9V1o0RqYHoIuOvA5X7fJVfp4CH9.QgIq56Wg/S/Gh92',2012385688,'male',' ','1','1','2025-02-18 20:47:13','Englewood','Bergen',7631),(408,'Vilma','Berlanga','$2y$10$MzSFe3ibGT9V1o0RqYHoIuOvA5X7fJVfp4CH9.QgIq56Wg/S/Gh92',6167373085,'male',' ','1','1','2025-02-18 20:47:13','Grand Rapids','Kent',49546),(409,'Billye','Miro','$2y$10$MzSFe3ibGT9V1o0RqYHoIuOvA5X7fJVfp4CH9.QgIq56Wg/S/Gh92',6015675386,'male',' ','1','1','2025-02-18 20:47:13','Pearl','Rankin',39208),(410,'Glenna','Slayton','$2y$10$oQShp7NuNHSZ9FV2f.QZXe9TqVAY2HBFAxaCNlSUoXCNZKy7wtyMe',9016409178,'female',' ','1','0','2025-02-18 20:47:13','Memphis','Shelby',38118),(411,'Mitzie','Hudnall','$2y$10$MzSFe3ibGT9V1o0RqYHoIuOvA5X7fJVfp4CH9.QgIq56Wg/S/Gh92',3034021940,'female',' ','1','1','2025-02-18 20:47:13','Englewood','Arapahoe',80110),(412,'Bernardine','Rodefer','$2y$10$oQShp7NuNHSZ9FV2f.QZXe9TqVAY2HBFAxaCNlSUoXCNZKy7wtyMe',9019014726,'female',' ','1','0','2025-02-18 20:47:13','Memphis','Shelby',38112),(413,'Staci','Schmaltz','$2y$10$MzSFe3ibGT9V1o0RqYHoIuOvA5X7fJVfp4CH9.QgIq56Wg/S/Gh92',6268662339,'female',' ','1','1','2025-02-18 20:47:13','Pasadena','Los Angeles',91106),(414,'Nichelle','Meteer','$2y$10$oQShp7NuNHSZ9FV2f.QZXe9TqVAY2HBFAxaCNlSUoXCNZKy7wtyMe',7732259985,'male',' ','1','0','2025-02-18 20:47:13','Chicago','Cook',60657),(415,'Janine','Rhoden','$2y$10$oQShp7NuNHSZ9FV2f.QZXe9TqVAY2HBFAxaCNlSUoXCNZKy7wtyMe',7182285894,'male',' ','1','0','2025-02-18 20:47:13','Astoria','Queens',11103),(416,'Ettie','Hoopengardner','$2y$10$MzSFe3ibGT9V1o0RqYHoIuOvA5X7fJVfp4CH9.QgIq56Wg/S/Gh92',5097555393,'male',' ','1','1','2025-02-18 20:47:13','Richland','Benton',99352),(417,'Eden','Jayson','$2y$10$oQShp7NuNHSZ9FV2f.QZXe9TqVAY2HBFAxaCNlSUoXCNZKy7wtyMe',4108907866,'male',' ','1','0','2025-02-18 20:47:13','Baltimore','Baltimore City',21202),(418,'Lynelle','Auber','$2y$10$oQShp7NuNHSZ9FV2f.QZXe9TqVAY2HBFAxaCNlSUoXCNZKy7wtyMe',9738608610,'female',' ','1','0','2025-02-18 20:47:13','Newark','Essex',7104),(419,'Merissa','Tomblin','$2y$10$MzSFe3ibGT9V1o0RqYHoIuOvA5X7fJVfp4CH9.QgIq56Wg/S/Gh92',5625796900,'female',' ','1','1','2025-02-18 20:47:13','Bellflower','Los Angeles',90706),(420,'Golda','Kaniecki','$2y$10$MzSFe3ibGT9V1o0RqYHoIuOvA5X7fJVfp4CH9.QgIq56Wg/S/Gh92',7326289909,'male',' ','1','1','2025-02-18 20:47:13','Toms River','Ocean',8755),(421,'Catarina','Gleich','$2y$10$oQShp7NuNHSZ9FV2f.QZXe9TqVAY2HBFAxaCNlSUoXCNZKy7wtyMe',9732103994,'male',' ','1','0','2025-02-18 20:47:13','Denville','Morris',7834),(422,'Virgie','Kiel','$2y$10$MzSFe3ibGT9V1o0RqYHoIuOvA5X7fJVfp4CH9.QgIq56Wg/S/Gh92',3037767548,'female',' ','1','1','2025-02-18 20:47:13','Denver','Denver',80216),(423,'Jolene','Ostolaza','$2y$10$oQShp7NuNHSZ9FV2f.QZXe9TqVAY2HBFAxaCNlSUoXCNZKy7wtyMe',7576827116,'female',' ','1','0','2025-02-18 20:47:13','Newport News','Newport News City',23608),(424,'Keneth','Borgman','$2y$10$oQShp7NuNHSZ9FV2f.QZXe9TqVAY2HBFAxaCNlSUoXCNZKy7wtyMe',6029194211,'male',' ','1','0','2025-02-18 20:47:13','Phoenix','Maricopa',85012),(425,'Rikki','Nayar','$2y$10$MzSFe3ibGT9V1o0RqYHoIuOvA5X7fJVfp4CH9.QgIq56Wg/S/Gh92',3059689487,'male',' ','1','1','2025-02-18 20:47:13','Miami','Miami-Dade',33155),(426,'Elke','Sengbusch','$2y$10$MzSFe3ibGT9V1o0RqYHoIuOvA5X7fJVfp4CH9.QgIq56Wg/S/Gh92',6028962993,'female',' ','1','1','2025-02-18 20:47:13','Phoenix','Maricopa',85013),(427,'Hoa','Sarao','$2y$10$MzSFe3ibGT9V1o0RqYHoIuOvA5X7fJVfp4CH9.QgIq56Wg/S/Gh92',3865267800,'female',' ','1','1','2025-02-18 20:47:13','Oak Hill','Volusia',32759),(428,'Trinidad','Mcrae','$2y$10$oQShp7NuNHSZ9FV2f.QZXe9TqVAY2HBFAxaCNlSUoXCNZKy7wtyMe',4153319634,'male',' ','1','0','2025-02-18 20:47:13','San Francisco','San Francisco',94105),(429,'Mari','Lueckenbach','$2y$10$MzSFe3ibGT9V1o0RqYHoIuOvA5X7fJVfp4CH9.QgIq56Wg/S/Gh92',8587939684,'female',' ','1','1','2025-02-18 20:47:13','San Diego','San Diego',92110),(430,'Selma','Husser','$2y$10$MzSFe3ibGT9V1o0RqYHoIuOvA5X7fJVfp4CH9.QgIq56Wg/S/Gh92',2019918369,'male',' ','1','1','2025-02-18 20:47:13','Jersey City','Hudson',7306),(431,'Antione','Onofrio','$2y$10$oQShp7NuNHSZ9FV2f.QZXe9TqVAY2HBFAxaCNlSUoXCNZKy7wtyMe',9094307765,'male',' ','1','0','2025-02-18 20:47:13','San Bernardino','San Bernardino',92410),(432,'Luisa','Jurney','$2y$10$MzSFe3ibGT9V1o0RqYHoIuOvA5X7fJVfp4CH9.QgIq56Wg/S/Gh92',6173652134,'female',' ','1','1','2025-02-18 20:47:13','Cambridge','Middlesex',2138),(433,'Clorinda','Heimann','$2y$10$oQShp7NuNHSZ9FV2f.QZXe9TqVAY2HBFAxaCNlSUoXCNZKy7wtyMe',7602915497,'male',' ','1','0','2025-02-18 20:47:13','Escondido','San Diego',92025),(434,'Dick','Wenzinger','$2y$10$MzSFe3ibGT9V1o0RqYHoIuOvA5X7fJVfp4CH9.QgIq56Wg/S/Gh92',3105109713,'female',' ','1','1','2025-02-18 20:47:13','Gardena','Los Angeles',90248),(435,'Ahmed','Angalich','$2y$10$MzSFe3ibGT9V1o0RqYHoIuOvA5X7fJVfp4CH9.QgIq56Wg/S/Gh92',7175288996,'male',' ','1','1','2025-02-18 20:47:13','Harrisburg','Dauphin',17110),(436,'Iluminada','Ohms','$2y$10$oQShp7NuNHSZ9FV2f.QZXe9TqVAY2HBFAxaCNlSUoXCNZKy7wtyMe',4802932882,'male',' ','1','0','2025-02-18 20:47:13','Mesa','Maricopa',85204),(437,'Joanna','Leinenbach','$2y$10$oQShp7NuNHSZ9FV2f.QZXe9TqVAY2HBFAxaCNlSUoXCNZKy7wtyMe',5614704574,'female',' ','1','0','2025-02-18 20:47:13','Lake Worth','Palm Beach',33461),(438,'Caprice','Suell','$2y$10$MzSFe3ibGT9V1o0RqYHoIuOvA5X7fJVfp4CH9.QgIq56Wg/S/Gh92',6152461824,'female',' ','1','1','2025-02-18 20:47:13','Nashville','Davidson',37211),(439,'Stephane','Myricks','$2y$10$oQShp7NuNHSZ9FV2f.QZXe9TqVAY2HBFAxaCNlSUoXCNZKy7wtyMe',8597177638,'male',' ','1','0','2025-02-18 20:47:13','Burlington','Boone',41005),(440,'Quentin','Swayze','$2y$10$oQShp7NuNHSZ9FV2f.QZXe9TqVAY2HBFAxaCNlSUoXCNZKy7wtyMe',7345616170,'female',' ','1','0','2025-02-18 20:47:13','Milan','Monroe',48160),(441,'Annmarie','Castros','$2y$10$oQShp7NuNHSZ9FV2f.QZXe9TqVAY2HBFAxaCNlSUoXCNZKy7wtyMe',9367517961,'male',' ','1','0','2025-02-18 20:47:13','Conroe','Montgomery',77301),(442,'Shonda','Greenbush','$2y$10$oQShp7NuNHSZ9FV2f.QZXe9TqVAY2HBFAxaCNlSUoXCNZKy7wtyMe',9734822430,'male',' ','1','0','2025-02-18 20:47:13','Clifton','Passaic',7011),(443,'Cecil','Lapage','$2y$10$MzSFe3ibGT9V1o0RqYHoIuOvA5X7fJVfp4CH9.QgIq56Wg/S/Gh92',2016933967,'female',' ','1','1','2025-02-18 20:47:13','Union City','Hudson',7087),(444,'Jeanice','Claucherty','$2y$10$oQShp7NuNHSZ9FV2f.QZXe9TqVAY2HBFAxaCNlSUoXCNZKy7wtyMe',3059884162,'male',' ','1','0','2025-02-18 20:47:13','Miami','Miami-Dade',33142),(445,'Josphine','Villanueva','$2y$10$oQShp7NuNHSZ9FV2f.QZXe9TqVAY2HBFAxaCNlSUoXCNZKy7wtyMe',9315539774,'female',' ','1','0','2025-02-18 20:47:13','Moss','Clay',38575),(446,'Daniel','Perruzza','$2y$10$oQShp7NuNHSZ9FV2f.QZXe9TqVAY2HBFAxaCNlSUoXCNZKy7wtyMe',7147713880,'female',' ','1','0','2025-02-18 20:47:13','Santa Ana','Orange',92705),(447,'Cassi','Wildfong','$2y$10$MzSFe3ibGT9V1o0RqYHoIuOvA5X7fJVfp4CH9.QgIq56Wg/S/Gh92',8476333216,'female',' ','1','1','2025-02-18 20:47:13','Rolling Meadows','Cook',60008),(448,'Britt','Galam','$2y$10$MzSFe3ibGT9V1o0RqYHoIuOvA5X7fJVfp4CH9.QgIq56Wg/S/Gh92',2158883304,'female',' ','1','1','2025-02-18 20:47:13','Hatfield','Montgomery',19440),(449,'Adell','Lipkin','$2y$10$MzSFe3ibGT9V1o0RqYHoIuOvA5X7fJVfp4CH9.QgIq56Wg/S/Gh92',9736541561,'male',' ','1','1','2025-02-18 20:47:13','Whippany','Morris',7981),(450,'Jacqueline','Rowling','$2y$10$oQShp7NuNHSZ9FV2f.QZXe9TqVAY2HBFAxaCNlSUoXCNZKy7wtyMe',8148658113,'male',' ','1','0','2025-02-18 20:47:13','Erie','Erie',16501),(451,'Lonny','Weglarz','$2y$10$oQShp7NuNHSZ9FV2f.QZXe9TqVAY2HBFAxaCNlSUoXCNZKy7wtyMe',8012939853,'female',' ','1','0','2025-02-18 20:47:13','Salt Lake City','Salt Lake',84115),(452,'Lonna','Diestel','$2y$10$oQShp7NuNHSZ9FV2f.QZXe9TqVAY2HBFAxaCNlSUoXCNZKy7wtyMe',9109223672,'male',' ','1','0','2025-02-18 20:47:13','Fayetteville','Cumberland',28301),(453,'Cristal','Samara','$2y$10$MzSFe3ibGT9V1o0RqYHoIuOvA5X7fJVfp4CH9.QgIq56Wg/S/Gh92',2139758026,'female',' ','1','1','2025-02-18 20:47:13','Los Angeles','Los Angeles',90021),(454,'Kenneth','Grenet','$2y$10$oQShp7NuNHSZ9FV2f.QZXe9TqVAY2HBFAxaCNlSUoXCNZKy7wtyMe',5174992322,'male',' ','1','0','2025-02-18 20:47:13','East Lansing','Ingham',48823),(455,'Elli','Mclaird','$2y$10$MzSFe3ibGT9V1o0RqYHoIuOvA5X7fJVfp4CH9.QgIq56Wg/S/Gh92',3158182638,'female',' ','1','1','2025-02-18 20:47:13','Utica','Oneida',13501),(456,'Alline','Jeanty','$2y$10$oQShp7NuNHSZ9FV2f.QZXe9TqVAY2HBFAxaCNlSUoXCNZKy7wtyMe',5746562800,'female',' ','1','0','2025-02-18 20:47:13','South Bend','St Joseph',46601),(457,'Sharika','Eanes','$2y$10$MzSFe3ibGT9V1o0RqYHoIuOvA5X7fJVfp4CH9.QgIq56Wg/S/Gh92',4073121691,'male',' ','1','1','2025-02-18 20:47:13','Orlando','Orange',32806),(458,'Nu','Mcnease','$2y$10$oQShp7NuNHSZ9FV2f.QZXe9TqVAY2HBFAxaCNlSUoXCNZKy7wtyMe',9737519003,'female',' ','1','0','2025-02-18 20:47:13','Harrison','Hudson',7029),(459,'Daniela','Comnick','$2y$10$oQShp7NuNHSZ9FV2f.QZXe9TqVAY2HBFAxaCNlSUoXCNZKy7wtyMe',6092008577,'male',' ','1','0','2025-02-18 20:47:13','Trenton','Mercer',8611),(460,'Cecilia','Colaizzo','$2y$10$MzSFe3ibGT9V1o0RqYHoIuOvA5X7fJVfp4CH9.QgIq56Wg/S/Gh92',6083824541,'male',' ','1','1','2025-02-18 20:47:13','Madison','Dane',53717),(461,'Leslie','Threets','$2y$10$MzSFe3ibGT9V1o0RqYHoIuOvA5X7fJVfp4CH9.QgIq56Wg/S/Gh92',9148619748,'male',' ','1','1','2025-02-18 20:47:13','Katonah','Westchester',10536),(462,'Nan','Koppinger','$2y$10$oQShp7NuNHSZ9FV2f.QZXe9TqVAY2HBFAxaCNlSUoXCNZKy7wtyMe',3363705333,'male',' ','1','0','2025-02-18 20:47:13','Greensboro','Guilford',27401),(463,'Izetta','Dewar','$2y$10$MzSFe3ibGT9V1o0RqYHoIuOvA5X7fJVfp4CH9.QgIq56Wg/S/Gh92',4104731708,'male',' ','1','1','2025-02-18 20:47:13','Baltimore','Baltimore City',21217),(464,'Tegan','Arceo','$2y$10$oQShp7NuNHSZ9FV2f.QZXe9TqVAY2HBFAxaCNlSUoXCNZKy7wtyMe',7327302692,'female',' ','1','0','2025-02-18 20:47:13','Monroe Township','Middlesex',8831),(465,'Ruthann','Keener','$2y$10$oQShp7NuNHSZ9FV2f.QZXe9TqVAY2HBFAxaCNlSUoXCNZKy7wtyMe',8302582769,'male',' ','1','0','2025-02-18 20:47:13','Kerrville','Kerr',78028),(466,'Joni','Breland','$2y$10$oQShp7NuNHSZ9FV2f.QZXe9TqVAY2HBFAxaCNlSUoXCNZKy7wtyMe',8475195906,'male',' ','1','0','2025-02-18 20:47:13','Elk Grove Village','Cook',60007),(467,'Vi','Rentfro','$2y$10$MzSFe3ibGT9V1o0RqYHoIuOvA5X7fJVfp4CH9.QgIq56Wg/S/Gh92',7326054781,'female',' ','1','1','2025-02-18 20:47:13','Freehold','Monmouth',7728),(468,'Colette','Kardas','$2y$10$MzSFe3ibGT9V1o0RqYHoIuOvA5X7fJVfp4CH9.QgIq56Wg/S/Gh92',4028965943,'male',' ','1','1','2025-02-18 20:47:13','Omaha','Douglas',68124),(469,'Malcolm','Tromblay','$2y$10$MzSFe3ibGT9V1o0RqYHoIuOvA5X7fJVfp4CH9.QgIq56Wg/S/Gh92',7032215602,'male',' ','1','1','2025-02-18 20:47:13','Annandale','Fairfax',22003),(470,'Ryan','Harnos','$2y$10$oQShp7NuNHSZ9FV2f.QZXe9TqVAY2HBFAxaCNlSUoXCNZKy7wtyMe',9725581665,'male',' ','1','0','2025-02-18 20:47:13','Plano','Collin',75075),(471,'Jess','Chaffins','$2y$10$MzSFe3ibGT9V1o0RqYHoIuOvA5X7fJVfp4CH9.QgIq56Wg/S/Gh92',2125104633,'male',' ','1','1','2025-02-18 20:47:13','New York','New York',10016),(472,'Sharen','Bourbon','$2y$10$oQShp7NuNHSZ9FV2f.QZXe9TqVAY2HBFAxaCNlSUoXCNZKy7wtyMe',5168161541,'male',' ','1','0','2025-02-18 20:47:13','Syosset','Nassau',11791),(473,'Nickolas','Juvera','$2y$10$oQShp7NuNHSZ9FV2f.QZXe9TqVAY2HBFAxaCNlSUoXCNZKy7wtyMe',3525988301,'male',' ','1','0','2025-02-18 20:47:13','Crystal River','Citrus',34429),(474,'Gary','Nunlee','$2y$10$MzSFe3ibGT9V1o0RqYHoIuOvA5X7fJVfp4CH9.QgIq56Wg/S/Gh92',3175426023,'female',' ','1','1','2025-02-18 20:47:13','Fortville','Hancock',46040),(475,'Diane','Devreese','$2y$10$oQShp7NuNHSZ9FV2f.QZXe9TqVAY2HBFAxaCNlSUoXCNZKy7wtyMe',8165579673,'male',' ','1','0','2025-02-18 20:47:13','Saint Joseph','Buchanan',64504),(476,'Roslyn','Chavous','$2y$10$oQShp7NuNHSZ9FV2f.QZXe9TqVAY2HBFAxaCNlSUoXCNZKy7wtyMe',6012349632,'male',' ','1','0','2025-02-18 20:47:13','Jackson','Hinds',39211),(477,'Glory','Schieler','$2y$10$MzSFe3ibGT9V1o0RqYHoIuOvA5X7fJVfp4CH9.QgIq56Wg/S/Gh92',3258692649,'female',' ','1','1','2025-02-18 20:47:13','Abilene','Taylor',79602),(478,'Rasheeda','Sayaphon','$2y$10$MzSFe3ibGT9V1o0RqYHoIuOvA5X7fJVfp4CH9.QgIq56Wg/S/Gh92',4088054309,'male',' ','1','1','2025-02-18 20:47:13','Saratoga','Santa Clara',95070),(479,'Alpha','Palaia','$2y$10$MzSFe3ibGT9V1o0RqYHoIuOvA5X7fJVfp4CH9.QgIq56Wg/S/Gh92',8563122629,'female',' ','1','1','2025-02-18 20:47:13','Cherry Hill','Camden',8003),(480,'Refugia','Jacobos','$2y$10$MzSFe3ibGT9V1o0RqYHoIuOvA5X7fJVfp4CH9.QgIq56Wg/S/Gh92',5109748671,'female',' ','1','1','2025-02-18 20:47:13','Hayward','Alameda',94545),(481,'Shawnda','Yori','$2y$10$oQShp7NuNHSZ9FV2f.QZXe9TqVAY2HBFAxaCNlSUoXCNZKy7wtyMe',4075385106,'female',' ','1','0','2025-02-18 20:47:13','Longwood','Seminole',32750),(482,'Mona','Delasancha','$2y$10$oQShp7NuNHSZ9FV2f.QZXe9TqVAY2HBFAxaCNlSUoXCNZKy7wtyMe',3074031488,'female',' ','1','0','2025-02-18 20:47:13','Cheyenne','Laramie',82001),(483,'Gilma','Liukko','$2y$10$MzSFe3ibGT9V1o0RqYHoIuOvA5X7fJVfp4CH9.QgIq56Wg/S/Gh92',5163939967,'male',' ','1','1','2025-02-18 20:47:13','Garden City','Nassau',11530),(484,'Janey','Gabisi','$2y$10$oQShp7NuNHSZ9FV2f.QZXe9TqVAY2HBFAxaCNlSUoXCNZKy7wtyMe',6089677194,'female',' ','1','0','2025-02-18 20:47:13','Madison','Dane',53715),(485,'Lili','Paskin','$2y$10$MzSFe3ibGT9V1o0RqYHoIuOvA5X7fJVfp4CH9.QgIq56Wg/S/Gh92',2014312989,'male',' ','1','1','2025-02-18 20:47:13','Kearny','Hudson',7032),(486,'Loren','Asar','$2y$10$oQShp7NuNHSZ9FV2f.QZXe9TqVAY2HBFAxaCNlSUoXCNZKy7wtyMe',5706483035,'female',' ','1','0','2025-02-18 20:47:13','Old Forge','Lackawanna',18518),(487,'Dorothy','Chesterfield','$2y$10$MzSFe3ibGT9V1o0RqYHoIuOvA5X7fJVfp4CH9.QgIq56Wg/S/Gh92',8586177834,'female',' ','1','1','2025-02-18 20:47:13','San Diego','San Diego',92126),(488,'Gail','Similton','$2y$10$MzSFe3ibGT9V1o0RqYHoIuOvA5X7fJVfp4CH9.QgIq56Wg/S/Gh92',7606165388,'male',' ','1','1','2025-02-18 20:47:13','Thousand Palms','Riverside',92276),(489,'Catalina','Tillotson','$2y$10$oQShp7NuNHSZ9FV2f.QZXe9TqVAY2HBFAxaCNlSUoXCNZKy7wtyMe',6093733332,'male',' ','1','0','2025-02-18 20:47:13','Margate City','Atlantic',8402),(490,'Lawrence','Lorens','$2y$10$oQShp7NuNHSZ9FV2f.QZXe9TqVAY2HBFAxaCNlSUoXCNZKy7wtyMe',4014656432,'female',' ','1','0','2025-02-18 20:47:13','Providence','Providence',2906),(491,'Carlee','Boulter','$2y$10$MzSFe3ibGT9V1o0RqYHoIuOvA5X7fJVfp4CH9.QgIq56Wg/S/Gh92',7853471805,'male',' ','1','1','2025-02-18 20:47:13','Abilene','Dickinson',67410),(492,'Thaddeus','Ankeny','$2y$10$MzSFe3ibGT9V1o0RqYHoIuOvA5X7fJVfp4CH9.QgIq56Wg/S/Gh92',9169203571,'male',' ','1','1','2025-02-18 20:47:13','Roseville','Placer',95678),(493,'Jovita','Oles','$2y$10$MzSFe3ibGT9V1o0RqYHoIuOvA5X7fJVfp4CH9.QgIq56Wg/S/Gh92',3862484118,'male',' ','1','1','2025-02-18 20:47:13','Daytona Beach','Volusia',32114),(494,'Alesia','Hixenbaugh','$2y$10$MzSFe3ibGT9V1o0RqYHoIuOvA5X7fJVfp4CH9.QgIq56Wg/S/Gh92',2026467516,'female',' ','1','1','2025-02-18 20:47:13','Washington','District of Columbia',20001),(495,'Lai','Harabedian','$2y$10$MzSFe3ibGT9V1o0RqYHoIuOvA5X7fJVfp4CH9.QgIq56Wg/S/Gh92',4154233294,'female',' ','1','1','2025-02-18 20:47:13','Novato','Marin',94945),(496,'Brittni','Gillaspie','$2y$10$oQShp7NuNHSZ9FV2f.QZXe9TqVAY2HBFAxaCNlSUoXCNZKy7wtyMe',2087091235,'male',' ','1','0','2025-02-18 20:47:13','Boise','Ada',83709),(497,'Raylene','Kampa','$2y$10$oQShp7NuNHSZ9FV2f.QZXe9TqVAY2HBFAxaCNlSUoXCNZKy7wtyMe',5744991454,'male',' ','1','0','2025-02-18 20:47:13','Elkhart','Elkhart',46514),(498,'Flo','Bookamer','$2y$10$MzSFe3ibGT9V1o0RqYHoIuOvA5X7fJVfp4CH9.QgIq56Wg/S/Gh92',3087262182,'female',' ','1','1','2025-02-18 20:47:13','Alliance','Box Butte',69301),(499,'Jani','Biddy','$2y$10$oQShp7NuNHSZ9FV2f.QZXe9TqVAY2HBFAxaCNlSUoXCNZKy7wtyMe',2067116498,'female',' ','1','0','2025-02-18 20:47:13','Seattle','King',98104),(500,'Chauncey','Motley','$2y$10$oQShp7NuNHSZ9FV2f.QZXe9TqVAY2HBFAxaCNlSUoXCNZKy7wtyMe',4074134842,'male',' ','1','0','2025-02-18 20:47:13','Orlando','Orange',32804);
/*!40000 ALTER TABLE `users` ENABLE KEYS */;
UNLOCK TABLES;
/*!40103 SET TIME_ZONE=@OLD_TIME_ZONE */;

/*!40101 SET SQL_MODE=@OLD_SQL_MODE */;
/*!40014 SET FOREIGN_KEY_CHECKS=@OLD_FOREIGN_KEY_CHECKS */;
/*!40014 SET UNIQUE_CHECKS=@OLD_UNIQUE_CHECKS */;
/*!40101 SET CHARACTER_SET_CLIENT=@OLD_CHARACTER_SET_CLIENT */;
/*!40101 SET CHARACTER_SET_RESULTS=@OLD_CHARACTER_SET_RESULTS */;
/*!40101 SET COLLATION_CONNECTION=@OLD_COLLATION_CONNECTION */;
/*!40111 SET SQL_NOTES=@OLD_SQL_NOTES */;

-- Dump completed on 2025-02-18 23:59:32
